Name des Begünstigten,Bezeichnung des Vorhabens,Jahr Bewilligung ,Jahr Projektende,Gewährte Beträge,bei Abschluss des Vorhabens gezahlte Gesamtbeträge
Bürgerhaus Gemeinschaftszentrum Obervieland,Beratungspier,2012,2013,,"9182,78"
Bürgerhaus Gemeinschaftszentrum Obervieland,Berufsorientierendes Beratungsangebot im BGO,2011,2011,,"9133,59"
Bürgerhaus Gemeinschaftszentrum Obervieland,Beratungspier für Berufseinsteiger,2013,2014,10000,
12Rounds GmbH,Self Defence im Jugendhaus,2010,2011,,"750,21"
Abakus-Naturkost,Ausbildungsverhältnis,2013,2014,4000,
Abakus-Naturkost,Ausbildungsverhältnis,2012,2013,,4000
AfJ e.V - Kinder- und Jugendhilfe Bremen,Fit für die Berufsausbildung,2008,2009,,"8328,86"
AfJ e.V - Kinder- und Jugendhilfe Bremen,Mädchen erkunden Medienberufe,2008,2009,,"2224,8"
"AGAB - Aktionsgemeinschaft arbeitsloser
Bürgerinnen und Bürger e.V.","Offene Beratungsstelle für Erwerbslose, Geringverdiener
und von Erwerbslosigkeit Bedrohte",2013,2014,543900,
"AGAB - Aktionsgemeinschaft arbeitsloser
Bürgerinnen und Bürger e.V.","Offene Beratung für Erwerbslose, Geringverdiener und von
Erwerbslosigkeit Bedrohte",2008,2010,"906768,84",
"AGAB - Aktionsgemeinschaft arbeitsloser
Bürgerinnen und Bürger e.V.","Offene Beratungsstelle für Erwerbslose, Geringverdiener
und von Erwerbslosigkeit Berohte 2011 und 2012",2011,2012,"700827,86",
Ahrens Hoch- und Tiefbau GmbH,Ausbildungsverhältnis,2012,2013,,5000
Akademie des Handwerks Unterweser e.V.,Ausbildungsverhältnis,2013,2014,4000,
Akademie Überlingen- N. Glasmeyer GmbH,"Injobs-ESF Akademie Überlingen- N. Glasmeyer GmbH
U65T, geförderte Beschäftigung",2011,2011,232848,
Aktion Kultur u. Freizeit für Huchting u. Grolland e.V.,"Persönliche Geschichten von Huchtinger Jugendlichen zu
den Menschenrechten",2009,2010,,9900
Aktion Kultur u. Freizeit für Huchting u. Grolland e.V.,"Ich kann was dafür tun, dass unsere Zukunft gerechter
wird!",2012,2013,7200,
Aktion Rückenwind für Leher Kinder e. V.,Mitmachbaustelle,2011,2011,,"9352,18"
Aktion Rückenwind für Leher Kinder e. V.,"Langzeitarbeitslose organisieren Mitmachbaustellen für
Kinder",2012,2013,"9983,34",
Ambulante Drogenhilfe gGmbH,"Info- und Psychoedukationsgruppe Kokain und
Amphetamine",2011,2011,,"2548,05"
Ambulante Drogenhilfe gGmbH,"Cannabis-Projekt im jobcenter für junge Arbeitlose bis 26
Jahre",2013,2014,"7392,96",
Ambulante Drogenhilfe gGmbH,"Gesundheitsbeförderung im Offenen Bereich des DHZ-
Nord",2011,2012,,"9965,31"
Anatoli Aman,Bremerhavener Gesichter bei der Arbeit,2013,2013,10000,
Anatoli Aman,Leher gestalten Kindergärten,2008,2009,,"9841,52"
Anatoli Aman,Bremerhaven malen ist ein Experiment,2011,2012,,10000
Anatoli Aman,Leher malen im Zoo,2010,2011,,"9903,87"
Andreas Carsch,Ausbildungsverhältnis,2012,2013,4000,
"Anja Meinl
Frisiersalon",Ausbildungsverhältnis,2012,2013,,1200
Annelen de Mora,"Internetauftritt, Marketing und Büroorganisation",2013,2014,10000,
Annelen de Mora,Neue Perspektiven für Jugendliche ohne Perspektive,2013,2014,10000,
Arbeit und Lernzentrum e.V.,Vier B,2012,2013,"19982,45",
Arbeit und Lernzentrum e.V.,"Bremen produktiv - integrativ Arbeit und Lernzentrum /
Angepackt und losgelegt",2008,2010,,"703134,73"
Arbeit und Lernzentrum e.V.,"Bremen produktiv - integrativ Arbeit und Lernzentrum /
Beschäftigung, Integration, Stadtentwicklung für Bremen-
Nord (BIS Bremen-Nord)",2008,2010,"2152378,87",
Arbeit und Lernzentrum e.V.,"Bremen produktiv - integrativ Arbeit und Lernzentrum /
Soziale Integration (integrativ)",2008,2010,"218706,07",
Arbeit und Lernzentrum e.V.,"Injobs-ESF alz U65SI11, geförderte Beschäftigung",2011,2011,105840,
Arbeit und Lernzentrum e.V.,"MOP. Arbeit und Lernzentrum e. V., ""Bremer Konsens im
Handwerk""; Modellprojekt geförderte Beschäftigung ab
08/2012",2012,2014,"119950,22",
Arbeit und Lernzentrum e.V.,"Injobs-ESF alz U65R11, geförderte Beschäftigung",2011,2011,134064,
Arbeit und Lernzentrum e.V.,AlsoNord,2013,2014,98000,
Arbeit und Lernzentrum e.V.,MiLo alz FAV,2012,2013,"8737,7",
Arbeit und Lernzentrum e.V.,"SVB.Z. Arbeit und Lernzentrum e. V., LaST ""Lager,
Spedition, Transport"", geförderte Beschäftigung",2011,2011,,"194799,32"
Arbeit und Lernzentrum e.V.,"SVB.V. Arbeit und Lernzentrum e. V., LiSa ""Lüssum - im
Stadtteil aktiv"", geförderte Beschäftigung",2011,2011,305592,
Arbeit und Lernzentrum e.V.,"SVB.O. Arbeit und Lernzentrum e. V., ""Stadt-Spiel"",
geförderte Beschäftigung",2011,2012,,"332452,2"
Arbeit und Lernzentrum e.V.,"MAE. Arbeit und Lernzentrum e. V.,  T-Recx ""Textiles
Recycling"", geförderte Beschäftigung",2011,2013,350880,
Arbeit und Lernzentrum e.V.,Dienstleistungszertifikat in Lüssum,2009,2010,,"5903,62"
Arbeit und Lernzentrum e.V.,"Injobs-ESF MAE.U65R. Arbeit und Lernzentrum e. V.,
""Regionales Netzwerk Nord"", geförderte Beschäftigung ab
26.03.2012",2012,2012,88002,
Arbeit und Lernzentrum e.V.,AlsoNord,2011,2012,"133039,02",
Arbeit und Lernzentrum e.V.,Arbeitslosen- und Sozialberatung Nord,2008,2010,,"237394,85"
Arbeit und Lernzentrum e.V.,"MAE. Arbeit und Lernzentrum e. V., ""T-Recx""; geförderte
Beschäftigung ab 02/2013",2013,2014,102339,
Arbeit und Lernzentrum e.V.,"MAE.U65R. Arbeit und Lernzentrum e. V., ""Regionales
Netzwerk - Netz Nord""; geförderte Beschäftigung ab
02/2013",2013,2014,487458,
Arbeiterwohlfahrt Kreisverband Bremerhaven e.V.,SO KO Grünhöfe,2011,2012,,2530
Arbeitsförderungs-Zentrum im Lande Bremen GmbH,ZIB- Frau und Beruf,2012,2014,"500572,12",
Arbeitsförderungs-Zentrum im Lande Bremen GmbH,Projektbüro Tourismus,2008,2010,,"491087,1"
Arbeitsförderungs-Zentrum im Lande Bremen GmbH,"""Frauen im Aufwind"" Qualifizierungsprojekt für Frauen 50+
ohne Leistungsbezug",2008,2010,"323185,68",
Arbeitsförderungs-Zentrum im Lande Bremen GmbH,"MAE, Fehlbedarf, Perspektive Kita, AFZ",2011,2014,"704014,01",
Arbeitsförderungs-Zentrum im Lande Bremen GmbH,afz Beratung,2011,2013,"1807689,92",
Arbeitsförderungs-Zentrum im Lande Bremen GmbH,"Beratung und Stadtteilentwicklung ""Lehe-Grünhöfe-
Leherheide""",2008,2010,,"1817517,64"
Arbeitsförderungs-Zentrum im Lande Bremen GmbH,Kita: Arbeit - Bildung - Perspektiven für Beschäftigte,2008,2010,"520063,85",
Arbeitsförderungs-Zentrum im Lande Bremen GmbH,Kita: Arbeit - Bildung - Perspektiven für Arbeitslose,2008,2010,"1156339,39",
Arbeitsförderungs-Zentrum im Lande Bremen GmbH,Regiestelle TZ-Umschulung,2012,2013,"84055,38",
Arbeitsförderungs-Zentrum im Lande Bremen GmbH,"Frauen im Aufwind - Qualifizierungsprojekt für Frauen ohne
Leistungsbezug",2011,2013,"406384,59",
ArBiS Bremen gGmbH,"Bremen produktiv - integrativ ArBiS Bremen / Soziale und
Arbeitsintegration (integrativ)",2008,2010,,"239182,48"
ArBiS Bremen gGmbH,"MAE. ArBiS Bremen gGmbH, ""Soziale und
Arbeitsintegration für Menschen mit persönlichen
Einschränkungen und Leistungshemmnissen"", geförderte",2011,2013,601300,
"AS Abrechnungsstelle
für Heil-, Hilfs-, u. Pflegeberufe GmbH",Ausbildungsverhältnis,2013,2014,5000,
"AUCOOP
Handwerks- und Ausbildungskooperative Bremen eV.","Injobs-ESF Aucoop/Lagerhaus U65R11, geförderte
Beschäftigung",2011,2011,,"204053,69"
"AUCOOP
Handwerks- und Ausbildungskooperative Bremen eV.","Injobs-ESF MAE.U65R. AUCOOP Bremen e. V.,
""Regionales Netzwerk Mitte"", geförderte Beschäftigung ab
26.03.2012",2012,2012,"138521,67",
"AUCOOP
Handwerks- und Ausbildungskooperative Bremen eV.","MAE.U65R. AUCOOP e. V., ""Regionales Netzwerk - Netz
Mitte""; geförderte Beschäftigung ab 02/2013",2013,2014,451350,
"AUCOOP
Handwerks- und Ausbildungskooperative Bremen eV.",Ausbildungsverhältnis,2012,2013,5000,
August Fiedler,Ausbildungsverhältnis,2012,2013,,4000
August Fiedler,Ausbildungsverhältnis,2012,2013,,4000
Aus- und Fortbildungszentrum der FHB (AFZ),Ausbildungsverhältnis,2012,2013,5000,
Ausbildungspool Bremerhaven e.V.,B-Ausbildungspool (Schaffung von Ausbildungsplätzen),2008,2012,"740266,47",
Ausbildungspool Bremerhaven e.V.,Ausbildungsverhältnis,2013,2014,3000,
Ausbildungspool Bremerhaven e.V.,Ausbildungsverhältnis,2013,2014,3000,
Ausbildungspool Bremerhaven e.V.,Ausbildungsverhältnis,2013,2014,3000,
Ausbildungspool Bremerhaven e.V.,Ausbildungsverhältnis,2013,2014,3000,
Ausbildungspool Bremerhaven e.V.,Ausbildungsverhältnis,2013,2014,3000,
Ausbildungsverbund Bremerhaven gGmbH,"B-Ausbildung und Qualifizierung im Verbund - Zukunft im
Metallgewerbe; AuQuaM",2008,2010,,"328225,36"
Aussiedler-Freizeit-Treff e. V. Blockdiek,"Berufliche Motivation für Menschen mit
Migrationshintergrund",2010,2010,,4000
Aussiedler-Freizeit-Treff e. V. Blockdiek,"Unterstützung bei der Suche nach Arbeitsplätzen für
langzeitarbeitslose Erwachsene und Jugendliche",2012,2013,,4085
Aussiedler-Freizeit-Treff e. V. Blockdiek,"Selbstbewußtsein und Chansenverbesserung für
Berufseinstieg",2009,2009,,4844
Aussiedler-Freizeit-Treff e. V. Blockdiek,Suche nach Praktikumsplätzen für Fachabiturienten,2011,2012,,4000
Auto-Center Horn GmbH,Ausbildungsförderung,2013,2014,4000,
Autohaus H. Hinte GmbH,Ausbildungsverhältnis,2013,2014,4000,
Autoteilevertrieb Heise u. Klatte GmbH,Ausbildungsverhältnis,2013,2014,5000,
AWO - Kreisverband Bremen e. V.,pro KiTa II,2008,2008,,"55186,36"
AWO - Kreisverband Bremen e. V.,pro KiTa II,2008,2008,,"119045,65"
AWO - Kreisverband Bremen e. V.,Bewerbungstraining und Berufsvorbereitung für Jugendliche,2008,2009,,"3017,46"
AWO - Kreisverband Bremen e. V.,"Hausaufgabenhilfe für benachteiligte Schüler und
Auszubildende mit Migrationshintergrund.",2010,2011,,"3319,45"
AWO - Kreisverband Bremen e. V.,B-KoMPart,2008,2010,"209454,46",
AWO - Kreisverband Bremen e. V.,"HIN - ""Helfer/in in der Nachbarschaft"" Integrationshilfe
durch berufliche Qualifizierung",2009,2009,,"9063,15"
AWO - Kreisverband Bremen e. V.,"BuS - Berufsorientierung und Sprachkompetenzerweiterung
für Migranten",2008,2009,,"9748,83"
AWO Pflegedienste GmbH,B-Altenpflegeausbildung,2008,2011,"911364,4",
AWO Sozialdienste GmbH,EMMI,2008,2010,,"232496,74"
AWO Sozialdienste GmbH,HIPPY für Lehe,2010,2011,,"8057,83"
AWO Sozialdienste GmbH,MiLo AWO Bhv FAV,2013,2013,"2288,96",
AWO Sozialdienste GmbH,QUIS,2008,2010,,"1198690,04"
AWO Sozialdienste GmbH,KAJE - Kwallie aktiviert junge Erwerbslose,2008,2010,,"435982,12"
AWO Sozialdienste GmbH,LOS mobil,2008,2009,,"7602,79"
AWO Sozialdienste GmbH,"MAE. AWO Sozialdienste GmbH Bremerhaven, ""Lene"",
geförderte Beschäftigung",2011,2012,,"215892,86"
AWO Sozialdienste GmbH,MAE Emmi,2011,2012,103197,
AWO Sozialdienste GmbH,"MAE. AWO Sozialdienste GmbH Bremerhaven, ""Karo"",
geförderte Beschäftigung",2011,2012,,"176721,2"
AWO Sozialdienste GmbH,Zukunftswerkstatt,2011,2012,,"8758,81"
AWO Sozialdienste GmbH,SILA=STÄRKE,2011,2012,,"3821,99"
AWO Sozialdienste GmbH,Die Nadel rennt,2012,2013,,"7272,97"
AWO Sozialdienste GmbH,Chor ohne Grenzen,2012,2013,,"8311,4"
AWO Sozialdienste GmbH,"FOR. MAE. AWO Sozialdienste GmbH Bremerhaven,
""Gesamtprojekt PaRoLe"", geförderte Beschäftigung ab
04/2012",2012,2014,539165,
AWO Sozialdienste GmbH,HIPPY für Familien in Leherheide,2013,2013,"9945,2",
AWO Soziale Dienste gemeinnützige GmbH,"Eigenständiges, offenes Qualifizierungsangebot im
Jugendcafé Hafen Höft",2013,2014,"5278,68",
AWO Soziale Dienste gemeinnützige GmbH,Übergangslotsen,2013,2014,8831,
AWO Soziale Dienste gemeinnützige GmbH,Die Jugend mit Zukunft,2012,2013,"4079,5",
AWO Soziale Dienste gemeinnützige GmbH,"Injobs-ESF AWO U65T11, geförderte Beschäftigung",2011,2011,128982,
AWO Soziale Dienste gemeinnützige GmbH,"Hausaufgabenhilfe für Schüler und Azubis mit
Migrationshintergrund",2011,2012,"5155,92",
Bäckerei Wattenberg,Ausbildungsverhältnis,2012,2013,,3000
Bäckerei Wilfried Schnaare,Ausbildungsverhältnis,2013,2014,3000,
Bahri Günay,Integration und Alphabetisierungstraining,2013,2013,7000,
Bahri Günay,Alphabetisierungstraining für Eltern,2012,2012,,7000
Barbara Giehler,Medienkompetenz sinnvoll und effektiv nutzen,2008,2009,,"6622,84"
Behrens Baugeschäft GmbH,Ausbildungsverhältnis,2012,2013,,5000
Berufliche Bildung Bremerhaven,"Verbundausbildung ""WIND""",2013,2014,"519109,56",
Berufliche Bildung Bremerhaven,"B-Ausbildung zum Elektroniker/-in für Betriebstechnik mit
Spezifikation für den Bereich Windenergie",2008,2013,"1837887,32",
Berufliche Bildung Bremerhaven,Känguru,2008,2012,"967795,36",
Berufliche Bildung Bremerhaven,"Frau, Schule und Beruf - Coaching für einen
Schulabschluss und Entwicklung einer Berufsperspektive",2010,2014,"596009,99",
Berufliche Bildung Bremerhaven,Frau und Schule und Beruf,2008,2010,,"182374,76"
Berufliche Bildung Bremerhaven,BerEB-Ink - Berufseinstiegsbegleitung mit Inklusionsansatz,2013,2014,"49645,42",
"Berufsfortbildungswerk - Gemeinnützige
Bildungseinrichtung des DGB GmbH (bfw)",FAMakqua,2008,2009,,"118818,83"
"Berufsfortbildungswerk - Gemeinnützige
Bildungseinrichtung des DGB GmbH (bfw)",Kunststoffzentrum Bremerhaven- Beschäftigte,2008,2011,"55940,71",
"Berufsfortbildungswerk - Gemeinnützige
Bildungseinrichtung des DGB GmbH (bfw)",SIBS-NELE,2008,2011,"902544,25",
"Berufsfortbildungswerk - Gemeinnützige
Bildungseinrichtung des DGB GmbH (bfw)","TSCHOB II - Training von Schlüsselqualifikationen als EDV-
einzelcoaching-on-the-job für Bremer Beschäftigte 48+ in
KMU",2008,2010,"259682,34",
"Berufsfortbildungswerk - Gemeinnützige
Bildungseinrichtung des DGB GmbH (bfw)","Chance III Vorqualifizierung in handwerklichen Berufen in
der JVA",2009,2010,,"57912,11"
"Berufsfortbildungswerk - Gemeinnützige
Bildungseinrichtung des DGB GmbH (bfw)",Prima Klima (BQ),2008,2010,,"90910,56"
"Berufsfortbildungswerk - Gemeinnützige
Bildungseinrichtung des DGB GmbH (bfw)",Prima Klima (BBQ),2008,2011,"315053,85",
"Berufsfortbildungswerk - Gemeinnützige
Bildungseinrichtung des DGB GmbH (bfw)",Kunststoffzentrum Bremerhaven-Arbeitslose,2008,2011,"2053039,15",
"Berufsfortbildungswerk - Gemeinnützige
Bildungseinrichtung des DGB GmbH (bfw)",Service-Techniker-Wind 2008-2010   -STW- Beschäftigte,2008,2011,"382700,71",
"Berufsfortbildungswerk - Gemeinnützige
Bildungseinrichtung des DGB GmbH (bfw)",Service-Techniker-Wind 2008-2010  -STW- Arbeitslose,2008,2011,"2827213,93",
"Berufsfortbildungswerk - Gemeinnützige
Bildungseinrichtung des DGB GmbH (bfw)",Chance IV - EDV Bremerhaven,2011,2014,"312484,88",
"Berufsfortbildungswerk - Gemeinnützige
Bildungseinrichtung des DGB GmbH (bfw)",CHANCE III EDV HB und Brhv (Männer und Frauen),2008,2010,,"368750,08"
"Berufsfortbildungswerk - Gemeinnützige
Bildungseinrichtung des DGB GmbH (bfw)",A-PAMI,2008,2010,,"179353,56"
"Berufsfortbildungswerk - Gemeinnützige
Bildungseinrichtung des DGB GmbH (bfw)",SIBS aktiv,2011,2014,"1497060,99",
"Berufsfortbildungswerk - Gemeinnützige
Bildungseinrichtung des DGB GmbH (bfw)",Service Technik Wind 2011-2013/14,2011,2014,"1270568,3",
"Berufsfortbildungswerk - Gemeinnützige
Bildungseinrichtung des DGB GmbH (bfw)",Service Technik Wind 2011-2013/14,2011,2014,"509185,72",
"Bestform-Coaching
Angela von Düszeln",Ferienintensivkurs,2012,2012,,"1189,62"
"BIBA
Bremer Institut f. Betriebstechnik u. angew.
Arbeitswissenschaft","Robotik in der Logistik - zielgruppenspezifische
Weiterbildung für Fachkräfte und entscheidungsträgerInnen
(RobidLOG)",2013,2014,"308602,86",
Bildung für eine Welt e.V.,Ich spreche Deutsch,2013,2014,9996,
Bildung für eine Welt e.V.,Interkulturelle Begegnungen mit Sprachförderung,2010,2010,,"9874,93"
Bildung für eine Welt e.V.,Auf Deutsch bitte!,2012,2013,,"9998,6"
Bildung für eine Welt e.V.,Deutsch im Beruf,2008,2009,,10000
Bildung für eine Welt e.V.,Fremde Sprache Deutsch,2011,2012,,10000
Bildungszentrum der Wirtschaft im Unterwesergebiet e.V,Diversity in der Polizei,2008,2009,,"49959,7"
Bildungszentrum der Wirtschaft im Unterwesergebiet e.V,B-Exam - Bremer Ausbildungsbüro (Exam 2009),2009,2009,,"38452,8"
Bildungszentrum der Wirtschaft im Unterwesergebiet e.V,girls4technic,2012,2014,"257435,94",
Bildungszentrum der Wirtschaft im Unterwesergebiet e.V,Ausbildungsbüro,2012,2014,"292464,42",
Bildungszentrum der Wirtschaft im Unterwesergebiet e.V,Perspektive Ausbildung II,2010,2011,"92845,38",
Bildungszentrum der Wirtschaft im Unterwesergebiet e.V,B-AiBB - PLUS,2008,2012,"687611,46",
Blaue Karawane e.V.,"MAE. Blaue Karawane e. V., ""Integration vier"", geförderte
Beschäftigung ab 02/2013",2013,2014,111792,
Blaue Karawane e.V.,"MAE. Blaue Karawane e. V., ""Integration - kreativ 2"" ein
Projekt der Blauen Karawane, geförderte Beschäftigung",2011,2013,295840,
Blaue Karawane e.V.,Wohnen-Leben-Arbeiten in der Überseestadt,2008,2009,,"7278,88"
bras e. V. - arbeiten für bremen,MOP HASA Walle,2012,2014,"76703,34",
bras e. V. - arbeiten für bremen,"Bremen produktiv - integrativ BRAS / Bremer Geschichte
(integrativ)",2008,2010,,"115857,82"
bras e. V. - arbeiten für bremen,Bremen produktiv - integrativ BRAS / Bremer Geschichte,2008,2010,,"5520754,19"
bras e. V. - arbeiten für bremen,Bremen produktiv - integrativ BRAS / Tenever,2008,2010,,"1171277,17"
bras e. V. - arbeiten für bremen,"Bremen produktiv - integrativ BRAS / Miteinander in
Huchting",2008,2010,,"1095793,66"
bras e. V. - arbeiten für bremen,"Injobs-ESF BRAS U65R11 Netzwerk Ost (Tenever, Vahr,
Blockdiek); geförderte Beschäftigung",2011,2011,,"101265,47"
bras e. V. - arbeiten für bremen,"Injobs-ESF BRAS U65R11 Netzwerk Nord (Marßel) 30 TN,
277,-- € Pauschale, geförderte Beschäftigung",2011,2011,,"51197,93"
bras e. V. - arbeiten für bremen,"Injobs-ESF BRAS U65T11 Netzwerk Sprache; geförderte
Beschäftigung",2011,2011,,"25398,37"
bras e. V. - arbeiten für bremen,"Injobs-ESF BRAS U65R11 Netzwerk Süd (HAI), geförderte
Beschäftigung",2011,2011,,"161663,09"
bras e. V. - arbeiten für bremen,"Injobs-ESF BRAS U65T11 Netzwerk Bildung; geförderte
Beschäftigung",2011,2011,,"92812,93"
bras e. V. - arbeiten für bremen,"SVB.Q. bras e. V., ""bras in Tenever"", geförderte
Beschäftigung",2011,2012,,"347585,06"
bras e. V. - arbeiten für bremen,"MAE. bras e. V., ""Bremer Geschichte - Integration von
psychisch beeingträchtigten Menschen"", geförderte
Beschäftigung",2011,2013,"347207,12",
bras e. V. - arbeiten für bremen,"SVB.O. bras e. V., ""Bremer Geschichte - live dabei!"",
geförderte Beschäftigung",2011,2012,,"611646,03"
bras e. V. - arbeiten für bremen,"SVB.Q. bras e. V., ""bras in Huchting- Klönhof/Hermine"",
geförderte Beschäftigung",2011,2012,"291558,12",
bras e. V. - arbeiten für bremen,"SVB.V. bras e. V., ""Netzwerk Hai -
sozialversicherungspflichtige Beschäftigung"", geförderte
Beschäftigung",2011,2012,,"343680,24"
bras e. V. - arbeiten für bremen,"SVB.V. bras e. V., ""Netzwerk Tenever/Vahr/Ellenerbrok-
Schevemoor - sozialversicherungspflichtige
Beschäftigung"", geförderte Beschäftigung",2011,2012,,"420242,96"
bras e. V. - arbeiten für bremen,MiLo bras FAV,2012,2013,"10764,53",
bras e. V. - arbeiten für bremen,"MAE. bras e. V., ""Bremer Geschichte""; geförderte
Beschäftigung ab 02/2013",2013,2014,139740,
bras e. V. - arbeiten für bremen,"MAE.U65R bras e. V., ""Regionales Netzwerk - Netzwerk
Huchtinger Arbeitsinitiative""; geförderte Beschäftigung ab
02/2013",2013,2014,803403,
bras e. V. - arbeiten für bremen,Jugend Informations- und Beratungsstelle Bremen Nord,2008,2010,,216710
bras e. V. - arbeiten für bremen,"MAE.U65R bras e. V., ""Regionales Netzwerk - Netzwerk
Tenever""; geförderte Beschäftigung ab 02/2013",2013,2014,559674,
bras e. V. - arbeiten für bremen,"MAE.U65R bras e. V., ""Regionales Netzwerk - Netzwerk
Marßel""; geförderte Beschäftigung ab 02/2013",2013,2014,"335416,27",
bras e. V. - arbeiten für bremen,"SVB.O. bras e.V, ""Holz Walle"", geförderte Beschäftigung
ab 06/2013",2013,2014,"151351,4",
bras e. V. - arbeiten für bremen,"SVB.O. bras e.V., ""GaLa FAV"", geförderte Beschäftigung
ab 06/2013",2013,2014,67262,
bras e. V. - arbeiten für bremen,"FOR. SVB.O. bras. e. V., ""Bremer Geschichte - live
dabei!"", geförderte Beschäftigung ab 04/2012",2012,2014,758816,
bras e. V. - arbeiten für bremen,"FOR. SVB.V. bras e. V., ""Neztwerk Hai -
sozialversicherungspflichtige Beschäftigung"", geförderte
Beschäftigung ab 04/2012",2012,2014,"60532,03",
bras e. V. - arbeiten für bremen,"Injobs-ESF MAE.U65R. bras e. V., ""Regionales Netzwerk
Süd (HAI)"", geförderte Beschäftigung ab 26.03.2012",2012,2012,136892,
bras e. V. - arbeiten für bremen,"Injobs-ESF MAE.U65R bras e. V., ""Regionales Netzwerk
Nord (Marßel)"", geförderte Beschäftigung ab 26.03.2012",2012,2012,48890,
bras e. V. - arbeiten für bremen,"Injobs-ESF MAE.U65R bras e. V., ""Regionales Netzwerk
Ost (Tenever, Vahr, Blockdiek)"", geförderte Beschäftigung
ab 26.03.2012",2012,2012,"101039,33",
bras e. V. - arbeiten für bremen,Bremen produktiv - integrativ BRAS / CREW,2009,2010,,"645191,75"
Brefunk,Ausbildungsverhältnis,2012,2013,4000,
Brefunk,Ausbildungsverhältnis,2013,2014,4000,
Bremer Bootsbau Vegesack gGmbH,"SVB.O. BBV Bremer Bootsbau Vegesack, ""Schiff Ahoi!""
Vorwärts im Bremer Norden - ein Beitrag zur maritim-
touristischen Erschließung Vegesacks"", geförderte",2011,2011,,"488388,54"
Bremer Bootsbau Vegesack gGmbH,"Bremen produktiv - integrativ Bremer Bootsbau /
Ökologische Anforderungen",2008,2010,"3890601,38",
Bremer Heimstiftung - Schule für Altenpflege,B-Schulverbund der Altenpflegeschulen in Bremen,2008,2011,"1229027,07",
"Bremer Volkshochschule
Eigenbetrieb der Stadtgemeinde Bremen",Deutschkurs für ausländische Frauen mit Kinderbetreuung,2008,2009,,"6337,97"
"Bremer Volkshochschule
Eigenbetrieb der Stadtgemeinde Bremen","Fortbildung ""Interkulturelle Kompetenz für Multiplikatoren""",2010,2010,,"7635,4"
"Bremer Volkshochschule
Eigenbetrieb der Stadtgemeinde Bremen","Fortbildung ""Interkulturelle Kompetenz für Multiplikatoren II""",2011,2011,,"4002,14"
"Bremer Volkshochschule
Eigenbetrieb der Stadtgemeinde Bremen",Bewerbungstraining für jugendliche MigrantInnen,2009,2009,,"2940,09"
"Bremer Volkshochschule
Eigenbetrieb der Stadtgemeinde Bremen","Deutschkurs / Einstieg Deutsch für ausländische Mütter mit
Kinderbetreuung",2009,2009,,"6494,87"
"Bremer Volkshochschule
Eigenbetrieb der Stadtgemeinde Bremen",Nähwerkstatt,2012,2013,"5279,6",
"Bremer Volkshochschule
Eigenbetrieb der Stadtgemeinde Bremen",Nähen und Deutsch lernen,2011,2012,,"3581,5"
"Bremer Volkshochschule
Eigenbetrieb der Stadtgemeinde Bremen",Grundlagen der EDV - Computerkurs für Frauen,2013,2014,"6204,8",
"Bremer Volkshochschule
Eigenbetrieb der Stadtgemeinde Bremen",Deutschkurs für Mütter KiTA- Heilig- Geist- Kirche,2013,2014,7273,
"Bremer Volkshochschule
Eigenbetrieb der Stadtgemeinde Bremen",Deutschkurs für Mütter Grundschule Paul-Singer-Straße,2013,2014,"4894,8",
"Bremer Volkshochschule
Eigenbetrieb der Stadtgemeinde Bremen","ALPHA - LOS Alphabetisierung von Erwachsenen im Land
Bremen",2012,2014,"94178,29",
"Bremer Volkshochschule
Eigenbetrieb der Stadtgemeinde Bremen",Wege in die Stadt,2011,2012,,6800
"Bremer Volkshochschule
Eigenbetrieb der Stadtgemeinde Bremen",Wege in die Stadt,2009,2010,,"6407,48"
"Bremer Volkshochschule
Eigenbetrieb der Stadtgemeinde Bremen",Deutschkurs Stufe II für Mütter mit Kinderbetreuung,2010,2011,,"9216,1"
"Bremer Volkshochschule
Eigenbetrieb der Stadtgemeinde Bremen","Computergrundkurs für junge Mütter, mit Kinderbetreuung",2010,2011,,820
"Bremer Volkshochschule
Eigenbetrieb der Stadtgemeinde Bremen",Deutschkurse für Mütter,2012,2012,,"8553,64"
"Bremer Volkshochschule
Eigenbetrieb der Stadtgemeinde Bremen","Orientierungskurs: Deutsch und gesellschaftliches
Grundwissen für Migrantinnen.",2008,2009,,"2285,97"
"Bremer Volkshochschule
Eigenbetrieb der Stadtgemeinde Bremen",Bewerbungstraining für jugendliche Migrantinnen,2008,2009,,"3433,49"
"Bremer Volkshochschule
Eigenbetrieb der Stadtgemeinde Bremen",Deutschkurs für Mütter Grundschule Paul-Singer-Straße,2013,2013,"5506,6",
"Bremer Volkshochschule
Eigenbetrieb der Stadtgemeinde Bremen",Deutschkurs für Mütter KiTa Heilig-Geist-Kirche,2013,2013,"7643,87",
"Bremer Volkshochschule
Eigenbetrieb der Stadtgemeinde Bremen","Deutsch lernen für Familie und Beruf, Kurs für Mütter mit
Kinderbetreuung",2011,2012,,"9823,03"
"Bremerhavener Beschäftigungsgesellschaft Unterweser
mbH",MiLo bbu FAV,2012,2013,"72553,39",
"Bremerhavener Beschäftigungsgesellschaft Unterweser
mbH",BBU GT,2008,2010,,"2349077,83"
"Bremerhavener Beschäftigungsgesellschaft Unterweser
mbH",Fischereihafen,2008,2010,,"3038595,66"
"Bremerhavener Beschäftigungsgesellschaft Unterweser
mbH",Sprungbrett,2008,2011,,"538591,28"
"Bremerhavener Beschäftigungsgesellschaft Unterweser
mbH","MOP. Bremerhavener Beschäftigungsgesellschaft
Unterweser mbH (BBU), ""Sozialkaufhaus FUNDUS II"",
Modellprojekt geförderte Beschäftigung ab 09/2012",2012,2014,"276160,96",
"Bremerhavener Beschäftigungsgesellschaft Unterweser
mbH","MAE ""APRIL"" BBU GmbH",2011,2012,,"506280,18"
"Bremerhavener Beschäftigungsgesellschaft Unterweser
mbH","FOR. MAE. Bremerhavenver Beschäftigungsgesellschaft
Unterweser mbH (BBU), ""APRIL"", geförderte
Beschäftigung ab 04/2012",2012,2014,878570,
"Bremerhavener Beschäftigungsgesellschaft Unterweser
mbH","FOR. SVB.O. Bremerhavener Beschäftigungsgesellschaft
Unterweser mbH (BBU), ""Pro Tourismus"", geförderte
Beschäftigung ab 04/2012",2012,2014,"1210429,61",
"Bremerhavener Beschäftigungsgesellschaft Unterweser
mbH","SVB.O. Bremerhavener Beschäftigungsgesellschaft
Unterweser mbH (BBU), ""Pro Handwerk"", geförderte
Beschäftigung",2011,2012,,"252947,54"
"Bremerhavener Beschäftigungsgesellschaft Unterweser
mbH",SVB.O  Pro Tourismus,2011,2012,,"385615,06"
"Bremerhavener Beschäftigungsgesellschaft Unterweser
mbH","MAE. Fundus, BBU GmbH",2011,2012,,"109038,2"
Bremische Evangelische Kirche,Offene Beratung,2008,2010,,"178142,7"
Bremische Evangelische Kirche,"RAZ- Ran an die Zukunft- Berufsorientierung und
Lebensplanung für Jugendliche im Übergang Schule/ Beruf",2008,2010,,"123483,06"
Bremische Evangelische Kirche,Offene Beratung,2011,2012,116000,
Bremische Evangelische Kirche,Offene Beratung,2013,2014,86606,
BUB - Bremer Umweltberatung e.V.,Schulung von Umweltlotsen in Lüssum,2013,2013,"8429,5",
BUB - Bremer Umweltberatung e.V.,Schulung von Umweltlotsen,2012,2012,"7795,1",
Bürger- und Sozialzentrum Huchting e.V.,Deutschkurs für Frauen,2008,2009,,3084
Bürgerhaus Oslebshausen e.V.,Tauchprojekt 2009,2009,2009,,3895
Bürgerhaus Oslebshausen e.V.,Tauchprojekt zur Gewaltprävention,2008,2008,,7680
Bürgerhaus Oslebshausen e.V.,Folge-Tauschprojekt Gröpelingen 2010,2010,2010,,3885
Bürgerzentrum Neue Vahr,Integration arbeitsloser Menschen,2008,2009,,"2410,59"
"Caritasverband für Bremerhaven
und den Landkreis Cuxhaven",Caribiff / Berufliche Integration für Frauen,2008,2009,,"8403,02"
"Caritasverband für Bremerhaven
und den Landkreis Cuxhaven","Auf die Plätze, fertig, los! Frauen gehen an den Start!",2009,2010,,"5412,07"
Caritasverband für das Dekanat Bremen Nord e.V.,"PC-Kurs für jugendliche und junge erwachsene
Migranten/innen",2009,2010,,"3967,47"
Caritasverband für das Dekanat Bremen Nord e.V.,"Schulvermeiderprojekt/Elternarbeit mit Roma-Familien in
Bremen-Nord",2008,2009,,"19288,58"
Caritasverband für das Dekanat Bremen Nord e.V.,"PC-Kurs für jugendliche und junge erwachsene Migranten/-
innen",2010,2010,,"3677,88"
Claudia Maurer,Neustart für Powerfrauen,2008,2009,,10000
comeback gmbh,Stärkung der Lernkompetenzen,2010,2011,,9310
comeback gmbh,"SVB.V. Comeback GmbH, ""AGH-E Netzwerk West"",
geförderte Beschäftigung",2011,2011,,"144265,15"
comeback gmbh,Stärkung der Lernkompetenzen,2011,2012,,"9308,9"
comeback gmbh,Berufsorientierung für Jugendliche und junge Erwachsene,2008,2009,,"6444,91"
comeback gmbh,Kreativwerkstatt,2013,2014,10000,
comeback gmbh,"Injobs-ESF Comeback U65R11, geförderte Beschäftigung",2011,2011,,"161394,18"
comeback gmbh,Berufsorientierung für Jugendliche und junge Erwachsene,2009,2010,,"8989,58"
comeback gmbh,Stärkung der Lernkompetenzen von Jugendlichen,2012,2013,9310,
comeback gmbh,"Bremen produktiv - integrativ Comeback GmbH / Wilder
Westen (integrativ)",2008,2010,,"461955,94"
comeback gmbh,"Injobs-ESF MAE.U65R comeback gmbh, ""Regionales
Netzwerk West"", geförderte Beschäftigung ab 26.03.2012",2012,2012,"149929,33",
comeback gmbh,Bremen produktiv - integrativ  Comeback / Café Abseits,2009,2010,,"125570,74"
comeback gmbh,Schulung elterlicher Kompetenz,2008,2009,,"2533,55"
Competence-Pool e.V.,Neue Wege in Arbeit finden,2008,2009,,"8100,87"
Creation Sitterz,Ausbildungsverhältnis,2013,2014,3000,
Dachdeckerei Cummerow,Ausbildungsverhältnis,2013,2014,4000,
Das Bremer Brötchen,Ausbildungsverhältnis,2012,2013,3000,
DEKRA Akademie GmbH,Perspektive Logistik-Arbeitslose,2008,2010,,"350552,22"
DEKRA Akademie GmbH,Perspektive Logistik-Beschäftigte,2008,2010,,"52595,24"
Der Eismacher,Ausbildungsbeginn,2013,2014,3000,
"Der Senator für Wirtschaft, Arbeit und Häfen
Abteilung 2
Referat bba",Weiter mit Bildung und Beratung - Weiterbildungsberatung,2012,2014,"479443,1",
"Deutscher Kinderschutzbund
LV Bremen e.V.",familiennetz bremen bremerhaven,2008,2010,"553894,78",
Deutsches Rotes Kreuz - Kreisverband Bremen e. V.,Be-SSer 2010,2010,2011,,"5845,56"
Deutsches Rotes Kreuz - Kreisverband Bremen e. V.,"""Integration durch Teilhabe"" Lotsendienst für Romafamilien",2010,2010,,"4917,03"
Deutsches Rotes Kreuz - Kreisverband Bremen e. V.,"Anglunipe - Integrationsbegleitung und soziale Betreuung
von Roma-Frauen und ihren Familien (Schwellenängste
überwinden lernen)",2009,2010,,"9672,35"
Deutsches Rotes Kreuz - Kreisverband Bremen e. V.,A-BeLeM,2008,2011,"704024,46",
Deutsches Rotes Kreuz - Kreisverband Bremen e. V.,B-Spagat,2008,2011,"221911,89",
Deutsches Rotes Kreuz - Kreisverband Bremen e. V.,ProMotion,2008,2011,"1753148,88",
Deutsches Rotes Kreuz - Kreisverband Bremen e. V.,Deutschsprachkurs für Migrantinnen,2008,2009,,"1931,63"
Deutsches Rotes Kreuz - Kreisverband Bremen e. V.,KidZ 2009,2009,2011,"516151,4",
Deutsches Rotes Kreuz - Kreisverband Bremen e. V.,JUWEL,2011,2012,"1241984,24",
Deutsches Rotes Kreuz - Kreisverband Bremen e. V.,Roma in Huckelriede - Integrationsbaustein Deutschkurs,2010,2011,,"8148,25"
Deutsches Rotes Kreuz - Kreisverband Bremen e. V.,Aktionsprogramm Kamphofer Damm / Blexer Straße,2008,2009,,"3539,58"
Deutsches Rotes Kreuz - Kreisverband Bremen e. V.,Quartierszentrum Niedersachsendamm,2008,2009,,"5174,28"
Deutsches Rotes Kreuz - Kreisverband Bremen e. V.,"BE-Ser, Bremer Albert-Einstein-Schule-Soziales
Kompetenztraining und Sport erleben",2009,2009,,"7715,06"
Die Brille am Neumarkt GmbH,Ausbildungsverhältnis,2012,2013,3000,
"Die Firma, Hartwig Wennemer GmbH",Ausbildungsverhältnis,2013,2014,3000,
"Diyanet Türkisch Islam Kültür Dernegi Bilal - i Habesi
Moschee e. V.",Nachhilfe DITIB,2013,2014,"9997,53",
"Diyanet Türkisch Islam Kültür Dernegi Bilal - i Habesi
Moschee e. V.",Nachhilfeprojekt,2011,2012,10000,
"Diyanet Türkisch Islam Kültür Dernegi Bilal - i Habesi
Moschee e. V.",Nachhilfeprojekt,2012,2013,9971,
"Diyanet Türkisch Islam Kültür Dernegi Bilal - i Habesi
Moschee e. V.",Nachhilfeprojekt,2010,2011,,9460
Dorothea Buchmann-Lieberg,Berufsperspektiven,2013,2014,6758,
Dorothea Sander,Alles Paletti,2013,2014,10000,
Dorothea Sander,Backkunst- Ein Backbuch,2013,2013,10000,
Dorothea Sander,Druck - mal anders,2012,2012,,"9977,48"
Dorothea Sander,Wirklichkeit verändern,2012,2013,,"9963,87"
Dr. Burkhard Hergesell,Erzählte und dokumentierte Familiengeschichte,2010,2011,,"9149,3"
Dr. Burkhard Hergesell,Integrationsprojekt Spätaussiedler,2011,2012,,"3336,6"
Druckhaus Humburg GmbH & Co. KG,Ausbildungsverhältnis,2013,2014,4000,
E.I.S. Electronics GmbH,Ausbildungsverhältnis,2013,2014,5000,
ebn - Expertinnen Beratungsnetz Bremen e.V.,Cross-Mentoring,2008,2010,,"82461,18"
ebn - Expertinnen Beratungsnetz Bremen e.V.,Mentoring für Frauen,2008,2010,,"104416,39"
Ein Haus für unsere Freundschaft e.V.,Interkulturelle Nachbarschaften,2008,2009,,"5752,15"
Ein Haus für unsere Freundschaft e.V.,Hemelinger Allmende,2008,2008,,"5261,39"
Ein Haus für unsere Freundschaft e.V.,Handwerken und Wirtschaften – Projekt für Migrantinnen,2010,2010,,"5001,05"
Ein Haus für unsere Freundschaft e.V.,"Beratungsstelle für Migranten und ohne
Migrantionshintergrund",2010,2010,,"10766,97"
Ein Haus für unsere Freundschaft e.V.,"Interkulturelle Frauenkalender - ""Hemelinger Allmende
2011""",2010,2010,,"9279,37"
Ein Haus für unsere Freundschaft e.V.,EDV Kurs für Frauen,2010,2010,,3613
Ein Haus für unsere Freundschaft e.V.,Hemelinger Allmende 2010,2009,2009,,"6973,7"
Ein Haus für unsere Freundschaft e.V.,Alphabetisierungskurs für Migrantinen,2009,2009,,"3367,5"
Ein Haus für unsere Freundschaft e.V.,Bewerbungshilfe für Jugendliche,2013,2014,6134,
Ein Haus für unsere Freundschaft e.V.,Videoarbeit mit Jugendlichen,2010,2010,,1500
Ein Haus für unsere Freundschaft e.V.,"Druck Interkulturelle Frauen Kalender ""Hemelinger
Allmende"" 2010",2009,2009,,"2115,9"
Ein Haus für unsere Freundschaft e.V.,Niedrigschwelliger Alphabetisierungskurs für Migrantinen,2013,2014,8902,
Ein Haus für unsere Freundschaft e.V.,Mobiles Tonstudio on Tour,2013,2014,4260,
"Elektro Heinen
Inh. Heiko Heinen",Ausbildungsverhältnis,2012,2013,4000,
"Elektro Heinen
Inh. Heiko Heinen",Ausbildungsverhältnis,2013,2014,3000,
Elektro Oelkers GmbH & Co. KG,Ausbildungsverhältnis,2011,2012,,3000
elektro SIEMER GmbH,Ausbildungsverhältnis,2013,2014,4000,
"ELITERA Personalvermittlung
Inh. Nicole Delbrück",Ausbildungsverhältnis,2012,2013,,3000
"EPSYMO - Elternverein für PSYchoMotorische
Entwicklungsförderung e. V.",Topfit mit JobFit,2012,2013,10000,
"EPSYMO - Elternverein für PSYchoMotorische
Entwicklungsförderung e. V.","""Windeln, Schule, Haushaltsbuch""",2009,2009,,5000
"EPSYMO - Elternverein für PSYchoMotorische
Entwicklungsförderung e. V.","""Meine Zukunft im Blick""",2013,2014,10000,
"EPSYMO - Elternverein für PSYchoMotorische
Entwicklungsförderung e. V.","""Jetzt nicht!""",2008,2009,,"7312,25"
Ernst-Wilhelm Schmidt,Schulung für Bewerbungen,2011,2011,,2260
Ernst-Wilhelm Schmidt,Schulung für Bewerbungen,2010,2010,,2380
Ernst-Wilhelm Schmidt,"Existenzgründung als mögliche Alternative zum
Arbeitsplatz",2011,2011,,899
Erstes Lesumer Fernsehen E.L.F. e. V.,SchülerInnenfirma,2009,2010,,"8024,46"
"Ev.-luth. Christopherus Gemeinde
Pastor Peters","""Ich will was werden!"" - Coaching zur
Ausbildungsplatzsuche",2008,2009,,7419
"Ev.-luth. Christopherus Gemeinde
Pastor Peters","""Ich will was werden!"" - Coaching zur
Ausbildungsplatzsuche",2008,2009,,"9933,48"
"Ev.-luth. Christopherus Gemeinde
Pastor Peters",startup-plus,2009,2010,,"9571,92"
"Ev.-luth. Christopherus Gemeinde
Pastor Peters",Los geht`s,2012,2012,,"1993,78"
"Ev.-luth. Christopherus Gemeinde
Pastor Peters",LOS geht`s!,2012,2012,,"1986,81"
Ev.-luth. Kirchengemeinde Bremerhaven,Nähkurs,2013,2014,5200,
eventpro GmbH,Ausbildungsverhältnis,2012,2013,4000,
faden e.V.,MiLo faden FAV,2012,2013,"34640,78",
faden e.V.,Grünhöfe - neue Impulse für mehr Miteinander im Stadtteil,2008,2010,,"1946859,51"
faden e.V.,"Bremerhaven-Lehe - Unterstützung für einen Stadtteil im
Wandel",2008,2010,,"2711413,32"
faden e.V.,"""Jugend in Arbeit""",2009,2010,,"457726,01"
faden e.V.,Ressourcen bündeln - Potentiale nutzen,2009,2010,,"1191938,89"
faden e.V.,"MAE STadtteilarbeit und gemeinwesenorientierte
Dienstleistungen in Bremerhaven",2011,2012,,"512488,35"
faden e.V.,MOP  Passform - die Texilwerkstatt,2012,2014,"163041,53",
faden e.V.,MoP Chance 25/11,2011,2012,"256363,26",
faden e.V.,"""Integration fördern - Perspektiven schaffen"", geförderte
Beschäftigung ab 04/2012",2012,2014,"1398214,86",
faden e.V.,MAE  Kurswechsel,2011,2012,,"73137,44"
faden e.V.,SVB.O.  Stadtteile stärken,2011,2012,,"621458,75"
faden e.V.,"MAE. Langzeitarbeitslosigkeit bekämpfen und kommunale
Strukturen stärken",2011,2011,,"388085,18"
familie heute gemeinnützige Gesellschaft mbH,familiennetz bremen/ bremerhaven,2011,2013,"275416,17",
Fleischwarenhandel Möchel,Ausbildungsverhältnis,2013,2014,3000,
Flying Pizza Hancke GmbH,Ausbildungsverhältnis,2013,2014,4000,
Flying Pizza Hancke GmbH,Ausbildungsverhältnis,2013,2014,4000,
Flyura Zakirova,Strickerei-Experiment,2012,2013,,10000
Flyura Zakirova,Integration durch Handarbeit,2013,2014,10000,
Förder- und Freundeskreis der Heinrich-Heine-Schule e.V.,Direkter Übergang von der Schule in die duale Ausbildung,2011,2011,,"4378,39"
Förderwerk Bremen GmbH,"FOR. SVB.O Förderwerk Bremen GmbH, ""Concierge"",
geförderte Beschäftigung ab 04/2012",2012,2014,2136036,
Förderwerk Bremen GmbH,"""Nachbarschaftshilfe in Bremen und Aufsuchende
Altenarbeit in Bremen-Blumenthal und Vahr aktiv und
kooperativ"", geförderte Beschäftigung ab 04/2012",2012,2012,160182,
Förderwerk Bremen GmbH,"CHANCE III, sozial-integratives Modul",2008,2010,,0
Förderwerk Bremen GmbH,"Injobs-ESF Förderwerk U65T11 NSI, geförderte
Beschäftigung",2011,2011,,75060
Förderwerk Bremen GmbH,"Injobs-ESF Förderwerk U65T11 Netzwerk Sport,
geförderte Beschäftigung",2011,2011,,"46686,56"
Förderwerk Bremen GmbH,"Bremen produktiv - integrativ Förderwerk / BrauchBar -
Nachbarschaftshilfeprojekt im Ortsteil Kattenturm,
Kattenturmer Kooperationsprojekt Kattenturmer-Mitte.",2008,2009,,"57719,37"
Förderwerk Bremen GmbH,Vorbereitung der Gründung eines Integrationsbetriebes,2013,2014,"49720,94",
Förderwerk Bremen GmbH,"Bremen produktiv - integrativ Förderwerk / Hauptberufliche
Nachbarschaftshilfe und BewohnerIntreffpunkt Blumenthal",2008,2010,,"3088048,78"
Förderwerk Bremen GmbH,"Bremen produktiv - integrativ Förderwerk / Huchtinger
Knoten",2008,2010,,"751880,57"
Förderwerk Bremen GmbH,Bremen produktiv - integrativ Förderwerk / Concierge,2008,2010,,"2883687,3"
Förderwerk Bremen GmbH,"Bremen produktiv-integrativ/Treffpunkt Cafe u
Nachbarschaftshilfe im Familien- u Quartierszentrum Neue
Vahr-Nord - Maulwürfe / Aktiv für die Vahr",2008,2010,"611276,81",
Förderwerk Bremen GmbH,MiLo Förderwerk Bremen FAV,2012,2014,"151476,56",
Förderwerk Bremen GmbH,"SVB.O. Förderwerk Bremen GmbH, ""Concierge"",
geförderte Beschäftigung",2011,2012,,"1156940,33"
Förderwerk Bremen GmbH,"""Nachbarschaftshilfe Bremen und Aufsuchende Altenarbeit
in Bremen-Blumenthal"", geförderte Beschäftigung.",2011,2012,,"915085,15"
Förderwerk Bremen GmbH,"SVB.V. Förderwerk Bremen GmbH, ""Projekt Huchtinger
Knoten"", geförderte Beschäftigung",2011,2012,328062,
Förderwerk Bremen GmbH,"SVB.Q. Förderwerk Bremen GmbH, ""Vahr aktiv und
kooperativ"", geförderte Beschäftigung",2011,2012,,"358970,87"
Förderwerk Bremerhaven GmbH,"MOP Feststellung von Integrationschancen bei
schwerbehinderten langzeitarbeitslosen Menschen",2012,2014,"335435,55",
Förderwerk Bremerhaven GmbH,"Bewegung in der Stadt - gegen Arbeitslosigkeit in
Bremerhaven",2008,2010,"3532701,31",
Förderwerk Bremerhaven GmbH,"FOR. MAE. Förderwerk Bremerhaven GmbH,
""Beschäftigung für Bewegung"", geförderte Beschäftigung
ab 04/2012",2012,2014,332910,
Förderwerk Bremerhaven GmbH,"SVB.O. Förderwerk Bremerhaven GmbH, ""JobWerk-
StadtRaum, Vielfalt im Quartier"", geförderte Beschäftigung",2011,2012,,"577801,95"
Förderwerk Bremerhaven GmbH,"MAE. Förderwerk Bremerhaven GmbH, ""JobWerk-
StadtRaum, Qualifizierung im Quartier"", geförderte
Beschäftigung",2011,2012,157500,
Förderwerk Bremerhaven GmbH,FahrRat,2011,2011,,"5041,57"
"Förderwerk e. V.
Verein zur Förderung von Bildung, Ausbildung und
Beschäftigung","""Regionales Netzwerk Projekt Huchtinger Knoten"",
geförderte Beschäftigung ab 26.03.2012",2012,2012,"26074,67",
"Förderwerk e. V.
Verein zur Förderung von Bildung, Ausbildung und
Beschäftigung","""Regionales Netzwerk - Huchtinger Knoten""; geförderte
Beschäftigung ab 02/2013",2013,2014,144432,
Frauen in Arbeit und Wirtschaft e.V.,Zentrale Frauenberatung,2012,2014,"647225,03",
Frauen in Arbeit und Wirtschaft e.V.,ebn-mentoring,2012,2013,"84519,48",
Frauen und Gesundheit e.V.,FIT Migration,2010,2010,,"1019,8"
Frauen und Gesundheit e.V.,Alphabetisierung für Frauen Stufe III,2013,2014,"9532,5",
Frauen und Gesundheit e.V.,Alphabetisierung für Frauen Stufe I b,2012,2012,,4110
Frauen und Gesundheit e.V.,Alphabetisierungskurs für Frauen II,2010,2010,,"9569,29"
Frauen und Gesundheit e.V.,Alphabetisierungskurs,2008,2008,,3839
Frauen und Gesundheit e.V.,Alphabetisierung für Frauen Stufe II,2012,2013,8374,
Frauen und Gesundheit e.V.,Alphabetisierung für zugewanderte Frauen Stufe I,2011,2012,,5037
Frauen und Gesundheit e.V.,Alphabetisierungskurs für Frauen mit Vorkenntnissen,2009,2009,,3979
"Frauen-, Erwerbs- und Ausbildungsverein Bremen e.V.","Lernen, Integration und Arbeit für Frauen (LIA)",2008,2010,,"1060489,07"
Fraueninitiative quirl e.V.,"SVB.Q. frauenbetriebe quirl e. V., ""Q-NSTSTÜCK -
Vereinbarkeit von Familie und Beruf"", geförderte
Beschäftigung.",2011,2012,,"242046,47"
Fraueninitiative quirl e.V.,"SVB.Q. frauenbetriebe quirl e. V.; ""quirl 4 deliKatt -
Gesunde Essensversorgung für Menschen in Kattenturm"",
geförderte Beschäftigung.",2011,2012,"311590,56",
Fraueninitiative quirl e.V.,"SVB.Q frauenbetriebe quirl e. V., ""Stadtteil (in) balance"",
geförderte Beschäftigung.",2011,2012,,"251844,65"
Fraueninitiative quirl e.V.,"""Arbeiten, Lernen, Beruflich Orientieren-Chancen für
langzeitarbeitsl Frauen u Migrantinnen am Arbeitsmarkt
nutzen ""ALBO"", geförderte Beschäftigung",2012,2013,"102195,46",
Fraueninitiative quirl e.V.,"""Arbeiten, Lernen, Beruflich Orientieren-Chancen für
langzeitarbeitsl Frauen u Migrantinnen am Arbeitsmarkt
nutzen ""ALBO"", geförderte Beschäftigung",2012,2013,"187110,82",
Fraueninitiative quirl e.V.,"Injobs-ESF Quirl U65T11 Sprache, geförderte
Beschäftigung",2011,2011,52920,
Fraueninitiative quirl e.V.,"Bremen produktiv - integrativ frauenbetriebe quirl / Q-
NSTSTÜCK",2008,2010,,"268207,96"
Fraueninitiative quirl e.V.,"Bremen produktiv - integrativ frauenbetriebe quirl / mac
quirl 4 kids",2008,2010,,"1452649,39"
Fraueninitiative quirl e.V.,"Bremen produktiv - integrativ frauenbetriebe quirl / quirlig
im quartier",2008,2010,,"696811,08"
Fraueninitiative quirl e.V.,"SVB.Q. frauenbetriebe quirl e. V.,  geförderte
Beschäftigung ab 04/2012, Zusammenfassung: ""Q-
NSTSTÜCK, deliKatt, quirlig im quartier, Balance""",2012,2012,66338,
Frese und Salbert Elektro- und Gebäudetechnik GmbH,Ausbildungsverhältnis,2013,2014,4000,
Frese und Salbert Elektro- und Gebäudetechnik GmbH,Ausbildungsverhältnis,2013,2014,4000,
Frese und Salbert Elektro- und Gebäudetechnik GmbH,Ausbildungsverhältnis,2013,2013,4000,
Freundeskeis Haus der Familie e.V.,Elternbeteiligung in der Grundschule,2010,2011,,"5716,47"
Freundeskeis Haus der Familie e.V.,Deutschkurs für Jugendliche,2009,2010,,"5766,28"
Freundeskeis Haus der Familie e.V.,Aufbau eines Beratungsnetzes,2009,2009,,"1553,69"
Freundeskeis Haus der Familie e.V.,Kommunikation in Konflikten,2010,2011,,"8747,31"
Freundeskeis Haus der Familie e.V.,Deutschkurs für Jugendliche,2010,2011,,"5202,63"
Freundeskeis Haus der Familie e.V.,Streitschule,2009,2010,,"9363,22"
Freundeskeis Haus der Familie e.V.,PC-Kurs für Frauen,2009,2010,,"2301,58"
Freundeskeis Haus der Familie e.V.,Gesellschaftliche und kulturelle Teilhabe,2011,2012,,"6233,05"
Freundeskeis Haus der Familie e.V.,Grambker Lernprofis,2011,2012,,"4974,46"
Freundeskeis Haus der Familie e.V.,Selbstbewusst kommunizieren,2008,2009,,"9724,78"
Freundeskeis Haus der Familie e.V.,Selbstbewusstes Auftreten,2012,2012,,"9175,42"
Freundeskeis Haus der Familie e.V.,Gesellschaftliche und kulturellle Teilhabe,2012,2013,"5028,97",
Freundeskeis Haus der Familie e.V.,Streitschule,2011,2011,,"7964,13"
Freundeskeis Haus der Familie e.V.,Schlüsselkompetenzen,2013,2014,8346,
Freundeskeis Haus der Familie e.V.,Info-Büro-Grambke,2010,2011,,"4443,42"
Freundeskeis Haus der Familie e.V.,Streitschule Arsten,2012,2013,,"8025,47"
Freundeskeis Haus der Familie e.V.,Frauen finden ihren Weg in den Beruf,2009,2009,,"7665,99"
Freundeskeis Haus der Familie e.V.,Streitschule II,2010,2010,,"4866,51"
Freundeskeis Haus der Familie e.V.,Lebensweltbezogene Sprachvermittlung,2008,2009,,"2827,88"
Friedehorst gGmbh,B-Schulverbund der Altenpflegeschulen Bremen,2008,2011,"535578,69",
"Friseur ""manuell""",Ausbildungsverhältnis,2012,2013,3000,
Gabriele Roffmann,Chance EDV,2009,2010,,"9050,54"
Gabriele Roffmann,Erfolgreich bewerben,2011,2012,,"8944,93"
Gabriele Roffmann,Bewerbungswerkstatt,2011,2011,,"9412,18"
Geo Gleistein & Sohn GmbH,Ausbildungsverhältnis,2013,2014,5000,
Georg Künzel Schlosserei und Automatikservice,Ausbildungsverhältnis,2011,2012,,3000
Glade Autoservice,Ausbildungsverhältnis,2012,2013,3000,
"GPI Gesellschaft für Projektentwicklung und Innovation
GmbH",BRELAG II-Beschäftigte,2008,2010,,"859322,92"
"GPI Gesellschaft für Projektentwicklung und Innovation
GmbH",Stress dem Stress,2011,2014,"790970,4",
GRI - Gröpelinger Recycling Initiative e.V.,"FOR. SVB.O Gröpelinger Recycling Initiative e. V.,
""Sozialökologisches Handeln für Bremen"", geförderte
Beschäftigung ab 04/2012",2012,2014,"1466504,34",
GRI - Gröpelinger Recycling Initiative e.V.,MiLo GRI FAV,2013,2014,"24483,77",
GRI - Gröpelinger Recycling Initiative e.V.,"SVB.Q. Gröpelinger Recycling Initiative e. V., ""Hemelingen:
Sozial und ökologisch Handeln"", geförderte Beschäftigung.",2011,2012,,"210904,22"
GRI - Gröpelinger Recycling Initiative e.V.,"SVB.Q Gröpelinger Recycling Initiative e. V., ""Gröpelingen:
Sozial und ökologisch Handeln"", geförderte Beschäftigung.",2011,2012,,"221754,48"
GRI - Gröpelinger Recycling Initiative e.V.,"SVB.O Gröpelinger Recycling Initiative e. V.,
""Sozialökologisches Handeln für Bremen"", geförderte
Beschäftigung",2011,2012,,"435959,49"
GRI - Gröpelinger Recycling Initiative e.V.,"SVB.Q. Gröpelinger Recycling Initiative e. V.,
""Kattenturm/Huckelriede: Sozial und ökologisch Handeln"",
geförderte Beschäftigung.",2011,2012,,"206887,71"
GRI - Gröpelinger Recycling Initiative e.V.,"Injobs-ESF GRI U65SI11, geförderte Beschäftigung",2011,2011,,"93141,73"
GRI - Gröpelinger Recycling Initiative e.V.,"Bremen produktiv - integrativ Gröpelinger Recycling
Initiative / Gröpelingen produktiv",2008,2010,"912140,92",
GRI - Gröpelinger Recycling Initiative e.V.,"Bremen produktiv - integrativ Gröpelinger Recycling
Initiative / Kooperationsprojekt Kattenturmer-Mitte",2008,2010,"719601,32",
Gröpelinger Marketing e.V.,Berufseinstieg Gröpelingen,2012,2012,,7950
Gröpelinger Marketing e.V.,Berufseinstieg Gröpelingen 2013,2013,2013,8540,
"HandWERK gGmbH
Das Kompetenzzentrum der Handwerkskammer Bremen","Qualifizierung und Kompetenzentwicklung im Handwerk
zum Einsatz innovativer Technologien zur CO2 -Reduktion
im Gebäudebereich (KomET)",2008,2010,"300529,75",
"HandWERK gGmbH
Das Kompetenzzentrum der Handwerkskammer Bremen","Kompetenzerwerb zur Betriebsübernahme/ -übergabe
durch Qualifizierung im HandWERK",2008,2009,,"51430,15"
"HandWERK gGmbH
Das Kompetenzzentrum der Handwerkskammer Bremen","InTAKt - Innovative Techniken und alternative Antriebe in
der Kraftfahrzeugtechnik",2008,2010,"364283,77",
"HandWERK gGmbH
Das Kompetenzzentrum der Handwerkskammer Bremen","InTAKt - Innovative Techniken und alternative Antriebe in
der Kraftfahrzeugtechnik",2008,2010,"69613,8",
"HandWERK gGmbH
Das Kompetenzzentrum der Handwerkskammer Bremen","Weiterbildungsinitiative Handwerk & energetische
Gebäudesanierung",2012,2014,"731975,31",
Handwerkskammer Bremen,"B-Unterstützung der technologischen
Lehrlingsunterweisung im Handwerk-Auszubildende",2009,2012,"1249839,16",
Hans-Wendt-Stiftung,Deutschkurs Blockdiek,2013,2014,"3196,8",
Hans-Wendt-Stiftung,"Bremen produktiv - integrativ Hans-Wendt-Stiftung / Hol
Över (jetzt Landesmittel unter 07.9.100.E.0.1)",2009,2010,,0
Hanseatische IBV GmbH & Co.KG,Ausbildungsverhältnis,2012,2013,5000,
Heide Horstmann,Umgang mit Zahlen,2011,2011,,"2328,05"
"Helene-Kaisen-Haus
Wirtschaftsbetrieb der Stadt Bremerhaven",Profil-Pass für türkischsprachige Frauen,2008,2009,,7118
"Helene-Kaisen-Haus
Wirtschaftsbetrieb der Stadt Bremerhaven",Bewerbungstraining für Frauen mit Migrationshintergrund,2010,2011,,"7853,4"
Hochschule Bremen,"Strategien für den technischen Wandel im Kfz-Handwerk-
Beschäftigte",2008,2010,"526658,06",
Hochschule Bremen,QSL II - Qualitätssicherung in der Lebensmittelwirtschaft,2011,2013,"342814,14",
Hohehorst gGmbH,"Injobs-ESF Hohehorst U65T11, geförderte Beschäftigung",2011,2011,,"36826,27"
Hoppenbank e.V.,"Injobs-ESF Hoppenbank U65SI11, geförderte
Beschäftigung",2011,2011,,"33056,82"
Hoppenbank e.V.,Koordination Ehrenamt V,2013,2013,"9983,6",
Hoppenbank e.V.,HIGELO V,2013,2013,"9218,08",
Hoppenbank e.V.,Ich lese für Dich,2009,2010,,10000
Hoppenbank e.V.,Koordination Ehrenamt IV,2012,2012,,"9196,99"
Hoppenbank e.V.,HIGELO IV - Softskills für Straffällige,2012,2012,,"8907,42"
Hoppenbank e.V.,Ich lese für Dich II,2010,2011,,"7998,67"
Hoppenbank e.V.,HIGELO III,2011,2011,,"7693,97"
Hoppenbank e.V.,Koordination Ehrenamt III,2011,2011,,"8587,91"
Hoppenbank e.V.,Alkoholsuchtberatung & Prävention,2011,2012,,"7205,83"
Hoppenbank e.V.,"CHANCE III, Berufshilfe",2008,2010,,"289333,61"
Hoppenbank e.V.,"Alkoholsuchtberatung & Prävention II (Umgang mit Sucht /
Eigenverantwortung)",2012,2013,,"9170,11"
Hoppenbank e.V.,"HIGELO (Hier geht`s los), Säule II - Haus",2010,2010,,"5938,23"
Hoppenbank e.V.,Koordination Ehrenamt,2010,2010,,"9204,72"
Hoppenbank e.V.,HIGELO (Hier geht`s los) Säule I: Der Mensch im Zentrum,2008,2009,,"7960,79"
Hoppenbank e.V.,Koordination Ehrenamt,2008,2009,,9540
Hoppenbank e.V.,Ich lese für dich IV,2013,2014,10000,
Hoppenbank e.V.,Ich lese für Dich III,2012,2013,,10000
Hoppenbank e.V.,Alkoholsuchtberatung & Prävention III,2013,2014,"9994,04",
Horst Supp,Transfercoaching,2009,2010,,"7757,07"
Human & Environment e. V.,PC-Kurs für afrikanische Frauen,2009,2009,,"2122,87"
i2b idea2business GmbH,"Transferaktivitäten der Landesinitiative
Robotikweiterbildung; Transfer 2: Meet-Up",2013,2014,54740,
"INBAS Institut für berufliche Bildung, Arbeitsmarkt- und
Sozialpolitik GmbH",NQVorE,2013,2014,"713425,63",
Ingrid Otten,Mutmachtraining,2008,2009,,"6185,45"
Ingrid Otten,Neuorientierung ins Berufsleben,2009,2010,,"6434,99"
Initiative Handycap Tenever,Grafische Gestaltung am PC II,2009,2010,,"2830,86"
Initiative Handycap Tenever,Grafische Gestaltung am PC,2008,2009,,"2337,72"
Initiative Jugendhilfe Bremerhaven e.V.,Bewerbungstraining für Jugendliche,2011,2011,,"693,03"
Institut f. Berufs- u. Sozialpädagogik e.V. - ibs,"Injobs-ESF MAE.U65R, ""Regionales Netzwerk Ost
(Hemelingen)""; geförderte Beschäftigung ab 26.03.2012",2012,2012,"81483,33",
Institut f. Berufs- u. Sozialpädagogik e.V. - ibs,B-Altenpflegeausbildung,2008,2011,"618179,68",
Institut f. Berufs- u. Sozialpädagogik e.V. - ibs,Jugendberatung Süd,2008,2010,,"154667,29"
Institut f. Berufs- u. Sozialpädagogik e.V. - ibs,"SVB.V., "" Hemelingen produktiv II - Kooperationsverbund"",
geförderte Beschäftigung",2011,2011,,"176340,53"
Institut f. Berufs- u. Sozialpädagogik e.V. - ibs,"Bremen produktiv - integrativ Institut für Berufs- und
Sozialpädagogik / Hemelingen produktiv",2008,2010,"1297014,96",
Institut f. Berufs- u. Sozialpädagogik e.V. - ibs,"""Go Web""",2013,2014,2907,
Institut f. Berufs- u. Sozialpädagogik e.V. - ibs,"Injobs-ESF ibs U65R11 Netzwerk Ost (Hemelingen),
geförderte Beschäftigung",2011,2011,,"94656,96"
Institut f. Berufs- u. Sozialpädagogik e.V. - ibs,Berufsbegleitende Altenpflegeausbildung,2008,2011,"273975,61",
Institut für Arbeit e. V.,Förderung der ehrenamtlichen Arbeit,2008,2009,,8270
Interkulturelle Werkstatt Tenever e.V.,Interkulturelles Lernen,2009,2009,,0
Interkulturelle Werkstatt Tenever e.V.,"Bremen produktiv-integrativ Interkulturelle Werkstatt
Tenever / Tenever Sozialräumlich Produktiv",2008,2009,,"582498,23"
James Marquardt & Co. GmbH,Ausbildungsverhältnis,2013,2014,4000,
James Marquardt & Co. GmbH,Ausbildungsverhältnis,2012,2013,,4000
Johann Gossen,"Bewerbungstraining und Sprachförderung für Aussiedler
über 50 und jüdische Migranten",2008,2009,,"3734,05"
Johann Gossen,"Bewerbungstraining und Sprachförderung für
langzeitarbeitslose Migranten",2009,2010,,3838
Johann Gossen,Migrantensprachförderung und Bewerbungstraining,2011,2012,,"3429,59"
Johann Gossen,Migrantionssprachförderung und Bewerbungstraining,2010,2011,,"3637,24"
Jonny Richter,Ausbildungsverhältnis,2013,2014,5000,
Junge Stadt gGmbH,Kochen als Beruf,2010,2011,,"2927,71"
Junge Stadt gGmbH,Hausaufgaben-Fitness-Center,2008,2009,,6336
Junge Stadt gGmbH,Fit für den Schulabschluss - Erfolgreich in die Ausbildung,2009,2010,,6512
Junge Stadt gGmbH,Plannung und Durchführung der Terrassierung,2010,2011,10000,
Junge Stadt gGmbH,Gärtnerische Gestaltung des Außengeländes,2010,2011,5000,
Justizvollzugsanstalt Bremen,Chance IV - Einstieg in das Recycling,2011,2015,213368,
Justizvollzugsanstalt Bremen,"Chance III ""Einstieg in das Recycling""",2009,2010,,"126389,63"
KFZ-Werkstatt Michael Polle,Ausbildungsverhältnis,2013,2014,3000,
"Kita Bremen
Eigenbetrieb der Stadtgemeinde Bremen",Elternschule Kinder- und Familienzentrum Zeppelinstraße,2010,2011,,"1589,09"
KK Kommunikations GmbH & Co KG,Ausbidlungsverhältnis,2013,2014,4000,
Kölling Medien-Service,"Transferaktivitäten der Landesinitiative
Robotikweiterbildung; Transfer 1: Website",2013,2014,"44771,3",
Konfliktmanagement Dr. Gieseler und Stein,Stay In! Wohnfähigkeit sichern - in Arbeit kommen,2013,2014,9968,
Kreishandwerkerschaft Bremerhaven,A-Tandem Bremerhaven,2010,2011,100000,
Kuhlmann Büroservice,Ausbildungsverhältnis,2013,2014,4000,
Kultur- und Integrationszentrum e.V.,Steigerung der Lernmotivation Jugendlicher,2008,2009,,"9715,8"
Kultur- und Integrationszentrum e.V.,"Training zur persönlichen, kulturellen und beruflichen
Orientierung",2009,2010,,5500
Kulturinsel e. V.,"Schaufensterdekorationen in der ""Alten Bürger""",2011,2012,,9996
Kulturinsel e. V.,"Fassadengestaltung im Quartier ""Alte Bürger""",2012,2013,,9996
Kulturinsel e. V.,"Einrichtung einer Künstlerwerkstatt in der ""Alten Bürger""",2011,2011,,9992
Kulturinsel e. V.,"Wir malen die ""Alte Bürger""",2013,2014,"9992,4",
Kulturzentrum Lagerhaus Bremen e.V.,"Injobs-ESF KuZeLagerhaus U65T11, geförderte
Beschäftigung",2011,2011,"77575,08",
Künstlerhaus Bremen e.V.,"Injobs-ESF Künstlerhaus Bremen U65T11, geförderte
Beschäftigung",2011,2011,,"68945,31"
Kutur vor Ort e.V.,Elternscouts- Anleitung zu Bildungsbeteiligung,2010,2011,,"9785,3"
Kutur vor Ort e.V.,Archiv der Sprachen: Ausstellungslotsen,2010,2011,,"7441,76"
La Sciccosa Fashion 82 GmbH,Ausbildungsverhältnis,2013,2014,4000,
Leben in Grohn e.V.,Alphabetisierungskurs,2008,2009,,2592
Leben in Grohn e.V.,Ankommen in Deutschland,2008,2009,,"6755,95"
Leben in Grohn e.V.,Nähwerkstatt,2008,2008,,"2800,65"
Leben in Grohn e.V.,Deutsch im Alltag - Aufbaukurs,2011,2012,,"4128,77"
Leben in Grohn e.V.,"Fortsetzung der Alphabetisierung und Aneignung der
deutschen Sprache",2011,2012,,"4271,9"
Leben in Grohn e.V.,Alpha- und Deutschkurs für Frauen mit Vorkenntnissen,2010,2011,,3933
Leben in Grohn e.V.,"Deutsch im Alltag - Niedrigschwelliger Alpha- und
Sprachkurs",2009,2010,,3207
Leben in Grohn e.V.,Nähkurs,2012,2012,,"3868,6"
Leben in Grohn e.V.,Alphabetisierungs- und Deutschkurs für Romafrauen,2009,2010,,2171
Leben in Grohn e.V.,Alphabetisierungskurs für Roma-Frauen,2009,2010,,2684
Leben in Grohn e.V.,"Wie funktioniert Deutschland - Projekt zur
Integrationsbegleitung",2009,2010,,"6270,72"
Leben in Grohn e.V.,Lese- und Schreibkompetenz verbesern,2010,2011,,"5050,5"
Leben in Grohn e.V.,"Das Wir gewinnt - nachbarschaftliche Vernetzung in der
Grohner Dühne",2008,2009,,"6337,6"
Leben in Grohn e.V.,Integrationslotse für Roma-Familien,2008,2009,,1560
Leben in Grohn e.V.,Café Zwirn - Nähwerkstatt,2009,2010,,"2780,1"
Leben in Grohn e.V.,Integrationskurs beendet - was kommt danach?,2011,2011,,234
Leben in Grohn e.V.,Start frei - für die Zukunft,2011,2011,,"9021,06"
Leben in Grohn e.V.,Alphabetisierungskurs für Frauen,2008,2009,,"3447,93"
LSB - Landessportbund Bremen e.V.,Unterstützung Jugendlicher bei Klassen- und Hausarbeiten,2012,2013,,"3390,54"
LSB - Landessportbund Bremen e.V.,Bewerbungstraining für Jugendliche,2012,2013,,"3673,41"
LSB - Landessportbund Bremen e.V.,Übungsleiter-Ausbildung-C-Lizenz in Osterholz (Tenever),2013,2013,6957,
LSB - Landessportbund Bremen e.V.,Unterstützung in der Schul- und Berufsausbildung,2010,2011,,"3840,87"
LSB - Landessportbund Bremen e.V.,Bewerbungstraining für Jugendliche,2013,2014,"5666,6",
LSB - Landessportbund Bremen e.V.,Erneuerung des Tonstudios 327,2013,2013,2796,
LSB - Landessportbund Bremen e.V.,Übungsleiter-Ausbildung-C in Osterholz (Schweizer Viertel),2012,2012,,"7037,87"
LSB - Landessportbund Bremen e.V.,Schultraining und Hausaufgabenhilfe gegen Schulabbruch,2008,2009,,2710
LSB - Landessportbund Bremen e.V.,"Keine Probleme mehr bei Hausaufgaben und
Klassenarbeiten",2014,2014,"3548,8",
LSB - Landessportbund Bremen e.V.,Bewerbungen schreiben leicht gemacht,2014,2014,"3744,48",
Lübkemann & Benthe GmbH,Ausbildungsverhältnis,2012,2013,3000,
Lübkemann + Benthe Autohandels GmbH,Ausbildungsverhältnis,2013,2014,4000,
ma-co maritimes competenzcentrum GmbH,"PortWork - Beschäftigungssicherung in der Hafen- und
Logistikwirtschaft",2008,2011,"588468,4",
ma-co maritimes competenzcentrum GmbH,"PortWork - Beschäftigungssicherung in der Hafen- und
Logistikwirtschaft",2008,2010,"869632,18",
Mädchentreff Huchting e.V.,Orientierung und Lebensplanung im digitalen Zeitalter,2012,2012,,"4500,78"
Mädchentreff Huchting e.V.,"Unterstützung bei der Berufs- und Lebensplanung für
Mädchen",2008,2009,,"7062,21"
Mädchentreff Huchting e.V.,Auf dem Weg in den Beruf - Beraten und Begleiten,2012,2013,,"3935,62"
Mädchentreff Huchting e.V.,Berufsplanung,2013,2014,"9077,48",
Mädchentreff Huchting e.V.,Ausbildung von Souts,2012,2013,"2836,21",
Mädchentreff Huchting e.V.,Juleika - Ausbildung für Mädchen,2009,2010,,"3591,58"
Magistrat Bremerhaven,"AvL / Aktivierung von Langzeitarbeitslosen im
hauswirtschaftlichen Bereich",2008,2009,,"2529,55"
Magistrat Bremerhaven,C-Werkschule Bremerhaven,2010,2012,"361543,59",
Magistrat Bremerhaven,MobiBau,2009,2010,,9960
Magistrat Bremerhaven,Werkstatt für kulturelle Veranstaltungen,2008,2009,,"11111,82"
Magistrat Bremerhaven,Freiwilligenagentur,2010,2013,"244007,18",
Maitre Stefan Boulangerie & Café,Ausbildungsverhältnis,2013,2014,3000,
Malerei Freye e. K.,Ausbildungsverhältnis,2013,2014,3000,
Manitzky GmbH & Co.KG,Ausbildungsverhältnis,2012,2013,3000,
marlex seminare,Qualifizierte Dienstleistung,2012,2013,"9911,2",
marlex seminare,Qualifizierte Dienstleistung,2013,2014,10000,
"Mauern Öffnen e.V.
c/o Herrn Hoff","CHANCE IV, Bildhauerwerkstatt - Aussenwerkstatt",2011,2014,"228798,7",
"Mauern Öffnen e.V.
c/o Herrn Hoff","CHANCE III,  Aussenwerkstatt",2008,2010,,"139962,79"
Medienwerkstatt Huchting e.V.,Rein in die Zukunft,2008,2009,,"9952,1"
Medienwerkstatt Huchting e.V.,"Audiospuren und Fotostrecken zu Orten des
außerschulischen und beruflichen Lernens in Huchting",2013,2014,9000,
Medienwerkstatt Huchting e.V.,"""insan...mensch-komm mit nach morgen!""",2013,2014,6360,
Metallbau Stefan Knoop,Ausbildungsverhältnis,2013,2014,3000,
Meyerdiercks Marine GmbH & Co.KG,Ausbildungsverhältnis,2012,2013,,4000
"Mira Levinson
Kulturwissenschaften",Bewerbungswerkstatt Lehe,2013,2013,10000,
"Mira Levinson
Kulturwissenschaften",Bewerbungswerkstatt Grünhöfe,2012,2013,10000,
"Mira Levinson
Kulturwissenschaften",„Bewerbungen schreiben  ?  leicht gemacht“ in der Theo,2013,2014,10000,
"Mira Levinson
Kulturwissenschaften","„Bewerbungen schreiben  ?  leicht gemacht“ im DLZ
Grünhöfe",2013,2014,10000,
"Mira Levinson
Kulturwissenschaften","Lernwerkstatt ""Bewerbung""",2012,2012,,"9885,55"
Miriam Breitfelder,Remembory Lüssum 2012,2012,2012,,"6830,73"
Muth & Bahr Haustechnik GmbH,Ausbildungsverhältnis,2013,2014,3000,
Mütterzentrum Blockdiek e. V.,Inklusion durch Praktikum 2,2012,2013,"6984,64",
Mütterzentrum Blockdiek e. V.,Inklusion durch Praktikum,2013,2014,"6984,64",
Mütterzentrum Blockdiek e. V.,Inklusion durch Praktikum,2011,2012,,"6353,52"
Mütterzentrum Blockdiek e. V.,"Themenorientierter Deutschkurs ""Rund ums Kind""",2011,2011,,"3486,77"
Mütterzentrum Blockdiek e. V.,Migrantinnen auf dem Weg in die Berufstätigkeit,2013,2013,4426,
Mütterzentrum Blockdiek e. V.,Computerkurse für Frauen in Blockdiek,2009,2010,,"3440,7"
Mütterzentrum Blockdiek e. V.,Deutschkurs für Migrantinnen in Blockdiek,2010,2010,,"3905,22"
Mütterzentrum Blockdiek e. V.,Frauen aus aller Welt auf dem Weg in die Berufstätigkeit,2012,2013,,"3876,21"
Mütterzentrum Huchting e.V.,Perspektive Beruf ?!,2013,2014,"9959,73",
Mütterzentrum Huchting e.V.,Sprache will gesprochen werden,2012,2012,,"6697,9"
Mütterzentrum Huchting e.V.,Der Schlüssel zur Kompetenz,2012,2012,,"9996,8"
Mütterzentrum Huchting e.V.,Fremd ist die Fremde nur in der Fremde,2012,2013,"9997,4",
Mütterzentrum Huchting e.V.,"MOBIL - Motivation, Orientierung, Beratung, Integration,
Lebenslanges Lernen",2008,2009,,"141702,01"
Mütterzentrum Huchting e.V.,Gesund und mobil zum Ziel,2013,2014,"9999,3",
Mütterzentrum Huchting e.V.,Lernen braucht Bewegung,2012,2012,"7691,57",
Mütterzentrum Osterholz-Tenever e.V.,Vorkurs Altenhilfe für Migrantinnen,2009,2009,,"5909,06"
Mütterzentrum Osterholz-Tenever e.V.,EDV-gestützte Workshops,2012,2012,,"2727,65"
Mütterzentrum Osterholz-Tenever e.V.,Orientierungskurs für yezidische Frauen,2013,2013,3551,
Mütterzentrum Osterholz-Tenever e.V.,Bremen produktiv-integrativ Mütterzentrum / Tenever,2008,2010,,"1042891,54"
Mütterzentrum Osterholz-Tenever e.V.,Berufsvorbereitung für Frauen / Migrantinnen,2012,2013,,"7518,08"
Mütterzentrum Osterholz-Tenever e.V.,Berufliche Orientierung,2013,2013,"1408,65",
Mütterzentrum Osterholz-Tenever e.V.,Voneinander lernen Nachhilfe für Jugendliche,2012,2013,,"4445,44"
Mütterzentrum Osterholz-Tenever e.V.,"SVB.Q., ""BOBI - Berufliche Orientierung Beschäftigung
Integration für Frauen und Migrantinnen im Bremer Osten"",
geförderte Beschäftigung",2011,2012,,"413819,94"
Mütterzentrum Osterholz-Tenever e.V.,Berufspraktikum für Frauen mit Migrationshintergrund,2008,2008,,7000
Mütterzentrum Osterholz-Tenever e.V.,einZIGartig - Identitätsbuch,2011,2012,5040,
Mütterzentrum Osterholz-Tenever e.V.,Der rote Faden,2010,2011,,5911
Mütterzentrum Osterholz-Tenever e.V.,Fließend Deutsch sprechen,2012,2013,,"4364,4"
Mütterzentrum Osterholz-Tenever e.V.,"Voneinander lernen Qualifizierung und Nachhilfe für
Jugendliche",2013,2013,"3877,6",
Mütterzentrum Osterholz-Tenever e.V.,Job- und Qualifizierungsmarkt Tenever,2010,2010,,"6943,94"
Mütterzentrum Osterholz-Tenever e.V.,"""BOBI - Berufliche Orientierung Beschäftigung Integration
für Frauen und Migrantinnen im Bremer Osten"", geförderte
Beschäftigung ab 04/2012",2012,2014,"178026,4",
Mütterzentrum Osterholz-Tenever e.V.,Chancen nutzen,2013,2014,"9359,17",
Mütterzentrum Osterholz-Tenever e.V.,Rollen spielend Deutsch lernen,2013,2013,"3300,8",
Mütterzentrum Osterholz-Tenever e.V.,"Konzeptentwicklung für die Qualifizierung von
Migranten/innen",2013,2013,,6820
Mütterzentrum Osterholz-Tenever e.V.,Neztwerk Bildungszentrum Tenever,2009,2009,,"2748,78"
Mütterzentrum Osterholz-Tenever e.V.,"Beratungsprojekt zur beruflichen Orientierung für Frauen im
Bremer Osten",2008,2009,,"193016,15"
Mütterzentrum Osterholz-Tenever e.V.,"Beratungsprojekt zur beruflichen Orientierung für Frauen im
Bremer Osten",2011,2013,"284806,68",
Mütterzentrum Vahr e.V.,Ich möchte arbeiten-Von der Idee zur Umsetzung,2011,2013,"97520,88",
Mütterzentrum Vahr e.V.,Ich möchte arbeiten: Von der Idee zur Umsetzung,2008,2010,,"101217,52"
"Nah & Frisch
Inh. Stefan Benitz",Ausbildungsverhältnis,2012,2013,4000,
Naturkost  Kontor Bremen GmbH,Ausbildungsbonus,2012,2013,4000,
Netto Marken-Discount AG &Co.KG,Ausbildungsverhältnis,2012,2013,4000,
nordwest Logistik & Spedition GmbH,Ausbildungsverhältnis,2012,2013,5000,
Oelfke GmbH,Ausbildungsverhältnis,2013,2014,5000,
"ÖkoNet  Ökologie und
Personalentwicklung gGmbH","Injobs-ESF Ökonet U65SI11, geförderte Beschäftigung",2011,2011,,"54521,71"
"ÖkoNet  Ökologie und
Personalentwicklung gGmbH",Bremen produktiv - integrativ ÖkoNet und GRI / Verbund,2008,2010,"4140156,91",
"ÖkoNet  Ökologie und
Personalentwicklung gGmbH","Bremen produktiv - integrativ Gröpelinger Recycling
Initiative und ÖkoNet / Verbund (integrativ)",2008,2010,,"153072,43"
"ÖkoNet  Ökologie und
Personalentwicklung gGmbH","""Ökologisches Handeln und soziale Verantwortung für
Bremen-Huchting"", geförderte Beschäftigung",2011,2012,262436,
"ÖkoNet  Ökologie und
Personalentwicklung gGmbH","CHANCE III, Computer Recycling",2008,2010,,"173417,09"
"ÖkoNet  Ökologie und
Personalentwicklung gGmbH",MiLo Ökonet FAV,2013,2013,8647,
"ÖkoNet  Ökologie und
Personalentwicklung gGmbH","""Ökologisches Handeln u soziale Verantwortung f Bremen-
Huchting u Gemeinsam ökologisch Handeln f Bremen"",
geförderte Beschäftigung ab 04/2012",2012,2014,"582394,6",
Otto Hayen Haustechnik GmbH,Ausbildungsverhältnis,2011,2012,,3000
OXZY E. Kaufmann,Ausbildungsverhältnis,2013,2014,5000,
P.J. Schmidt GmbH,Ausbildungsverhältnis,2013,2014,5000,
Pädagogisches Zentrum Bremerhaven e.V.,Der zweite Schritt: A1,2013,2014,"9994,94",
Pädagogisches Zentrum Bremerhaven e.V.,Von D bis Z,2011,2011,,"9865,45"
Pädagogisches Zentrum Bremerhaven e.V.,"ABC / Ein niederschwelliges Alphabetisierungsangebot für
Flüchtlinge ohne Sprachkursanspruch",2010,2011,,"9405,08"
Pädagogisches Zentrum Bremerhaven e.V.,Ein erster Schritt,2013,2013,"9998,06",
Pädagogisches Zentrum Bremerhaven e.V.,Mein Ziel: A1,2012,2012,,"9998,36"
"Paritätisches Bildungswerk, LV Bremen e.V.",VIA 11 - Vielfalt in Arbeit - BremerForum Diversity,2011,2014,"110236,17",
"Paritätisches Bildungswerk, LV Bremen e.V.",VIA 11 - Vielfalt in Arbeit - Erwerbslose,2011,2014,"1049303,25",
"Paritätisches Bildungswerk, LV Bremen e.V.","""Ich kann helfen"" - Sprach- u. Kulturlotsen",2013,2014,"9417,7",
"Paritätisches Bildungswerk, LV Bremen e.V.",Mama lernt Deutsch,2013,2014,"9999,98",
"Paritätisches Bildungswerk, LV Bremen e.V.",KinderpflegerIn/SozialassistentIn (ehemals proKiTa II),2008,2011,"1263231,54",
"Paritätisches Bildungswerk, LV Bremen e.V.",Berufsbegleitende Ausbildung zur ErzieherIn/zum Erzieher,2008,2011,,"740151,66"
"Paritätisches Bildungswerk, LV Bremen e.V.",Mama lernt Deutsch,2011,2012,,"9689,93"
"Paritätisches Bildungswerk, LV Bremen e.V.",Alles unter einem Dach,2009,2012,,"20175,67"
"Paritätisches Bildungswerk, LV Bremen e.V.",Mama lernt Deutsch,2013,2014,"9986,21",
"Paritätisches Bildungswerk, LV Bremen e.V.","Berufsbeg. Ausbildung zur
ErzieherIn/HeilerziehungspflegerIn",2011,2014,"898260,42",
"Paritätisches Bildungswerk, LV Bremen e.V.","Umschulung zur SozialassistentIn/ErzieherIn mit
verschiedenen Zugangsmodulen",2011,2014,"941739,15",
"Paritätisches Bildungswerk, LV Bremen e.V.","Berufliche Grundqualifizierung für Bremerinnen aus aller
Welt",2012,2013,"48023,96",
"Paritätisches Bildungswerk, LV Bremen e.V.",Pflegequalifizierung für MigrantInnen,2012,2014,47931,
"Paritätisches Bildungswerk, LV Bremen e.V.",Mama lernt Deutsch,2014,2014,"4999,62",
"Paritätisches Bildungswerk, LV Bremen e.V.","Vielfalt in Abeit - VIA, Teilprojekt 2: Bremer Forum Diversity",2008,2011,,"313229,72"
"Praxis für Bildungs- und Berufsberatung & psychologische
Diagnostik GbR",Vahrer Ausbildungsmentoren,2013,2013,8250,
"Praxis für Bildungs- und Berufsberatung & psychologische
Diagnostik GbR",Ausbildungsmentoring,2012,2012,,9960
"Pro Familia, Deutsche Gesellschaft für Familienplanung,
Sexualpädagogik u. Sexualberatung - LV Bremen e.V.",Talk Company - Zukunft für junge Menschen,2013,2014,"7902,58",
"Pro Familia, Deutsche Gesellschaft für Familienplanung,
Sexualpädagogik u. Sexualberatung - LV Bremen e.V.",Talk Company,2012,2013,,"7621,18"
"Pro Familia, Deutsche Gesellschaft für Familienplanung,
Sexualpädagogik u. Sexualberatung - LV Bremen e.V.",SchülerInnen beraten SchülerInnen II,2011,2012,,"7494,02"
"Pro Familia, Deutsche Gesellschaft für Familienplanung,
Sexualpädagogik u. Sexualberatung - LV Bremen e.V.",SchülerInnen beraten SchülerInnen,2010,2011,,"8286,64"
Pro-Autoteile UG,Ausbildungsverhältnis,2013,2014,4000,
ProJob Bremen gGmbH,"Bremen produktiv-integrativ ProJob / Tagesjobprojekt
(integrativ)",2008,2010,,"140697,17"
ProJob Bremen gGmbH,"Bremen produktiv-integrativ ProJob / Allmende, Netzwerk,
Kunstbau, Cafeteria AFZ, Second-Hand-Shop (integrativ)",2008,2010,,"877965,55"
ProJob Bremen gGmbH,"Injobs-ESF ProJob U65SI11, geförderte Beschäftigung",2011,2011,42336,
ProJob Bremen gGmbH,"MAE. ProJob gGmbH, ""ProTach - Tagesjobprojekt"",
geförderte Beschäftigung",2011,2013,171898,
ProJob Bremen gGmbH,"MAE. ProJob Bremen gGmbH, ""Allmende Netzwerk"",
geförderte Beschäftigung",2011,2013,"494806,5",
ProJob Bremen gGmbH,"MAE. ProJob Bremen gGmbH, ""Baukunst"", geförderte
Beschäftigung",2011,2013,"309431,53",
ProJob Bremen gGmbH,"MAE. ProJob Bremen gGmbH, ""ProShop - Secondhand
Laden"", geförderte Beschäftigung",2011,2013,171992,
ProJob Bremen gGmbH,"MAE. ProJob Bremen gGmbH, ""Baukunst""; geförderte
Beschäftigung ab 02/2013",2013,2014,104805,
ProJob Bremen gGmbH,"MAE. ProJob Bremen gGmbH, ""ProShop""; geförderte
Beschäftigung ab 02/2013",2013,2014,69870,
ProJob Bremen gGmbH,"MAE. ProJob Bremen gGmbH, ""ProTach""; geförderte
Beschäftigung ab 02/2013",2013,2014,69870,
PS Personal Spezial GmbH,Ausbildungsverhältnis,2012,2013,4000,
Psychologische Praxis Khanaqa-Kükelhahn,"Wir, hier! Gestern, Heute, Morgen",2013,2013,"9962,5",
Psychologische Praxis Khanaqa-Kükelhahn,Wir sind Vahr!,2012,2012,,"9962,5"
"Pusdorfer Reiseland
Inh. Gabriele Wolter",Ausbildungsverhältnis,2012,2013,3000,
Quartier gGmbH,In Hülle und Fülle - Modeprojekt für gewichtige Frauen,2010,2010,10000,
Quartier gGmbH,Luftmasche & Nadelstich - ein Textilkunstprojekt für Frauen,2012,2013,,10000
Quartier gGmbH,Sonderqualifizierung Messeorganisation,2009,2009,,"7666,7"
Quartier gGmbH,Schülerfirma K-Tower Team,2010,2010,,"8061,32"
Quartier gGmbH,Modellprojekt act,2012,2013,"109708,73",
Quartier gGmbH,In Hülle und Fülle 2,2011,2011,,8000
Quartier gGmbH,"Bremen produktiv-integrativ Quartier / Kattenturm-
Mitte/Upsign",2008,2010,,"733572,77"
Quartier gGmbH,Berufsfelderkundung Bühnenberufe - OPERA,2012,2013,"6595,6",
Quell BildungsKonzepte GmbH,FiFa -  Bremerhaven,2012,2013,"46867,79",
"Rad & Tour, Feine Räder",Ausbildungsverhältnis,2013,2014,4000,
Reifen Becker,Ausbildungsverhältnis,2013,2014,3000,
Reinhard Büsching,PLANFILM - Filmen und arbeiten nach Plan,2008,2009,,10000
Reinhard Büsching,"Theorie und Praxis - In filmischer Arbeit Lösungen von
Aufgaben finden",2009,2009,,10000
Restaurant Manitu,Ausbildungsverhältnis,2012,2013,4000,
RKW Bremen GmbH,"Gründerfabrik Bremen -Existenzgründungsberatung für
Arbeitslose, Frauen und Personen mit
Migrationshintergrund",2008,2010,,"986604,39"
RKW Bremen GmbH,Gründungsfabrik,2011,2014,"691405,67",
"Röder Medienconsulting und Produktionsdienstleistung
UG",Kattenturmer Bildungsforum,2013,2013,10000,
"Röder Medienconsulting und Produktionsdienstleistung
UG",Kattenturm goes Work,2011,2012,,"9904,04"
"Röder Medienconsulting und Produktionsdienstleistung
UG",Arsten goes Work,2012,2013,9998,
"Rolling Disco GbR, Inh. Zaepernick & Ullrich",DJ School 2.0,2010,2010,,"7790,05"
"Rolling Disco GbR, Inh. Zaepernick & Ullrich",Wohlers Eichen DJ School,2009,2009,,"5470,85"
Ronald Meyer GmbH & Co.KG,Ausbildungsverhältnis,2012,2013,3000,
SAWIDA Dachdeckermeisterbetrieb,Ausbildungsverhältnis,2012,2013,4000,
Schröter Raumausstattung,Ausbildungsverhältnis,2012,2013,3000,
Schule für alle in Bremerhaven gGmbH,MediKom,2011,2012,,"9006,9"
Schulverein d. SZ Hemelingen e.V.,Bewerbungscamp 2012,2012,2012,,"5320,4"
Schulverein d. SZ Hemelingen e.V.,Bewerbercamp 2013,2013,2013,"4651,4",
Schulverein d. SZ Hemelingen e.V.,Bewerbungscamp der Wilhelm-Olbers-Schule,2011,2012,"4455,8",
Schulverein der Gerhard-Rohlfs-Schule,"""Mut zur Ausbildung"" / Du hälst durch",2011,2012,9990,
Schulverein der Gerhard-Rohlfs-Schule,Du packst es an,2011,2011,,7072
Schulverein der Grundschule Andernacher Straße,Sprachkurs für Migrantinnen,2010,2011,,"2313,55"
Schulverein der Grundschule Andernacher Straße,Sprachkurs für Migrantinnen und Migranten,2009,2010,,"2378,15"
Schulverein der Schule am Pfälzer Weg,Frühstück in der Schule II,2009,2009,,"1982,5"
Schulverein der Schule am Pfälzer Weg,Frühstück in der Schule,2008,2009,,2048
"Schulverein des Schulzentrums an der
Kornstrasse e.V.",Flamingo-Gym II,2011,2012,4680,
"Schulverein des Schulzentrums an der
Kornstrasse e.V.",Flaminga-Gym,2010,2011,,4600
"Schulverein des Schulzentrums an der
Kornstrasse e.V.",Gewaltprävention,2012,2013,4800,
"Schulverein des Schulzentrums an der
Kornstrasse e.V.",Menschentheater,2012,2013,4662,
"Schulverein SZF e. V.
z. Hd. Kh. Titkemeyer",Tauchprojekt zur Gewaltprävention für Jugendliche,2008,2008,,7870
Schulz Systemtechnik GmbH,"Ganzheitliche Weiterbildung in Idustrierobotik einschließlich
Leichtbaurobotik für verschiedene Zielgruppen (InduRob);",2013,2014,"210954,69",
Selbsthilfe Sozialzentrum - SHSZ - e. V.,"Bremen produktiv-integrativ Selbsthilfe Sozialzentrum /
Integration und Diversität (Sonderfall: ESF-Mittel nur zur
Strukturerhaltung)",2008,2008,,"58806,1"
Senator für Justiz und Verfassung,"CHANCE IV, Gesamtkoordination und Diagnose - Profiling -
Assessment",2011,2014,"427740,48",
Senator für Justiz und Verfassung,"CHANCE III, Gesamtkoordination / DPA",2008,2010,,"591811,79"
Senatorin für Bildung und Wissenschaft,"LuRa - (Pilot und Hauptphase) Servicetechniken in der Luft-
und Raumfahrt",2011,2013,"674119,68",
Senatorin für Bildung und Wissenschaft,Übergangsoptimierung Bremen Nord,2013,2014,"353084,84",
Senatorin für Bildung und Wissenschaft,WiQi,2012,2014,793998,
Senatorin für Bildung und Wissenschaft,C-GIBO,2009,2012,"328046,82",
Senatorin für Bildung und Wissenschaft,C-ILA,2009,2012,"1146302,74",
Senatorin für Bildung und Wissenschaft,"Verbesserung der Berufsfähigkeit von Jugendlichen und
jungen Erwachsenen SoPu II",2008,2010,"123763,26",
Senatorin für Bildung und Wissenschaft,VegeMINT,2012,2014,"400652,17",
Senatorin für Bildung und Wissenschaft,"C-Entwicklung und Implementation eines Konzepts zur
Förderung lernbenachteiligter Jugendlicher durch
praxisorientiertes Lernen(FöJu)",2009,2012,"1453290,62",
Senatorin für Bildung und Wissenschaft,Steuerungstechnische Basisqualifikation (SBQ),2008,2010,,"644434,09"
Senegal und Freunde e.V.,Multiplikatoren-Schulung,2011,2012,,"9996,68"
Senegal und Freunde e.V.,Honorare für BürgerEngagagement-Clubleitung,2012,2013,,"8398,13"
Shefik Übersetzungsbüro,Ausbildungsverhältnis,2012,2013,,4000
"Solidarische Hilfe e. V.
Sozialberatung",Erwerbslosen- und Sozialberatung,2008,2010,,"201692,73"
"Solidarische Hilfe e. V.
Sozialberatung","Unabhängige Erwerbslosen- und Sozialberatung im Bremer
Süden",2011,2012,133300,
"Solidarische Hilfe e. V.
Sozialberatung",Offene Erwerbslosen- und Sozialberatung,2013,2014,"146150,19",
"SOS Kinder- und Jugendhilfen Bremen-Diepholz-Verden
e. V.",SOS Bildungsbüro,2012,2012,,"9550,07"
"SOS Kinder- und Jugendhilfen Bremen-Diepholz-Verden
e. V.",SOS-Bildungsbüro,2010,2011,,10000
Sozialpädagogiche Familien- und Lebenshilfe e.V.,"""FIZ"" - Fit in die Zukunft",2008,2009,,"14145,16"
Sozialpädagogiche Familien- und Lebenshilfe e.V.,LeBe - Lebensplanung und Berufswahl,2009,2010,,"2500,47"
Sportvereingung Hemelingen v. 1858 e.V.,Übungsleiterausbildung Hemelingen 2010,2010,2010,,"4381,34"
St. Petri Kinder- und Jugendhilfe,Bildungsangebote in Hemelingen,2013,2014,7000,
St. Petri Kinder- und Jugendhilfe,Lese- und Schreibwerkstatt für Jugendliche,2011,2012,,"2998,88"
St. Petri Kinder- und Jugendhilfe,Nachhilfe für junge Menschen aus Tenever,2011,2012,,"4999,39"
St. Petri Kinder- und Jugendhilfe,Kompetenznachweis Kultur,2012,2013,,"3736,65"
St. Petri Kinder- und Jugendhilfe,Das bin ich 2014,2013,2014,10000,
St. Petri Kinder- und Jugendhilfe,Bewerbungstraining in Tenever,2013,2014,10000,
St. Petri Kinder- und Jugendhilfe,Sitzskulptur,2011,2011,,5510
St. Petri Kinder- und Jugendhilfe,Elterntraining zur Suchtmittelprävention,2009,2010,,"4524,99"
St. Petri Kinder- und Jugendhilfe,RAP Tanztheater,2011,2012,,"9717,37"
St. Petri Kinder- und Jugendhilfe,Kompetenztraining mit Pferden,2009,2010,,2500
St. Petri Kinder- und Jugendhilfe,Kreative Bewerbungen,2009,2010,,"3451,47"
St. Petri Kinder- und Jugendhilfe,Mit Hilfe von Schulpaten die Ausbildungsreife verbessern,2012,2012,,"9609,67"
St. Petri Kinder- und Jugendhilfe,Know How für Azubi`s,2008,2009,,"7220,74"
St. Petri Kinder- und Jugendhilfe,fit forever,2013,2013,8000,
St. Petri Kinder- und Jugendhilfe,Bildungsangebote,2012,2013,,7000
St. Petri Kinder- und Jugendhilfe,Nachhilfe für Schüler/-innen u. Azubis aus Tenever,2012,2012,,5000
St. Petri Kinder- und Jugendhilfe,Blickpunkt Bildung,2010,2010,,5000
St. Petri Kinder- und Jugendhilfe,Training zur Konfliktlösung für junge Menschen in Tenever,2009,2009,,"2998,74"
St. Petri Kinder- und Jugendhilfe,Streetwork,2009,2009,,"4980,86"
St. Petri Kinder- und Jugendhilfe,Weiterentwicklung Schulpatenkonzept,2013,2013,4670,
St. Petri Kinder- und Jugendhilfe,"Deutschkurs für unbegleitete, minderjährige Flüchtlinge",2013,2013,3509,
St. Petri Kinder- und Jugendhilfe,Mit Nachhilfe klappt's,2013,2014,"6916,34",
St. Petri Kinder- und Jugendhilfe,Nachhilfe im Jugendhaus Tenever,2013,2014,5000,
St. Petri Kinder- und Jugendhilfe,Was kostet das Leben ?,2013,2014,"4976,28",
St. Petri Kinder- und Jugendhilfe,"Nachhilfe für Azubis und Schüler/-innen der
Abgangsklassen",2011,2012,,"6594,09"
St. Petri Kinder- und Jugendhilfe,Durchblick,2010,2011,"6784,31",
St. Petri Kinder- und Jugendhilfe,Bewerbungen kreativ gestalten,2011,2011,4462,
St. Petri Kinder- und Jugendhilfe,Smart Defense System,2010,2010,,"1407,43"
stadtland+ GmbH,Gesund aufwachsen / Hohentor,2011,2012,,9990
stadtland+ GmbH,Gesund aufwachsen in Huckelriede,2011,2012,,9977
stadtland+ GmbH,Gesund aufwachsen im Hohentor,2012,2013,9996,
stadtland+ GmbH,Entwurf eines Aktionsmobils zum Aufbau einer Schülerfirma,2013,2014,9998,
stadtland+ GmbH,Rezeptheft Gesundheit,2013,2014,7490,
stadtland+ GmbH,Gesund aufwachsen in Huckelriede,2012,2013,9984,
stadtland+ GmbH,Gesund aufwachsen im Hohentor,2013,2014,9990,
Stadtteil-Stiftung Hemelingen,Berufsorientierung Hemelingen,2013,2013,9915,
Stadtteil-Stiftung Hemelingen,Berufsorientierung Hemelingen,2012,2012,,9815
"Stichweh
Änderungsschneiderei im Weserpark
Inh. Farkrondeh Esmaieli",Ausbildungsverhältnis,2013,2014,3000,
Stiftung Alten Eichen von 1596,Mütter auf der Suche nach neuen Möglichkeiten,2010,2011,,"9998,21"
Stiftung Alten Eichen von 1596,Elternbildung Kopernikusquartier,2008,2009,,"4257,02"
Stiftung Alten Eichen von 1596,Deine Zukunft,2010,2011,,"9903,34"
Stiftung Alten Eichen von 1596,Deine Zukunft 2,2011,2012,"9999,22",
Stiftung Alten Eichen von 1596,"Bildungsförderung und berufliche Kompetenzerweiterung
für gering qualifizierte Mütter im Kopernikusquartier",2009,2010,,"5251,72"
Stiftung Alten Eichen von 1596,Mütter auf der Suche nach neuen Möglichkeiten 2,2011,2012,,"9985,48"
Sylvia Christina Händel,Das EINzigARTich_Buch-Identitätsbuch,2013,2013,"8515,5",
Tabak & Presse-Eck by Pascha,Ausbildungsverhältnis,2013,2014,4000,
TeeGschwendner Bremen,Ausbildungsverhältnis,2012,2013,4000,
"Therese Krause
Schneider-Meisterbetrieb",Berufsorientierung im Schneiderhandwerk,2013,2014,10000,
"Tierheilpraxis & Katzenpension
Stephanie Sikora",Ausbildungsverhältnis,2012,2013,3000,
time Fashion,Ausbildungsverhältnis,2013,2014,4000,
Tischlerei Bischoff e.K.,Ausbildungsverhältnis,2013,2014,5000,
TUS Huchting von 1904 e. V.,Übungsleiter/-innen Ausbildung,2009,2009,,7350
"Umut e. V.
c/o Ali Kozulcali",Perspektive für türkische Mädchen und Jungen,2008,2009,,9944
Universität Bremen,A-OPTI-QUA,2009,2011,"608282,08",
Universität Bremen,A-ABO für die Zukunft,2008,2011,"1440704,04",
Universität Bremen,"KitaLQ - Perspektiven für Kita-Fachkräfte in Leitung und
Anleitung",2012,2014,"185914,64",
Universität Bremen,"Assistenzrobotik; betriebsbezogene Weitterbildung für den
Robotikeinsatz in der Gesundheitswirtschaft und
Lebensnmittelindustrie",2013,2014,"284278,22",
Universität Bremen,NQVorE-Teil ITB,2013,2014,"99938,19",
Universität Bremen,"Zukunftsorientierte Kompetenzen für Fachkräfte aus
Kindertageseinrichtungen",2008,2010,"399917,68",
Universität Bremen,"Logistik und IT - Aufbau eines interdisziplinären
Weiterbildungsangebotes im Branchendialog",2012,2014,"876591,77",
Universität Bremen,Exzellenzinitiative,2008,2012,"2119705,19",
Universität Bremen,"Lernortkooperation zur Integration von Arbeitslosen An- und
Ungelernten in die Metallbranche (AU - Metall)",2008,2009,,"106920,08"
Universität Bremen,Bleib dran Bremen und Bremerhaven,2012,2014,"369500,49",
Universität Bremen,Exzellenzinitiative,2008,2012,"832256,79",
Universität Bremen,"A-Vermeidung von Ausbildungsabbrüchen in der Stadt
Bremerhaven",2009,2011,,"76709,67"
Universität Bremen,"Professionelle Serviceroboter und ihre Anwendungen in
KMUs",2013,2014,"94712,79",
Universität Bremen,FIT in MINT (bbQ),2010,2013,"924596,5",
Universität Bremen,"A-Vermeidung von Ausbildungsabbrüchen in der Stadt
Bremen 2009 - 2011",2009,2011,,"159995,81"
Universität Bremen,FIT in MINT (bQ),2010,2013,"1050652,49",
"Ute Bullert
Sprachkurse im Betrieb",Was muss eine/r wissen,2013,2014,10000,
"Ute Bullert
Sprachkurse im Betrieb",Werkstattorientierter Unterricht,2013,2014,3000,
"Ute Bullert
Sprachkurse im Betrieb",Arbeitsalltag - Mut zum Sprechen,2012,2013,,4670
"Ute Bullert
Sprachkurse im Betrieb","Verstehen ist gut , sprechen ist besser",2013,2014,5000,
"Ute Bullert
Sprachkurse im Betrieb",Arbeit und Umwelt,2014,2014,8000,
"Ute Bullert
Sprachkurse im Betrieb","Wer mitreden kann ist klar im Vorteil, Berufssprache &
Bewerbungstraining",2013,2013,10000,
"Ute Bullert
Sprachkurse im Betrieb",Grammatik als Werkzeug - Werkzeuge mit Grammatik,2012,2012,,3000
"Verbund Bremer Kindergruppen
""zusammen groß werden""  e.V.",Familiennetzwerk und offene Beratung,2008,2010,,"323292,61"
Verein Bremische Straffälligenbetreuung,Soziale Arbeit mit Partnerinnen von Inhaftierten,2008,2009,,"9948,63"
Verein Bremische Straffälligenbetreuung,"Beratung und Förderung sozialer Kompetenzen bei Frauen
von Inhaftierten",2013,2014,"9993,07",
Verein Bremische Straffälligenbetreuung,Gesundheitsförderung für inhaftierte Frauen,2012,2013,,"7339,91"
Verein Bremische Straffälligenbetreuung,Gesundheitliche Förderung für inhaftierte Frauen,2013,2014,8243,
Verein Bremische Straffälligenbetreuung,Selbsthilfeförderung bei Frauen von Inhaftierten,2009,2010,,10000
Verein Bremische Straffälligenbetreuung,"Aufsuchende und begleitende Hilfen für Frauen von
Inhaftierten",2010,2011,,"9997,23"
Verein Bremische Straffälligenbetreuung,"Unterstützung der Verselbständigung von Frauen
Inhaftierter",2012,2012,,"9827,49"
Verein für Innere Mission in Bremen,Obdach-Lotse,2013,2013,"9324,92",
Verein für Innere Mission in Bremen,Kontakt- und Sprechstundenangebot Lobbendorfer Mühle,2011,2012,,"8528,44"
Verein für Innere Mission in Bremen,"Kontakt- und Sprechstundenangebot ""Lobbendorfer Mühle""",2012,2013,10000,
Verein für Innere Mission in Bremen,"Kontakt- und Sprechstundenangebot ""Lobbendorfer Mühle""",2013,2014,10000,
Verein für Recycling u. Umweltschutz Bremen-West e.V.,MiLo VfR FAV,2013,2013,1015,
Verein für Recycling u. Umweltschutz Bremen-West e.V.,"Bremen produktiv-integrativ Verein für Recycling /
Recycling-Börsen Bremen",2008,2010,"1105596,68",
Verein für Recycling u. Umweltschutz Bremen-West e.V.,"Injobs-ESF Verein für Recycling und Umweltschutz U65T11
Recycling-Börsen, geförderte Beschäftigung",2011,2011,109368,
Verein Nachbarschaftshaus Bremen e.V.,PC-Qualifizierungskurs für Frauen,2008,2009,,"2266,23"
"Verein zur Förderung akzeptierter Jugendarbeit e.V.
Vaja",Integrationsprojekt für Jugendliche in Arbergen / Mahndorf,2008,2009,,"9225,73"
"Verein zur Förderung akzeptierter Jugendarbeit e.V.
Vaja",Zukunft sä(eh)en,2009,2010,,"8794,42"
"Verein zur Förderung akzeptierter Jugendarbeit e.V.
Vaja",Integrationsprojekt für Jugendliche in Arsten-Nord,2008,2009,,"8532,91"
"Verein zur Förderung akzeptierter Jugendarbeit e.V.
Vaja",Übergang Schule/Beruf im Kopernikusquartier,2009,2010,,"8832,94"
"Verein zur Förderung der  Gesundheit von Frauen und
Kindern e.V.: Frauengesundheitszentrum",Fit für den Job!,2008,2009,,"9505,79"
Vodafone Shop Bahnhofstr.,Ausbildungsverhältnis,2013,2014,4000,
"Vodafone Shop Roland-Center, Ürer Mobilfunk GmbH",Ausbildungaverhältnis,2013,2014,4000,
W. Ludolph GmbH & Co.KG,Ausbildungsverhältnis,2012,2013,5000,
W. Ludolph GmbH & Co.KG,Ausbildungsverhältnis,2012,2013,5000,
"WABEQ - Waller Beschäftigungs- und
Qualifizierungsgesellschaft mbHg",Gestaltung des sozialen Umfeldes,2009,2009,,"8127,5"
"WABEQ - Waller Beschäftigungs- und
Qualifizierungsgesellschaft mbHg","MOP Gröpelingen_Modelprojekt zur
Beschäftigungsförderung für Personen mit
Migrationshintergrund;",2013,2014,"664464,87",
"WABEQ - Waller Beschäftigungs- und
Qualifizierungsgesellschaft mbHg","FOR. SVB.O Waller Beschäftigungs- und
Qualifizierungsgesellschaft mbHg, ""Wohnumfeld"",
geförderte Beschäftigung ab 04/2012",2012,2014,"37096,26",
"WABEQ - Waller Beschäftigungs- und
Qualifizierungsgesellschaft mbHg",MiLo WaBeQ FAV,2012,2014,"5432,62",
"WABEQ - Waller Beschäftigungs- und
Qualifizierungsgesellschaft mbHg","Fitmachen für den Arbeitsmarkt III- Alltagsbewältigung und
Integration",2010,2010,,"3879,97"
"WABEQ - Waller Beschäftigungs- und
Qualifizierungsgesellschaft mbHg","SVB.O. Waller Beschäftigungs- und
Qualifizierungsgesellschaft mbHg, ""Wohnumfeld"",
geförderte Beschäftigung",2011,2012,"352691,97",
"WABEQ - Waller Beschäftigungs- und
Qualifizierungsgesellschaft mbHg",Fitmachen für den Arbeitsmarkt II- Alltagsbewältigung,2008,2009,,"5646,4"
"WABEQ - Waller Beschäftigungs- und
Qualifizierungsgesellschaft mbHg","A-""Deine Chance"" -",2009,2011,"557114,35",
"WABEQ - Waller Beschäftigungs- und
Qualifizierungsgesellschaft mbHg",Mietertreff,2009,2010,,"8769,68"
"WABEQ - Waller Beschäftigungs- und
Qualifizierungsgesellschaft mbHg","Injobs-ESF WaBeQ U65T11 Sprache, geförderte
Beschäftigung",2011,2011,,"21153,96"
"WABEQ - Waller Beschäftigungs- und
Qualifizierungsgesellschaft mbHg","Injobs-ESF WaBeQ U65SI11 GTH, geförderte
Beschäftigung",2011,2011,,"14959,83"
"WABEQ - Waller Beschäftigungs- und
Qualifizierungsgesellschaft mbHg","Injobs-ESF WaBeQ U65T11 Netzwerk GTH, geförderte
Beschäftigung",2011,2011,,"176920,45"
"WABEQ - Waller Beschäftigungs- und
Qualifizierungsgesellschaft mbHg","Bremen produktiv-integrativ WaBeQ /
Wohnumfeldverbesserungsmaßnahmen",2008,2010,,"980174,54"
"WABEQ - Waller Beschäftigungs- und
Qualifizierungsgesellschaft mbHg",Bremen produktiv-integrativ WaBeQ / Bike Points,2008,2010,,"835086,26"
"WABEQ - Waller Beschäftigungs- und
Qualifizierungsgesellschaft mbHg","Bremen produktiv-integrativ WaBeQ /
Bauteilewiederverwendung",2008,2010,,"130838,84"
"WABEQ - Waller Beschäftigungs- und
Qualifizierungsgesellschaft mbHg",JoKi - Job und Kind - beides gelingt,2013,2014,145000,
"WABEQ - Waller Beschäftigungs- und
Qualifizierungsgesellschaft mbHg",Are you ready!,2012,2013,"18958,65",
"WABEQ - Waller Beschäftigungs- und
Qualifizierungsgesellschaft mbHg",Förderung junger Mütter,2009,2010,,"2181,48"
"WABEQ - Waller Beschäftigungs- und
Qualifizierungsgesellschaft mbHg","SVB.O. Waller Beschäftigungs- und
Qualifizierungsgesellschaft mbHg, ""Bike Points"", geförderte
Beschäftigung",2011,2011,157248,
"WABEQ - Waller Beschäftigungs- und
Qualifizierungsgesellschaft mbHg",Nähwerkstatt,2011,2012,,"9954,57"
"WABEQ - Waller Beschäftigungs- und
Qualifizierungsgesellschaft mbHg","Mietertreff - Förderung der Selbsthilfekompetenzen von
Bewohnern",2008,2009,,"8849,28"
"WABEQ - Waller Beschäftigungs- und
Qualifizierungsgesellschaft mbHg",Internationaler Frauentreffpunkt,2009,2010,,"5367,34"
"WABEQ - Waller Beschäftigungs- und
Qualifizierungsgesellschaft mbHg",GAfA West,2011,2012,70000,
"WABEQ - Waller Beschäftigungs- und
Qualifizierungsgesellschaft mbHg","Frauennetzwerk zur Unterstützung der Integration von
Migrantinnen",2008,2009,,"9166,57"
"WABEQ - Waller Beschäftigungs- und
Qualifizierungsgesellschaft mbHg",Herbstcamp 2011,2011,2011,,"26291,06"
Wassersportverein Hemelingen e. V.,Segeln in der Ganztagsschule,2011,2012,7000,
Wassersportverein Hemelingen e. V.,Segel-Projekt,2013,2014,6250,
Wassersportverein Hemelingen e. V.,"Segeln- ein besonderes Lern- und Freizeitangebot für die
Ganztagsschule mit Sportlichem Profil",2010,2011,,"6102,54"
Wassersportverein Hemelingen e. V.,Segel-Projekt,2012,2013,7000,
"Wilde Bühne e. V.
Soziokulturelles Forum für ehemals
drogenabhängige junge Menschen","Resozialisierung durch Theaterarbeit von Menschen mit
ehemals Drogenabhängigen",2012,2013,10000,
"Wilde Bühne e. V.
Soziokulturelles Forum für ehemals
drogenabhängige junge Menschen",Resozialisierung durch Theaterarbeit,2011,2012,,10000
"Wilde Bühne e. V.
Soziokulturelles Forum für ehemals
drogenabhängige junge Menschen",Theaterstück mit ehemaligen Drogenabhängigen,2009,2010,,10000
"Wilde Bühne e. V.
Soziokulturelles Forum für ehemals
drogenabhängige junge Menschen","Rückfallprophylaxe durch Theater mit ehemaligen
Drogenabhänigen",2010,2011,,10000
Wir in Tenever e. V.,"Bildung und Qualifizierung der Jugendlichen mit
Sportangebot",2010,2010,,"3422,08"
"WISAG Gebäudereinigung Nord GmbH & Co.KG, NL
Bremen",Ausbildungsverhältnis,2012,2013,4000,
"WiSoAk - Wirtschafts- und Sozialakademie
der Arbeitnehmerkammer Bremen gGmbH",ikö-Bremen,2008,2010,,"261834,91"
"WiSoAk - Wirtschafts- und Sozialakademie
der Arbeitnehmerkammer Bremen gGmbH","QuaFiMa - Qualifizierung von Frauen in betrieblichen
Funktionen und Management",2011,2014,"374519,46",
"WiSoAk - Wirtschafts- und Sozialakademie
der Arbeitnehmerkammer Bremen gGmbH",QuaPa,2011,2013,"179975,84",
"WiSoAk - Wirtschafts- und Sozialakademie
der Arbeitnehmerkammer Bremen gGmbH",Online-Service- und Media-Center,2008,2010,,"623259,32"
"WiSoAk - Wirtschafts- und Sozialakademie
der Arbeitnehmerkammer Bremen gGmbH",ProgeGe,2012,2014,"371645,92",
"WiSoAk - Wirtschafts- und Sozialakademie
der Arbeitnehmerkammer Bremen gGmbH",ikö-bremen II,2010,2013,"407023,98",
"WiSoAk - Wirtschafts- und Sozialakademie
der Arbeitnehmerkammer Bremen gGmbH",KomQua-Beschäftigte,2008,2011,"555430,51",
"WiSoAk - Wirtschafts- und Sozialakademie
der Arbeitnehmerkammer Bremen gGmbH",KomQua-Arbeitslose,2008,2011,"2426353,96",
"WiSoAk - Wirtschafts- und Sozialakademie
der Arbeitnehmerkammer Bremen gGmbH",PfleKomp-Beschäftigte,2008,2010,"187620,78",
"WiSoAk - Wirtschafts- und Sozialakademie
der Arbeitnehmerkammer Bremen gGmbH","B-""Schulverbund der Altenpflegeschulen in Bremen""",2008,2011,"815522,68",
"WiSoAk - Wirtschafts- und Sozialakademie
der Arbeitnehmerkammer Bremen gGmbH","GEHeim - Geprüfte/r verantwortliche/r Einrichtungs- und
Heimleiter/in in unterstützenden Wohnformen.",2011,2013,"349388,67",
"WiSoAk - Wirtschafts- und Sozialakademie
der Arbeitnehmerkammer Bremen gGmbH",IT-LogistikerIn,2011,2013,"429653,74",
Zaubernuss-Welt,Ausbildungsverhältnis,2012,2013,,3000
