Name des Begünstigten,Bezeichnung des Vorhabens,Jahr der Bewilligung / Jahr der Restzahlung,Gewährte Beträge,Bei Abschluss des Vorhabens gezahlte Gesamtbeträge
A. P. Paletten-Recycling GmbH,Erweiterung einer Betriebsstätte,2011,"0,00","32.310,00"
ABC-Labor GmbH,Erweiterung einer Betriebsstätte,2011,"0,00","72.000,00"
Abfallwirtschaftsbetrieb des Landkreises   Ahrweiler,"""Umweltlernschule plus"" Niederzissen",2009,"0,00","461.534,64"
"Ademes,Theo",Erweiterung einer Betriebsstätte,2009,"0,00","17.395,80"
ADIK Fahrzeugbau GmbH,Erweiterung einer Betriebsstätte,2009,"0,00","56.520,00"
Aero Avionik GmbH,Erweiterung einer Betriebsstätte,2013,"0,00","5.273,77"
Aesku.Diagnostics und   Aesku.Systems GmbH & Co. KG,FuE-Vorhaben,2011,"0,00","388.354,36"
AFPT GmbH,Fue-Vorhaben,2012,"0,00","143.876,38"
"AFS Federhenn Maschinen GmbH und   Simmerner WORKER
Beteiligungs gesellschaft mbH",Erweiterung einer Betriebsstätte,2009,"0,00","249.996,68"
Agrilux Beteiligungs GmbH   c/o AJW Jung und Wigger GmbH,Erweiterung einer Betriebsstätte,2009,"0,00","53.760,00"
"AKL-tec GmbH und Elben-AKL Verwaltungs-   und Beteiligungs
GmbH",Erweiterung einer Betriebsstätte,2009,"0,00","78.237,26"
AKV Baukranservice GmbH und   Kraus und Nothof GdbR,Erweiterung einer Betriebsstätte,2013,"0,00","57.460,00"
Albert Schütz GmbH,Erweiterung einer Betriebsstätte,2009,"0,00","148.500,00"
Alff Friedrich,Errichtung einer Betriebsstätte,2008,"0,00","131.916,00"
Alois und Margit Ruppert GbR   Hotel Felsenland,Erweiterung einer Betriebsstätte,2011,"540.000,00","0,00"
Alois und Margit Ruppert GbR   Hotel Felsenland,Erweiterung einer Betriebsstätte,2015,"0,00","180.000,00"
Ambos Björn,Erweiterung einer Betriebsstätte,2010,"0,00","87.611,28"
Ancotek GmbH,FuE-Vorhaben,2012,"0,00","36.628,52"
and. kommunikationsdesign GbR,Verlagerung eines Betriebes in das Fördergebiet,2014,"0,00","20.906,24"
Anders e.K. Manfred,Erweiterung einer Betriebsstätte,2008,"0,00","150.000,00"
Anell und Gottfried Anell Natursteinwerk Gottfried GmbH,Erweiterung einer Betriebsstätte,2011,"0,00","21.600,00"
Appeltrath und Steuerwald GbR,Errichtung einer Betriebsstätte,2009,"0,00","24.544,02"
AquaNatur Schwimmteiche GmbH und   AquaNatur GbR,Erweiterung einer Betriebsstätte,2011,"0,00","70.500,00"
Aran Koblenz Katrinka GbR   Inka Weisser & Katrin Schmidt,Errichtung einer Betriebsstätte,2012,"0,00","51.190,00"
"Arenz Grundstücks,- Josef und Pia Vermietungs- und
Verpachtungs GbR",Modellvorhaben Plusenergiegebäude im Gewerbebereich,2013,"0,00","150.000,00"
Armotec GmbH und   Arens Neuentwicklung und Vertrieb,Erweiterung einer Betriebsstätte,2009,"0,00","563.163,76"
ASB Grünland Helmut Aurenz GmbH,Errichtung einer Betriebsstätte,2009,"0,00","565.787,36"
Asmetec GmbH,Erweiterung einer Betriebsstätte,2011,"0,00","23.700,73"
Assenmacher Marco Schreinerei,Erweiterung einer Betriebsstätte,2014,"0,00","68.250,00"
ATESI Elektrotechnik GmbH,Errichtung einer Betriebsstätte,2013,"0,00","279.000,00"
Atrium Hotel Mainz   Inh. Dr. Lothar Becker e.K.,Erweiterung einer Betriebsstätte,2011,"0,00","528.000,00"
Auge und Optik Curschmann e.K.   Inh. Rainer Curschmann,Modernisierung von best. Unternehmens zur Bestandssicherung,2014,"0,00","25.000,00"
Augustin Haustechnik GmbH,Erweiterung einer Betriebsstätte,2014,"0,00","43.260,00"
Autohaus Newel GmbH,Erweiterung einer Betriebsstätte,2009,"0,00","208.800,00"
Automation Steeg und Hoffmeyer GmbH,FuE-Vorhaben,2012,"0,00","261.199,55"
"Autotherm Ludwig Brümmendorf GmbH & Co.   KG u.
Autotherm Immobilien GmbH & Co. KG",Erweiterung einer Betriebsstätte,2009,"0,00","49.958,45"
Aviation Technik GmbH,Errichtung einer Betriebsstätte,2010,"0,00","20.140,00"
Barth Ramona Hotel Lautertaler Hof,Erweiterung einer Betriebsstätte,2011,"0,00","273.570,00"
Bartz Ulrike Landmetzgerei Leander Bartz,Errichtung einer Betriebsstätte,2009,"0,00","23.520,00"
Barz Birgit Fa. Cad und More,Erweiterung einer Betriebsstätte,2009,"0,00","7.560,00"
"Barzen Schmierstoffe GmbH & Co. KG und   Mitunternehmer
Thomas Barzen",Erweiterung einer Betriebsstätte,2013,"0,00","49.500,00"
"Bastian industrial handling GmbH und   Georg Bastian bastian
industrial- rental e.K.",Erweiterung einer Betriebsstätte,2010,"0,00","92.049,45"
Bauelemente Ziewers GmbH,Erweiterung einer Betriebsstätte,2010,"0,00","127.500,00"
Bauer Hans-Josef Hotel Berghof,Erweiterung einer Betriebsstätte,2009,"0,00","7.059,92"
Bauer-Steffel Maria Hotel Rheinpracht,Erweiterung einer Betriebsstätte,2009,"0,00","17.789,94"
Bauer-Steffel Maria Hotel Rheinpracht,Erweiterung einer Betriebsstätte,2010,"0,00","11.023,55"
"Baugewerbeverband Rheinland-Pfalz e.V.   Fachgruppe
Zimmerer und Holzbaugewerbe","Pilotprojekt ""SWOT-Analyse im Holzbaugewerbe""",2011,"0,00","5.000,00"
"Baugewerbeverband Rheinland-Pfalz e.V.   Fachgruppe
Zimmerer und Holzbaugewerbe",Cluster Forst und Holz: Fachstudienreisen zur Fortbildung,2011,"0,00","17.552,01"
"Baugewerbeverband Rheinland-Pfalz e.V.   Fachgruppe
Zimmerer und Holzbaugewerbe",Fachstudienreise zur Fortbildung im Bereich Holzbau,2013,"0,00","6.355,28"
"Baugewerbeverband Rheinland-Pfalz e.V.   Fachgruppe
Zimmerer und Holzbaugewerbe",Fachstudienreise zur Fortbildung im Bereich Holzbau,2014,"0,00","7.473,27"
Becker Christel,Erweiterung einer Betriebsstätte,2009,"0,00","44.006,19"
Becker Freizeitsee GmbH,Erweiterung einer Betriebsstätte,2009,"0,00","827.009,93"
Becker GmbH,Erweiterung einer Betriebsstätte,2010,"0,00","15.000,00"
Becktronic GmbH,Erweiterung einer Betriebsstätte,2010,"0,00","54.943,90"
Beinlich Agrarpumpen und -maschinen GmbH,Erweiterung der Betriebsstätte,2012,"0,00","111.780,00"
"Beitzel, Burggraf, Simon und Simon   Vermietungs GdbR und IT
-Haus GmbH",Erweiterung einer Betriebsstätte,2008,"0,00","243.184,45"
Bell Erika Schreinerei Bell,Erweiterung einer Betriebsstätte,2012,"0,00","23.250,00"
Bengel Ottmar Bengel's Hotel-Restaurant,Erweiterung einer Betriebsstätte,2010,"0,00","46.770,00"
Berg Martina Vulkanhotel Steffelberg,Erweiterung einer Betriebsstätte,2010,"0,00","60.640,00"
Bernd Mudersbach und Mudersbach   GmbH & Co. KG,Erweiterung einer Betriebsstätte,2013,"0,00","330.000,00"
Bernd Mudersbach und Mudersbach   GmbH & Co. KG,Erweiterung einer Betriebsstätte,2012,"0,00","370.404,62"
Beyer Mietservice KG und Dieter Beyer,Erweiterung einer Betriebsstätte,2009,"0,00","73.998,71"
BHA Bitburger Hochspannungsanlagen   GmbH & Co. KG,Erweiterung einer Betriebsstätte,2012,"0,00","94.200,00"
Biegler Andreas Weinresidenz Kaisergarten,Errichtung einer Betriebsstätte,2015,"0,00","392.700,00"
Biffar GmbH & Co.KG,FuE-Vorhaben,2010,"0,00","277.407,80"
BioNTech AG und EUFETS GmbH,Übernahme einer von Stilllegung bedrohten Betriebsstätte,2010,"0,00","238.460,25"
BioNTech Cell & Gene Therapies GmbH,FuE-Vorhaben,2011,"575.708,40","0,00"
BioNTech Diagnostics GmbH,FuE-Vorhaben,2012,"470.320,00","0,00"
BioNTech Protein Therapeutics GmbH,FuE-Vorhaben,2013,"474.760,00","0,00"
BioNTech RNA Pharmaceuticals GmbH,FuE-Vorhaben,2011,"601.965,00","0,00"
bit Informatik GmbH,Erweiterung einer Betriebsstätte,2010,"0,00","77.250,00"
BITO-Lagertechnik Bittmann GmbH,Erweiterung d. Betriebsst. Lauterecken,2011,"0,00","447.078,17"
BMT GmbH & Co. KG,Errichtung einer Betriebsstätte,2009,"0,00","20.099,97"
Boenig Präzisionswerkzeugbau GmbH,FuE-Vorhaben,2012,"0,00","230.580,00"
Böhmer und Böhmer Maschinenbau GmbH Christoph,Erweiterung einer Betriebsstätte,2012,"0,00","170.775,00"
Böhmer und Böhmer Maschinenbau GmbH Christoph,Erweiterung einer Betriebsstätte,2009,"0,00","273.092,71"
"Bollant's Projekt GmbH & Co. KG und   Romantik Hotel GbR,
Jan und Janine Bolland",Erweiterung einer Betriebsstätte,2010,"0,00","343.050,00"
Bong Stefan Schreinerei Stefan Bong,Erweiterung einer Betriebsstätte,2011,"0,00","16.760,73"
Books & Leporello   Druckweiterverarbeitungs GmbH,Erweiterung einer Betriebsstätte,2010,"0,00","88.342,27"
Books & Leporello   Druckweiterverarbeitungs GmbH,Erweiterung einer Betriebsstätte,2012,"0,00","102.472,97"
Bormann GmbH & Co. KG,Erweiterung einer Betriebsstätte,2010,"118.500,00","0,00"
Bormann GmbH & Co. KG,Erweiterung einer Betriebsstätte,2009,"0,00","114.270,38"
Brakonier Norbert Möbeltischlerei,Erweiterung einer Betriebsstätte,2013,"0,00","37.770,00"
Braun Martin Ingenieurbüro,Erweiterung einer Betriebsstätte,2013,"0,00","89.506,56"
Braun Martin Ingenieurbüro,Erweiterung einer Betriebsstätte,2011,"0,00","76.670,00"
Brausch Stefan Tischlerei Holzidee,Erweiterung einer Betriebsstätte,2011,"0,00","7.500,00"
Bretz Andreas Ireland's Own Irish Pub,Modernisierung eines bestehenden UN ́s zur Bestandssicherung,2011,"0,00","4.154,75"
Brosius Maschinenbau &   Stahlkonstruktionen GmbH,Errichtung einer Betriebsstätte,2011,"0,00","259.310,00"
"Brosius Maschinenbau &   Stahlkonstruktionen GmbH und
Thomas Brosius",Erweiterung einer Betriebsstätte,2011,"0,00","69.450,00"
"Brosius Maschinenbau &   Stahlkonstruktionen GmbH und
Thomas Brosius",Erweiterung einer Betriebsstätte,2012,"0,00","135.000,00"
Brüder Balazs GbR,Erweiterung einer Betriebsstätte,2010,"0,00","58.020,00"
Brüggemann-Berg Ruth Landhotel Berg,Erweiterung einer Betriebsstätte,2013,"34.290,00","0,00"
Brust & Schütz Schreinerei AG   Möbelschreinerei,Diversifizierung der Produktion einer Betriebsstätte,2013,"0,00","22.330,00"
BSB GmbH,Erweiterung einer Betriebsstätte,2013,"0,00","90.000,00"
BSB GmbH,Erweiterung einer Betriebsstätte,2010,"0,00","180.000,00"
Buchbinderei Schwind GmbH,Änderung des Gesamtproduktionsverfahrens gem. ÄB,2008,"0,00","86.589,75"
Bucher Lorenz,Erweiterung einer Betriebsstätte,2010,"0,00","31.246,31"
Buckermann Heiner Hotel zum Kurfürsten,Erweiterung einer Betriebsstätte,2012,"0,00","432.500,00"
BUKUMA GmbH,Erweiterung einer Betriebsstätte,2010,"0,00","85.500,00"
BUKUMA GmbH,Erweiterung einer Betriebsstätte,2010,"0,00","73.255,46"
Burger Stahlbau GmbH,Errichtung einer Betriebsstätte,2008,"0,00","19.400,00"
"Burgschänke Gaststättenbetriebs-GmbH und   Sievers &
Sievers GdbR",Erweiterung einer Betriebsstätte,2011,"0,00","120.000,00"
Burkhart Matthias,Erweiterung einer Betriebsstätte,2012,"0,00","39.600,00"
Business Innovation Center   Kaiserslautern GmbH (BIC),Innovationszentrum Westpfalz,2011,"0,00","224.135,99"
Business Innovation Center   Kaiserslautern GmbH (BIC),Neubau: Mieter- und aufgabenspez. räumliche Ausgestaltung,2011,"0,00","107.719,09"
"Camping Donnersberg Pfalz GmbH   Geschäftsführer Marcel
Olderaan",Erweiterung einer Betriebsstätte,2010,"0,00","9.120,00"
Campingpark Zell-Mosel   Inh. Marco Schawo e.K.,Erweiterung einer Betriebsstätte,2009,"0,00","123.899,25"
"Campingplatz Haumühle GmbH und   Cornelia Zewe & Bruno
Schmidt GbR Grundstücksgemeinschaft",Erweiterung eines Fremdenverkehrsbetriebes,2011,"0,00","59.900,30"
Carl Hoffmann Landmaschinen   Fachbetrieb GmbH,FuE-Vorhaben,2012,"0,00","172.044,00"
CC Pharma GmbH,Erweiterung einer Betriebsstätte,2010,"0,00","259.500,00"
Cellpack Lauterecken GmbH,Erweiterung einer Betriebsstätte,2013,"0,00","496.652,81"
Chemische Fabrik Budenheim KG,FuE-Vorhaben,2011,"0,00","319.177,31"
Chemische Fabrik Dr. Stöcker GmbH &   Co. KG,Erweiterung einer Betriebsstätte,2008,"0,00","384.779,83"
Chemische Fabrik Dr. Stöcker GmbH &   Co. KG,Erweiterung einer Betriebsstätte,2011,"0,00","75.545,32"
Chiptec-Maschinenbau GmbH,Erweiterung einer Betriebsstätte,2008,"0,00","8.250,00"
"Christian Schad GmbH & Co. KG und   Mitunternehmer
Andreas Schad",Modernisierung eines bestehenden UN ́s zur Bestandssicherung,2011,"0,00","19.632,13"
Christoph Otterbach GmbH und   Christoph Otterbach,Erweiterung einer Betriebsstätte,2014,"0,00","78.750,00"
CI3 Management UG   (haftungsbeschränkt),Auf- und Ausbau effizienter CI3 Clustermanagementstrukturen,2013,"0,00","397.885,50"
CirComp GmbH,Erweiterung einer Betriebsstätte,2012,"0,00","90.000,00"
"City-Hotel ""Kurfürst Balduin"" GmbH",Erweiterung einer Betriebsstätte,2011,"0,00","90.000,00"
"CNC - Abbund & Fertigelemente   Gottschall GmbH und Jürgen
Gottschall",Errichtung einer Betriebsstätte,2009,"0,00","119.720,00"
"Comes Maschinen- und Apparatebau GmbH   und CP
Grundstücksverwaltungs - GbR",Erweiterung einer Betriebsstätte,2009,"0,00","684.700,03"
Commercial Vehicle Cluster -   Nutzfahrzeug GmbH,Auf- und Ausbau von Kompetenzfeld- und Clusterstrukturen,2008,"0,00","909.357,03"
Commercial Vehicle Cluster -   Nutzfahrzeug GmbH,Alternative Werkstoffe der Zukunft,2013,"0,00","125.493,14"
Commercial Vehicle Cluster -   Nutzfahrzeug GmbH,Internationalisierung,2013,"0,00","50.366,43"
Commercial Vehicle Cluster -   Nutzfahrzeug GmbH,Elektrifizierung von Nebenaggregaten,2012,"0,00","196.611,32"
Commercial Vehicle Cluster -   Nutzfahrzeug GmbH,"Flottenversuch Sonderfahrzeuge & CO2-neutrale, energieautark",2012,"0,00","208.800,00"
Commercial Vehicle Cluster -   Nutzfahrzeug GmbH,Ausfallsicheres duales Bordnetz für Nutzfahrzeuge,2014,"0,00","65.706,04"
Conrad Hubert,Erweiterung einer Betriebsstätte,2015,"0,00","30.600,00"
"Contec Masch. u. Entwickl.technik GmbH   und Schneider und
Greb GbR",Erweiterung einer Betriebsstätte,2013,"0,00","49.837,99"
Coolrec RDE GmbH,Übernahme einer von Stillegung bedrohten Betriebsstätte,2009,"0,00","42.450,82"
Coprex Energiesparsysteme GmbH und   und Khalid El-,Erweiterung einer Betriebsstätte,2009,"0,00","33.504,60"
Cossmann Hausgerätetechnik GmbH,Erweiterung einer Betriebsstätte,2012,"0,00","25.500,00"
Cysa - Pak GmbH,Erweiterung einer Betriebsstätte,2012,"0,00","277.048,80"
Cysa - Pak GmbH und Cysa-Invest GmbH,Erweiterung einer Betriebsstätte,2011,"0,00","129.190,00"
D & L GmbH,Erweiterung einer Betriebsstätte,2011,"0,00","29.115,46"
"Daedelow Parkett GmbH & Co. KG und   Daedelow
Grundstücks GbR",Erweiterung einer Betriebsstätte,2012,"0,00","58.053,13"
Daniel Heiko,Erweiterung einer Betriebsstätte,2009,"0,00","12.698,51"
Dax Helene MetallForm,Grundl. Änd. des Prod.verfahrens einer best. Betriebsstätte,2015,"0,00","141.420,00"
DBK David + Baader GmbH,FuE-Vorhaben,2012,"0,00","218.532,16"
de Jong Luneau Henriette Mercedes C.,Errichtung einer Betriebsstätte,2009,"0,00","51.120,00"
"Dehren Beteiligungsgesellschaft mbH und   Moselstern GmbH
& Co. KG",Errichtung einer Betriebsstätte,2014,"0,00","568.410,00"
Deisinger Ulrich Hotel Löwengarten,Erweiterung einer Betriebsstätte,2009,"0,00","287.661,36"
Demmer Martin Hotel Trierer Hof,Erweiterung einer Betriebsstätte,2012,"0,00","16.000,00"
Deutsches Forschungszentrum für   Künstliche Intelligenz,DFKI Kaiserslautern; 2. Bauabschnitt,2011,"0,00","2.025.395,50"
Die Umdenker Medien & Consulting GmbH,Errichtung einer Betriebsstätte,2012,"0,00","46.086,45"
Diederichs Cecilia,Erweiterung einer Betriebsstätte,2010,"0,00","14.000,00"
Dietmar Seifer GmbH & Co. KG,Errichtung einer Betriebsstätte,2009,"0,00","297.610,00"
Dietrich Klaus Hotel Birkenhof,Erweiterung der Betriebsstätte,2012,"0,00","132.381,00"
"Dimitriou und Nicole Gran-Dimitriou GbR Thomas Hotel am
Schloss",Errichtung einer Betriebsstätte,2009,"0,00","21.612,88"
"Dirk Hansen & Thorsten Spohr GbR und   Hansen & Spohr
Automobile GmbH",Erweiterung einer Betriebsstätte,2010,"0,00","18.000,00"
Doganay Nurallah Orient Lounge,Erweiterung  eines Betriebes innerhalb des Fördergebietes,2014,"0,00","14.710,00"
dogeo GmbH,Erweiterung einer Betriebsstätte,2011,"0,00","15.924,35"
dogeo GmbH,Erweiterung einer Betriebsstätte,2013,"0,00","65.300,00"
dogeo GmbH,Erweiterung einer Betriebsstätte,2010,"0,00","45.000,00"
Döllinger Nico,Erweiterung einer Betriebsstätte,2012,"0,00","42.000,00"
Dr. Noll GmbH,FuE-Vorhaben,2012,"0,00","108.400,00"
Drayer Hubert Landgasthof Michels,Erweiterung einer Betriebsstätte,2009,"0,00","434.000,00"
"Drees Besitz GbR und Drees Kunststoff-   technik GmbH und
Drees Industrie- technik GmbH",Erweiterung einer Betriebsstätte,2012,"0,00","114.964,10"
Druckerei Nilles GmbH,Erweiterung einer Betriebsstätte,2009,"0,00","69.000,00"
Druckmüller GmbH,Erweiterung einer Betriebsstätte,2010,"0,00","114.000,00"
DS Perfect-Truck-Wash GmbH & Co. KG,Errichtung einer Betriebsstätte,2009,"0,00","140.310,00"
Durel GmbH,Erweiterung einer Betriebsstätte,2012,"0,00","59.542,30"
EASICOMP GmbH,FuE-Vorhaben,2012,"0,00","706.352,51"
EASICOMP GmbH,Errichtung einer Betriebsstätte,2013,"0,00","218.142,78"
EBL - Ehrhardt + BOMAG Logistics GmbH,Errichtung einer Betriebsstätte,2012,"0,00","944.956,20"
ECREF European Centre for   Refractories gemeinnützige,Aufbau des Kompetenzzentrums ECREF,2011,"0,00","3.401.724,86"
ECREF European Centre for   Refractories gemeinnützige,MUHOPF im Rahmen des Innovationsclusters Metall & Keramik,2012,"0,00","475.000,00"
Eduard Walter KG,FuE-Vorhaben,2011,"0,00","115.248,64"
Eichers GmbH & Co. KG,Erweiterung einer Betriebsstätte,2010,"0,00","10.175,00"
Eifel Tourismus GmbH,Eifelsteig,2008,"0,00","190.194,95"
Eifelkreis Bitburg-Prüm,Eifeltouren im Naturwanderpark Südeifel (Stufe A),2011,"0,00","513.524,91"
EiMo Elektrotechnik GmbH,Erweiterung einer Betriebsstätte,2012,"0,00","9.000,00"
Einig-Zenzen GmbH & Co. KG und   Zenzen GmbH & Co. KG,Erweiterung einer Betriebsstätte,2008,"0,00","168.132,04"
ELATEC POWER DISTRIBUTION GmbH und   Edgar Fuhs,Erweiterung einer Betriebsstätte,2010,"0,00","118.500,00"
Elektro-Conze GmbH,Erweiterung einer Betriebsstätte,2011,"0,00","317.072,07"
Ellenberger GmbH & Co. KG,Erweiterung einer Betriebsstätte,2012,"0,00","238.289,08"
Eltra GmbH und Eltra GbR,Erweiterung einer Betriebsstätte,2009,"0,00","44.677,24"
Energie- und Brennstoffpark Krunkel GmbH,Errichtung einer Betriebsstätte,2011,"0,00","163.770,80"
"Engel Thomas Landgasthof Hotel ""Zum Ochsen""",Erweiterung einer Betriebsstätte,2013,"0,00","50.328,00"
Engel Ute Hotel Landhaus Rotenberg,Erweiterung einer Betriebsstätte,2011,"0,00","110.250,00"
"Erbengemeinschaft Augustin   Dragica Augustin und Hermann
Augustin jun.",Errichtung einer Betriebsstätte,2010,"0,00","68.484,30"
"Ernst Berger & Söhne JUWEL Schraub   technik GmbH und
Siegfried und Jochen Berger GbR",Erweiterung einer Betriebstätte,2011,"0,00","87.750,00"
Ernzerhof Christian Möbelschmiede,Erweiterung einer Betriebsstätte,2015,"0,00","60.000,00"
Ernzerhof Christian Möbelschmiede,Erweiterung einer Betriebsstätte,2010,"0,00","21.783,00"
ERT-Optik Dr. Thiel GmbH,FuE-Vorhaben,2013,"0,00","40.201,32"
Espenschied Heike,Erweiterung der Betriebsstätte,2013,"0,00","84.519,00"
Europa Hotel Ludwigshafen GmbH,Modernisierung eines bestehenden UN ́s zur Bestandssicherung,2012,"0,00","25.000,00"
Evangelische Kirche der Pfalz,"Kirchenpavillon ""Himmelgrün"" in innovativer Holzkonstruktion",2015,"0,00","100.000,00"
"Evangelische Kirche in Hessen und Nassau   -
Kirchenverwaltung Dezernat 3 - Referatsgruppe Bauwesen",Heidentürme,2009,"0,00","299.250,00"
"Evangelische Kirche in Hessen und Nassau   -
Kirchenverwaltung Dezernat 3 - Referatsgruppe Bauwesen",Heidenturmkirche Dittelsheim-Heßloch,2010,"0,00","300.750,00"
Evertz Hydrotechnik GmbH & Co. KG,Erweiterung einer Betriebsstätte,2011,"0,00","364.890,00"
evobeam GmbH,FuE-Vorhaben,2015,"0,00","245.115,00"
EWM AG,FuE-Vorhaben,2015,"0,00","499.675,00"
EWM AG,FuE-Vorhaben,2010,"0,00","337.189,50"
Expo Solutions GmbH,Erweiterung einer Betriebsstätte,2011,"0,00","201.390,00"
Faber Fachgroßhandel GmbH und   Bernd Faber,Erweiterung einer Betriebsstätte,2010,"0,00","304.970,00"
Fachhochschule Koblenz,ECHOLOT - eine bionische Holzstruktur für die BUGA 2011,2010,"0,00","103.427,27"
Fachhochschule Mainz,"Gemeinsames, hochschulübergreifendes Gründungsbüro MZ",2012,"0,00","545.520,68"
Faurecia Innenraum Systeme GmbH,FuE-Vorhaben,2010,"0,00","194.594,76"
"FEMEG GmbH & Co. KG,   Feinmechanik und Gerätebau",Erweiterung einer Betriebsstätte,2008,"0,00","840.000,00"
Femi Nails Cosmetics e.K.   Inh. Herta Hubrich,Erweiterung einer Betriebsstätte,2008,"0,00","8.859,57"
Femi Nails Cosmetics e.K.   Inh. Herta Hubrich,Erweiterung einer Betriebsstätte,2011,"0,00","21.366,86"
Fepco GmbH und MD Horländer   GmbH & Co. KG,Erweiterung einer Betriebsstätte,2012,"0,00","218.201,98"
Fepco GmbH und MD Horländer   GmbH & Co. KG,Erweiterung einer Betriebsstätte,2010,"0,00","204.159,86"
Ferienhotel Cafe am Maar GmbH & Co. KG,Erweiterung einer Betriebsstätte,2010,"0,00","139.800,00"
Fingerhut Haus GmbH & Co. KG,Errichtung eines Kreativzentrums in Holzständerbauweise,2012,"0,00","50.000,00"
Fisma GmbH & Co. KG und   Andreas Fischer,Erweiterung einer Betriebsstätte,2010,"0,00","286.424,36"
FiWaRec Valves & Regulators GmbH & Co.   KG,FuE-Vorhaben,2015,"0,00","87.975,00"
FiWaRec Valves & Regulators GmbH & Co.   KG,Errichtung einer Betriebsstätte,2009,"0,00","48.925,01"
Floss GmbH   Zimmerei und Blockhausbau,Rundholz-Tragwerk-System (RTS),2015,"0,00","42.000,00"
Flöter Heinrich-Peter,Erweiterung einer Betriebsstätte,2011,"0,00","8.000,00"
food hotel Neuwied GmbH,Errichtung einer Betriebsstätte,2011,"0,00","670.500,00"
FOPOS GmbH & Co. KG,Errichtung einer Betriebsstätte,2013,"0,00","81.101,57"
Förderverein Zukunft Lantershofen e.V.,Holzkonstruktionen für den Birnenrundwanderweg,2015,"0,00","39.000,00"
Formartec GmbH,Diversifizierung der Produktion einer Betriebsstätte,2010,"0,00","11.520,00"
"Forschungsinstitut für anorganische   Werkstoffe Glas/Keramik
GmbH",Branchenkonzept zur Verbesserung der Material- & Energieeff.,2010,"0,00","194.400,00"
"Forschungsinstitut für anorganische   Werkstoffe Glas/Keramik
GmbH",KERAFROST,2010,"0,00","197.169,00"
"Forschungsinstitut für anorganische   Werkstoffe Glas/Keramik
GmbH",Steigerung der Ressourceneffizienz,2012,"0,00","95.578,86"
"Forschungsinstitut für anorganische   Werkstoffe Glas/Keramik
GmbH",Aufbau Kompetenzverbund,2011,"0,00","59.780,66"
"Forschungsinstitut für anorganische   Werkstoffe Glas/Keramik
GmbH",Bauliche Erweiterung des FGK,2011,"0,00","2.664.630,13"
Forschungsinstitut für Verbundwerkstoffe   GmbH (IVW),Kompetenznetzwerk Kunststoff-Technologie (Kom-K-Tec),2010,"0,00","518.604,86"
Forst-Service RASKOP GmbH & Co. KG,Erweiterung einer Betriebsstätte,2010,"0,00","60.000,00"
Forstzweckverband Öfflingen,Bau eines Forstbetriebhofs in innovativer Holzkonstruktion,2013,"0,00","186.006,53"
"Franke,Alfred",Erweiterung einer Betriebsstätte,2009,"0,00","5.228,73"
"Fraunhofer Gesellschaft zur Förderung   der angewandten
Forschung e.V.",Digitale Nutzfahrzeugtechnologie,2008,"0,00","2.145.938,89"
"Fraunhofer Gesellschaft zur Förderung   der angewandten
Forschung e.V.",myPowerGrid,2011,"0,00","201.504,26"
"Fraunhofer Gesellschaft zur Förderung   der angewandten
Forschung e.V.",Aufbau neuer Kompetenzbereiche am Fraunhofer-ITWM (Neubau),2010,"0,00","8.707.875,00"
"Fraunhofer Gesellschaft zur Förderung   der angewandten
Forschung e.V.",Holzanalyse- und Berechnungslabor,2013,"0,00","435.812,65"
"Fraunhofer Gesellschaft zur Förderung   der angewandten
Forschung e.V.",Aufbau eines 3D Messfahrzeuges,2014,"0,00","646.510,98"
"Fraunhofer Gesellschaft zur Förderung   der angewandten
Forschung e.V.",Aubau eines Exascale Storage & Scalability Labs (ESSL),2014,"0,00","637.423,12"
"Fraunhofer Gesellschaft zur Förderung   der angewandten
Forschung e.V.","Digitale Nutzfahrzeugtechnologie, Phase III",2014,"0,00","570.110,00"
"Fraunhofer Gesellschaft zur Förderung   der angewandten
Forschung e.V.",myPowerGrid - wirtschaftliche Einsatzszenarien,2014,"0,00","170.512,10"
"Fraunhofer Gesellschaft zur Förderung   der angewandten
Forschung e.V.",Neubau für die Abteilung MC d. Fraunhofer IPM,2013,"0,00","4.417.434,11"
"Fraunhofer Gesellschaft zur Förderung   der angewandten
Forschung e.V.","Digitale Nutzfahrzeugtechnologie, Phase II",2011,"0,00","1.318.549,09"
Fraunhofer ICT-IMM,Mikrostrukturtechnik für Nanopartikel - Micro4Nano,2013,"0,00","3.717.930,18"
Freundt GbR & Hotel Burg   Bollendorf GmbH,Erweiterung einer Betriebsstätte,2012,"0,00","100.000,00"
Fritsch GmbH   Laborgerätebau,FuE-Vorhaben,2011,"0,00","158.742,05"
Fritsch GmbH   Laborgerätebau,Diversifikation der Produktion einer Betriebsstätte,2012,"0,00","921.000,00"
Fritz Hirtle GmbH und Hirtle GbR,Erweiterung der Betriebsstätte,2009,"0,00","67.650,82"
Fritz Stephan GmbH   Medizintechnik,FuE-Vorhaben,2012,"0,00","314.720,40"
FWB Kunststofftechnik GmbH,Diversifizierung der Produktion einer Betriebsstätte,2010,"0,00","529.468,24"
"G & B Immobilien GmbH & Co. KG und Bartolosch GmbH & Co.
KG und Schlebach Maschinen GmbH",Erweiterung einer Betriebsstätte,2009,"0,00","308.299,90"
G & G Motorsport GmbH und Detlef   Grewenig Immobilien,Erweiterung einer Betriebsstätte,2012,"0,00","30.000,00"
G. + G. Preißer GmbH   Kartonagenfabrikation und Großhandel,Erweiterung einer Betriebsstätte,2010,"0,00","540.000,00"
G. + G. Preißer GmbH   Kartonagenfabrikation und Großhandel,Erweiterung einer Betriebsstätte,2012,"0,00","153.982,35"
G.Taube Modellbau CAD Service GmbH,FuE-Vorhaben,2014,"0,00","65.147,00"
Galantos Genetics GmbH,FuE-Vorhaben,2011,"0,00","50.712,08"
Gali Golf   Inh. Thomas Schedler e.K.,Erweiterung einer Betriebsstätte,2010,"0,00","30.000,00"
"Galileo Vermögensverwaltung GmbH & Co.   KG und Galileo
Lebensmittel GmbH & Co. KG",Erweiterung einer Betriebsstätte,2011,"0,00","845.000,00"
Gebr. Schumacher GmbH,Erweiterung einer Betriebsstätte,2009,"0,00","167.170,99"
Gebr. Uebach Maschinenbau GmbH und   Gebr. Uebach GbR,Erweiterung einer Betriebsstätte,2011,"0,00","82.090,00"
"Gebrüder Bauerfeld CNC Fertigungstechnik   GmbH und
Hartmut Bauerfeld",Erweiterung einer Betriebsstätte,2010,"0,00","81.000,00"
Gefahrstoffzentrum (GSZ)   Kaiserslautern GmbH,Errichtung einer Betriebsstätte,2009,"0,00","1.746.020,00"
Gehendges Metallbau GmbH   und Rainer Gehendges,Erweiterung einer Betriebsstätte,2009,"0,00","25.624,86"
Gehlen GbR Winfried und Helena,Erweiterung einer Betriebsstätte,2010,"0,00","75.991,93"
Geisen Manfred,Errichtung einer Betriebsstätte,2011,"0,00","106.600,00"
Gelderblom Jens,Errichtung einer Betriebsstätte,2009,"0,00","64.158,43"
Gemec GmbH und Gerhard Hinkelmann   Gebäudevermietung,Errichtung einer Betriebsstätte,2013,"0,00","53.250,00"
Gemeinde Bollendorf,Umbau des Anwesens Eckertz,2010,"0,00","556.340,00"
Gemeinde Morbach,Neubau Kindergarten in Brettsperrholzbauweise in Morbach,2011,"0,00","93.857,62"
Generaldirektion Kulturelles Erbe   Rheinland-Pfalz,Touristische Belebung zweier Burganlagen,2014,"0,00","40.500,00"
Generaldirektion Kulturelles Erbe   Rheinland-Pfalz,"""Trier-Zentrum der Antike"": Touristische Erschließung der",2015,"0,00","351.832,01"
Generaldirektion Kulturelles Erbe   Rheinland-Pfalz,LUDI PUBLICI,2009,"0,00","435.102,67"
Generaldirektion Kulturelles Erbe   Rheinland-Pfalz,Touristische Erschließung Hardenburg,2010,"0,00","73.632,22"
Generaldirektion Kulturelles Erbe   Rheinland-Pfalz,Multimedia-Inszenierung,2010,"0,00","464.152,85"
Generaldirektion Kulturelles Erbe   Rheinland-Pfalz,Kulturhistorischer Rundweg,2010,"0,00","489.568,87"
Generaldirektion Kulturelles Erbe   Rheinland-Pfalz,Haus des Weines,2010,"0,00","319.036,27"
Georg von Neumayer Stiftung   der POLLICHIA e.V.,"Neubau ""Haus der Artenvielfalt"" in innovativer Holzbauweise",2014,"0,00","208.674,71"
GeSo GbR und Oliver Solbach,Erweiterung einer Betriebsstätte,2011,"0,00","46.580,00"
Gesundheit und Tourismus für   Bad Kreuznach GmbH,Rekonstruktion des Wasserkraftantriebs bei Gradierwerken,2010,"0,00","419.836,10"
"Gesundheitszentrum Büchenbeuren   GZB-Projekt GmbH & Co.
KG",Gesundheitszentrum Büchenbeuren-Referenzgebäude für Holzbau,2013,"0,00","200.000,00"
Geysir.info gGmbH,Bau eines Infocenters,2008,"0,00","2.370.450,00"
Giacobbe Pasta GmbH,Erweiterung einer Betriebsstätte,2009,"0,00","360.516,41"
Giffels Gastronomiebetriebe   GmbH & Co. KG,Erweiterung einer Betriebsstätte,2010,"0,00","32.732,88"
"GIMA Gipser- und Malerbedarf GmbH &   Co. Groß- und
Einzelhandels KG",Errichtung einer Betriebsstätte,2009,"0,00","13.401,15"
Gimex Dr. Gao Imp/Exp. GmbH,Erweiterung einer Betriebsstätte,2009,"0,00","23.287,88"
Glas Fandel Flachglasgroßhandlung   GmbH & Co. KG,Erweiterung einer Betriebsstätte,2010,"0,00","268.187,71"
Glas Spiegel 2009 GmbH & Co. KG,Erweiterung einer Betriebsstätte,2009,"0,00","40.446,58"
Glas Spiegel 2009 GmbH & Co. KG,Grundl. Änderung des Gesamtproduktionsverfahrens einer BS,2009,"0,00","29.510,00"
Gleißner Sonja Bömer ́s Mosellandhotel,Erweiterung einer Betriebsstätte,2014,"0,00","33.200,00"
Göbel Thomas Beim Weinbauer,Erweiterung einer Betriebsstätte,2014,"0,00","20.000,00"
Goebel Elektronik GmbH,FuE-Vorhaben,2012,"0,00","95.651,30"
"Gorges tent...event GmbH & Co. KG und   Karl-Heinz Gorges
Sonderbetriebsvermögen",Erweiterung einer Betriebsstätte,2012,"0,00","892.880,00"
Govinda Natur GmbH,Übernahme einer stillliegenden Betriebsstätte,2011,"0,00","38.880,00"
Grauberger Transport GmbH und RTG   Viktor Grauberger,Erweiterung einer Betriebsstätte,2012,"0,00","55.674,00"
Grebel Werner,Erweiterung einer Betriebsstätte,2013,"0,00","26.000,00"
Greiner Schaltanlagen GmbH und   SKE Greiner GmbH,FuE-Vorhaben,2010,"0,00","252.019,67"
Grün Heinz Logo-Company,Erweiterung einer Betriebsstätte,2010,"0,00","18.782,67"
GTV Gesellschaft für thermischen   Verschleiss-Schutz mbH,FuE-Vorhaben,2010,"0,00","440.852,11"
GUNNEBO Cash Automation GmbH,FuE-Vorhaben,2011,"0,00","119.405,00"
H+H Umwelt- und Industrietechnik GmbH,Erweiterung einer Betriebsstätte,2010,"0,00","110.550,00"
H. + M. Kunz GmbH Ultra-tec und   Horst Kunz,Erweiterung einer Betriebsstätte,2011,"0,00","90.420,00"
H. M. Bruch e.K.   Inhaber Stefan Bruch,Erweiterung einer Betriebsstätte,2009,"0,00","16.323,75"
Haas Daniele Hotel Zum Goldenen Stern,Erweiterung einer Betriebsstätte,2011,"0,00","31.046,96"
Haas Daniele Hotel Zum Goldenen Stern,Erweiterung einer Betriebsstätte,2013,"0,00","5.833,70"
Haas Holzzerkleinerungs- und   Fördertechnik GmbH,FuE-Vorhaben,2011,"0,00","134.460,00"
Hack Aluminiumgießerei GmbH,Erweiterung einer Betriebsstätte,2009,"0,00","8.780,00"
Hagen Josef,Errichtung einer Betriebsstätte,2009,"0,00","14.262,08"
Hahn Automation GmbH und   Hähn Holding GmbH & Co. KG,Erweiterung einer Betriebsstätte,2012,"0,00","127.500,00"
Hahn Automation GmbH und   Hähn Holding GmbH & Co. KG,Erweiterung einer Betriebsstätte,2011,"0,00","157.048,41"
Halfen-Strickerei GmbH,Erweiterung einer Betriebsstätte,2009,"0,00","14.100,00"
Hatzfeldt-Wildenburg ́sche Verwaltung,Neubau einer Holz-Stahl-Verbundbrücke,2012,"0,00","8.155,93"
Hauer Carlo Hotel Hauer,Erweiterung einer Betriebsstätte,2012,"0,00","30.000,00"
Hauer Klaus Hotel Berghof,Erweiterung einer Betriebsstätte,2009,"0,00","27.041,13"
Hebel Fensterbau und Innenausbau  GmbH,Erweiterung einer Betriebsstätte,2011,"0,00","30.000,00"
Hefesta Fensterbau Heil GmbH,Erweiterung einer Betriebsstätte,2009,"0,00","38.522,75"
Heidger Volker Institut für Lebensmittel und Umwelt Analytik,Erweiterung einer Betriebsstätte,2014,"0,00","728.250,00"
Heinrichs Anneliese Heinrichs CNC Bearbeitung,Errichtung einer Betriebsstätte,2012,"0,00","38.039,51"
Heitzmann Michael Airhotel Royal,Erweiterung einer Betriebsstätte,2012,"0,00","88.884,00"
Heitzmann Michael Airhotel Royal,Erweiterung einer Betriebsstätte,2010,"0,00","198.400,00"
Helmut Meeth GmbH & Co. KG,Erweiterung einer Betriebsstätte,2010,"0,00","465.490,00"
Hennes GbR Gebrüder Josef und Hubert Wild- und Freizeitpark,Erweiterung einer Betriebsstätte,2011,"0,00","513.306,11"
Hens Heinz,Erweiterung einer Betriebsstätte,2010,"0,00","105.000,00"
"Herbach,Thomas",Erweiterung einer Betriebsstätte,2009,"0,00","37.212,58"
Hermeskeiler Holzhackschnitzel   PeMa e.K.,Errichtung einer Betriebsstätte,2010,"0,00","197.700,92"
Herschbacher Sportverein 1921 e.V.,"Modellvorhaben ""Werkstoffübergreifender Experimentalbau""",2010,"0,00","246.382,00"
Heuft Thermo-Oel GmbH & Co. KG,FuE-Vorhaben,2012,"0,00","76.770,49"
Hevert Arzneimittel GmbH & Co. KG,grundlegende Änderung d. Gesamtproduktionsverfahrens,2012,"0,00","229.029,57"
Hilgert und Hotel-Restaurant Mühlentor Frank GmbH,Erweiterung einer Betriebsstätte,2011,"0,00","32.320,00"
Hill Alexander Sohlenfabrikation,Erweiterung einer Betriebsstätte,2013,"0,00","64.260,00"
Himmel Marcus Fertigungstechnik,Erweiterung einer Betriebsstätte,2011,"0,00","20.238,83"
"HMM Hartmann GmbH und Dipl.-Ing. Detlef   Blöcker BEAS
Automationssysteme",FuE-Vorhaben,2011,"0,00","40.250,51"
HMT Rüffel GmbH,Erweiterung einer Betriebsstätte,2010,"0,00","15.750,00"
Hochschule Koblenz,Entwicklung und Erprobung luftgestützter Sensorsysteme,2014,"0,00","62.313,70"
Hochschule Ludwigshafen am Rhein,SEGAMO,2011,"0,00","157.435,29"
Hochschule Ludwigshafen am Rhein,Kollektive Intelligenz im Innovationsmanagement,2011,"0,00","175.000,10"
Hochschule Ludwigshafen am Rhein,Lebensphasenorientierte Personalpolitik,2009,"0,00","322.645,01"
Hoffmann Alexander,Errichtung einer Betriebsstätte,2009,"0,00","33.750,00"
Holzbau Berg GmbH und Christian Berg,Erweiterung einer Betriebsstätte,2012,"0,00","42.774,70"
Hörpunkt Ludwigshafen GbR,Erstinvestitionen bei neuen Betrieben und Existenzgründern,2012,"0,00","25.000,00"
Hösch Andreas Holzküferei Hösch,Erweiterung einer Betriebsstätte,2011,"0,00","16.144,10"
Hotel Darstein GmbH,Erweiterung einer Betriebsstätte,2010,"0,00","611.222,45"
"Hotel GmbH, Diehl ́s Hotel Rheinterrasse Diehl-Mehlhorn
GmbH & Co. KG, Diehl ́s- Inh. Gisela Diehl-Mehlhorn und Hans
-Joachim Mehlhorn",Erweiterung einer Betriebsstätte,2012,"0,00","83.461,80"
Hotel Haus Appel KG und   Paul und Karl Appel,Erweiterung einer Betriebsstätte,2010,"0,00","44.105,00"
Hotel Jägerhof GbR   Inh. Marco und Guido Rosenberg,Errichtung einer Betriebsstätte,2009,"0,00","7.935,29"
Hotel Krone GbR und Tanja Kievit,Übernahme einer stillliegenden Betriebsstätte,2010,"0,00","60.000,00"
Hotel Lellmann Ludwig GmbH,Erweiterung einer Betriebsstätte,2010,"0,00","106.670,00"
Hotel Löwengarten GmbH und Deisinger   und Rademaker GbR,Erweiterung einer Betriebsstätte,2013,"0,00","435.500,00"
Hotel Pfälzer Hof  GmbH & Co. KG,Erweiterung einer Betriebsstätte,2009,"0,00","256.040,00"
Hotel Pohl OHG   Zum Rosenberg,Erweiterung einer Betriebsstätte,2013,"0,00","90.000,00"
Hotel Restaurant Kunz GmbH & Co. KG,Erweiterung einer Betriebsstätte,2011,"0,00","251.523,92"
Hotel Rünz GmbH & Co. KG,Erweiterung einer Betriebsstätte,2012,"0,00","337.541,68"
Hotel Schneider am Maar   Inh. Marita Schild-Mölder,Erweiterung einer Betriebsstätte,2010,"0,00","116.000,00"
Hotel Villa Hügel oHG,Erweiterung einer Betriebsstätte,2010,"0,00","155.650,00"
"Hotelbesitz-u. Betriebsgesellschaft   ""Älteste Weinstube"" mbH",Erweiterung einer Betriebsstätte,2010,"0,00","91.600,00"
"Hotelverwaltung Lindenhof GmbH und   Michael Braun Invest
und Vermietung",Erweiterung einer Betriebsstätte,2010,"0,00","208.634,13"
Howatherm Klimatechnik GmbH,FuE-Vorhaben,2010,"0,00","211.213,65"
Howatherm Klimatechnik GmbH und   Kaup GmbH & Co. KG,Erweiterung einer Betriebsstätte,2012,"0,00","225.920,00"
Howatherm Klimatechnik GmbH und   Kaup GmbH & Co. KG,Erweiterung einer Betriebsstätte,2008,"0,00","562.500,00"
Hubert Schmitt GmbH und   Hubert Schmitt,Erweiterung einer Betriebsstätte,2009,"0,00","313.008,78"
Huesgen Peter Hotel Neumühle,Erweiterung einer Betriebsstätte,2009,"0,00","119.763,79"
Hüttenhein GmbH & Co. KG   und Gerald Rees,Erweiterung einer Betriebsstätte,2008,"0,00","175.260,00"
"Hytorc Seis GmbH und Besitzgesellschaft   Lothar und Elke
Seis GbR",Erweiterung einer Betriebsstätte,2012,"0,00","109.500,00"
"I. van Roje & Sohn Sägewerk und   Holzhandlung GmbH & Co.
KG",Entwicklung eines Corporate Carbon Footprint für Schnittholz,2011,"0,00","7.500,00"
Ideal Fensterbau Weinstock GmbH,Erweiterung einer Betriebsstätte,2008,"0,00","161.309,34"
IDS Technology GmbH,FuE-Vorhaben,2011,"0,00","180.510,59"
IGATEC GmbH,FuE-Vorhaben,2012,"0,00","26.000,59"
IKONUM GmbH & Co. KG,FuE-Vorhaben,2011,"0,00","43.562,40"
"ikt Gromnitza GmbH & Co. KG und   Mitunternehmer Oliver
Gromnitza",Erweiterung einer Betriebsstätte,2011,"0,00","58.800,00"
IMACS GmbH,FuE-Vorhaben,2013,"0,00","162.889,28"
IMAGO Informationstechnologie GmbH,Erweiterung einer Betriebsstätte,2013,"0,00","243.000,00"
IMSTec GmbH,FuE-Vorhaben,2015,"0,00","284.220,00"
Inan Bilgi Bäckerei Süße Quelle,Erweiterung eines Betriebes innerhalb des Fördergebietes,2013,"0,00","24.240,58"
Institut für Biotechnologie und   Wirkstoffforschung e.V. (IBWF),Entwicklung & Etablierung einer neuen Testplattform,2008,"0,00","477.120,00"
Institut für Verbundwerkstoffe GmbH,K-MAP -Kaiserslautern Materialentwicklung und -prüfung,2014,"0,00","270.000,00"
Irsch jun. Peter Peter Irsch jun. e. K.,Erweiterung einer Betriebsstätte,2009,"0,00","31.200,00"
IT Media Consult AG,Erweiterung einer Betriebsstätte,2011,"0,00","50.628,40"
ITK Engineering AG,FuE-Vorhaben,2012,"0,00","73.862,12"
ITVT Börfink GmbH,Errichtung einer Betriebsstätte,2013,"297.338,52","0,00"
"IVKO Industrieprodukt-Vertriebskontakt   GmbH und IVKO &
Kasper GbR",Erweiterung einer Betriebsstätte,2010,"0,00","39.000,00"
JAM Software GmbH,Erweiterung einer Betriebsstätte,2011,"0,00","96.220,00"
Jankowski GmbH & Co. KG,Erweiterung einer Betriebsstätte,2013,"0,00","112.107,43"
Jansen Ralf CNC Frästechnik,Erweiterung einer Betriebsstätte,2011,"0,00","53.100,00"
Jennewein Biotechnologie GmbH,FuE-Vorhaben,2010,"0,00","157.465,68"
Johannes-Gutenberg-Universität,Technologie- und Wissens-Scouting,2010,"0,00","240.474,14"
Johannes-Gutenberg-Universität,Technologietransfer- und Dienstleistungszentrum TT-DINEMA,2015,"0,00","1.000.000,00"
John Deere GmbH & Co. KG,Errichtung einer Betriebsstätte,2009,"0,00","1.464.094,16"
Josef Becker Forschungszentrum GmbH,FuE-Vorhaben,2012,"0,00","99.722,41"
Joseph Vögele AG,FuE-Projekt,2010,"0,00","750.000,00"
Jung Jürgen,Erweiterung einer Betriebsstätte,2008,"0,00","16.723,20"
Jürgen und Klaus Schick GbR   Altstadthof Freinsheim,Errichtung einer Betriebsstätte,2009,"0,00","337.057,64"
Just Service GmbH,Erweiterung einer Betriebsstätte,2009,"0,00","46.661,46"
K & R Veranstaltungstechnik GbR Krest & Röder,Erweiterung einer Betriebsstätte,2011,"0,00","14.250,00"
K.-H. Müller Präzisionswerkzeuge GmbH,Erweiterung einer Betriebsstätte,2011,"0,00","195.000,00"
K.-H. Müller Präzisionswerkzeuge GmbH,Erweiterung einer Betriebsstätte,2012,"0,00","85.000,00"
"K.H. Fries Betriebsverpachtung und Fries   Maschinen- und
Anlagenbau GmbH",Erweiterung der Betriebsstätte,2012,"0,00","74.250,00"
Kanalprofi GmbH,Erweiterung einer Betriebsstätte,2011,"0,00","102.360,00"
Karl Heuft GmbH,FuE-Vorhaben,2012,"0,00","48.591,09"
Kärlicher Ton- und Schamotte-Werke & Co.   KG,FuE-Vorhaben,2011,"0,00","146.069,12"
Kastor HolzBauWerk GmbH,Erweiterung einer Betriebsstätte,2011,"0,00","74.050,00"
KATEC Kanaltechnik Müller & Wahl GmbH,Erweiterung einer Betriebsstätte,2010,"0,00","268.864,38"
Kauth Frank,Errichtung einer Betriebsstätte,2010,"0,00","166.680,00"
Kaya Müslüm Bäckerei Kaya,Erstinvestitionen bei neuen Betrieben und Existenzgründungen,2013,"0,00","16.211,66"
Kerker-Druck GmbH,Erweiterung einer Betriebsstätte,2010,"0,00","155.550,00"
Kern Andreas,Erweiterung einer Betriebsstätte,2009,"0,00","28.558,49"
Kern Technology GmbH & Co. KG,Erweiterung einer Betriebsstätte,2010,"0,00","33.670,00"
"Kerner GmbH CNC Fertigungstechnik und   Spengler &
Kronauer GbR",Grundlegende Änderung des Gesamtproduktionsverfahrens,2009,"0,00","41.340,82"
Kieren und Ralf Horstmann GbR Jörg,Errichtung einer Betriebsstätte,2010,"0,00","21.500,00"
Kirchner Sebastian Hotel Pfälzer Wald,Erweiterung einer Betriebsstätte,2013,"0,00","84.000,00"
Kirsch GmbH,Entwicklung einer Heizung,2009,"0,00","309.661,63"
Klagie Fahrzeugbau e. K.   Inhaber Bernhard Klasen,Erweiterung einer Betriebsstätte,2009,"0,00","200.760,00"
Klaus Maschinenbau GmbH & Co. KG,Erweiterung einer Betriebsstätte,2012,"0,00","612.329,32"
Klein GmbH   Regalprüfung + Reparatur,Erweiterung einer Betriebsstätte,2011,"0,00","50.370,00"
Klein GmbH   Regalprüfung + Reparatur,Erweiterung einer Betriebsstätte,2009,"0,00","47.438,04"
Klemm Thomas,Erweiterung einer Betriebsstätte,2010,"0,00","21.000,00"
Klinck Stefan Waldhotel Felschbachhof,Erweiterung einer Betriebsstätte,2010,"0,00","222.945,36"
Klink GbR Achim & Thomas,Erweiterung einer Betriebsstätte,2009,"0,00","21.898,91"
Klisch Wolfgang WK-Fensterbau,Errichtung einer Betriebsstätte,2008,"0,00","13.763,82"
Klockner Stefan Tuning Company,Erweiterung einer Betriebsstätte,2008,"0,00","16.458,57"
KLW Karosseriebau Lack und Werbetechnik   GmbH,Erweiterung einer Betriebsstätte,2010,"0,00","32.084,67"
Köhler GmbH,Erweiterung einer Betriebsstätte,2011,"0,00","223.032,40"
Köhler Stephan,Erweiterung einer Betriebsstätte,2009,"0,00","34.480,00"
Köhler Stephan,Erweiterung einer Betriebsstätte,2011,"0,00","67.248,17"
Kolberg Stefan STK Turbo Technik,Übernahme einer stilliegenden Betriebsstätte,2015,"0,00","187.520,00"
Kölchens Manfred Hotel am Kurpark,Erweiterung einer Betriebsstätte,2009,"0,00","148.000,00"
KOM Consulting GmbH und Krifft & Zipsner   GmbH,Erweiterung einer Betriebsstätte,2013,"0,00","250.950,00"
Konzen Rüdiger Hotel Vergissmeinnicht,Erweiterung einer Betriebsstätte,2011,"0,00","38.000,00"
Konzept 92 GmbH,Erweiterung einer Betriebsstätte,2008,"0,00","94.811,39"
Kooyker Ferdinand Baumaschinen + Fahrzeugtechnik,Erweiterung einer Betriebsstätte,2009,"0,00","19.770,00"
Kooyker Ferdinand Baumaschinen + Fahrzeugtechnik,Erweiterung einer Betriebsstätte,2013,"0,00","27.032,71"
"Kötting Crimp-,  Anschlag- und   Verbindungstechnik GmbH",Erweiterung einer Betriebsstätte,2009,"0,00","79.200,00"
Krandienst Schuch GmbH,Erweiterung einer Betriebsstätte,2011,"0,00","627.300,00"
Krautkremer Ute Atelierhaus,Kunst aus Holz - Bau eines Künstlerateliers aus Massivholz,2013,"0,00","40.000,00"
Kreativ-Werkstatt Herwick GmbH,Erweiterung einer Betriebsstätte,2009,"0,00","16.775,54"
Kreisverwaltung Rhein-Hunsrück,Beschilderung von Radwegen nach den HBR,2009,"0,00","56.090,65"
Kreten Johannes Holzlust,Erweiterung einer Betriebsstätte,2011,"0,00","44.161,70"
Kropp Manfred DSC Morbach,Erweiterung einer Betriebsstätte,2011,"0,00","39.520,00"
KSB AG,FuE-Vorhaben,2011,"0,00","355.621,09"
KUBOTA Baumaschinen GmbH,Erweiterung einer Betriebsstätte,2012,"0,00","391.500,00"
Kündgen Johannes Hotel-Restaurant Karlsmühle,Erweiterung einer Betriebsstätte,2013,"0,00","3.539,53"
"Kunstgießerei Plein GmbH und Eifeler   Metallgießerei Nik.
Plein GmbH & Co. KG",Erweiterung einer Betriebsstätte,2012,"0,00","88.500,00"
Kuntz Holzbearbeitungs GmbH & Co. KG   und Thorsten Tiedke,Erweiterung einer Betriebsstätte,2012,"0,00","155.400,00"
Kurt Schmidt GmbH,Erweiterung einer Betriebsstätte,2009,"0,00","29.556,75"
Kurt Schmidt GmbH,Erweiterung einer Betriebsstätte,2012,"0,00","126.923,71"
Kurth Elektro GmbH & Co. KG und   Hans-Joachim Kurth,Erweiterung einer Betriebsstätte,2010,"0,00","226.500,00"
Kurz Alexander Hotel Prinzregent,Erweiterung einer Betriebsstätte,2011,"0,00","66.770,00"
Kurz Alexander Hotel Prinzregent,Übernahme einer von Stilllegung bedrohten Betriebsstätte,2010,"0,00","17.000,00"
Kurz Hotel- und Gastronomie GmbH,Errichtung einer Betriebsstätte,2014,"0,00","254.440,00"
Küspert GbR Timo + Maik Zeiskamer Mühle,Erweiterung einer Betriebsstätte,2009,"0,00","61.300,00"
La Strada GmbH,Erstinvestitionen bei neuen Betrieben und Existenzgründern,2012,"0,00","22.000,00"
Lahn-Taunus-Touristik e.V.,Lahnwanderweg,2009,"0,00","84.568,83"
Lander Consult UG   (haftungsbeschränkt) & Co. KG,Errichtung einer Betriebsstätte,2013,"0,00","9.158,93"
Landesbeirat Holz Rheinland-Pfalz e.V.,Holzbaupreis Rheinland-Pfalz 2011,2011,"0,00","20.700,55"
Landesbeirat Holz Rheinland-Pfalz e.V.,Clustermanagement,2009,"0,00","56.191,91"
Landhotel  Weinberg-Schlösschen Gebr.   Lambrich OHG,Erweiterung einer Betriebsstätte,2012,"0,00","22.951,72"
Landhotel Karrenberg GbR   Roberto Olla und Marina Bast,Erweiterung einer Betriebsstätte,2012,"0,00","27.349,27"
Landkreis Bad Kreuznach Kämmerei,Neubau Schulmensa Gymnasium am Römerkastell in Holz,2011,"0,00","188.203,39"
Landkreis Bernkastel-Wittlich,Qualitätsweg Wanderbares Deutschland,2014,"0,00","392.686,92"
Landkreis Westerwald,Radtouristische Beschilderung nach der HBR,2011,"0,00","130.971,78"
Landmetzgerei Wolf GmbH,Erweiterung einer Betriebsstätte,2010,"0,00","7.568,71"
Landsknecht Lorenz GmbH und Martina   Lorenz,Erweiterung einer Betriebsstätte,2010,"0,00","68.600,00"
Langhauser Thomas Gutshof-Ziegelhütte,Erweiterung einer Betriebsstätte,2010,"0,00","32.622,78"
Lanius-Heck Rita Ferienhof,Erweiterung einer Betriebsstätte,2011,"0,00","29.000,00"
Lapport Schleiftechnik GmbH,Übernahme einer von Stilliegung bedrohten Betriebsstätte,2012,"0,00","433.281,10"
"Laserline Gesellschaft für Entwicklung   und Vertrieb von
Diodenlaser mbH",FuE-Vorhaben,2012,"0,00","172.386,84"
Lauterbach Sybille Art Hotel Lauterbach,Erweiterung einer Betriebsstätte,2009,"0,00","227.250,29"
Laux GmbH &   Arnold Laux,Erweiterung einer Betriebsstätte,2009,"0,00","209.835,31"
LC Köln GmbH,Errichtung einer Betriebsstätte,2010,"0,00","97.425,80"
Lebosol Dünger GmbH und Marinus   Verdaasdonk,Erweiterung einer Betriebsstätte,2010,"0,00","302.400,00"
Legu Plastics GmbH,Erweiterung einer Betriebsstätte,2011,"0,00","92.791,98"
Leh GmbH & Co. KG   Maschinen-Industriefeuerungsbau,Erweiterung einer Betriebsstätte,2011,"0,00","43.200,00"
Lehmann Udo Möbelschreinerei & Innenausbau,Erweiterung einer Betriebsstätte,2011,"0,00","9.422,17"
Leidner Frank Natursteine Leidner,Erweiterung einer Betriebsstätte,2012,"0,00","29.310,04"
Leis Polytechnik  polymere Werkstoffe   GmbH,Erweiterung einer Betriebsstätte,2010,"0,00","174.959,59"
Lenhart Metallbau GmbH,Erweiterung einer Betriebsstätte,2011,"0,00","54.909,29"
Lenz Thomas Holzbearbeitung,Erweiterung einer Betriebsstätte,2012,"0,00","33.750,00"
Levicron GmbH,Errichtung einer Betriebsstätte,2011,"0,00","187.282,44"
Liesen...alles für den Bau GmbH,Erweiterung einer Betriebsstätte,2013,"0,00","52.000,00"
Liesen...alles für den Bau GmbH,Erweiterung einer Betriebsstätte,2011,"0,00","60.000,00"
Linden Christiana Hotel Volz,Erweiterung einer Betriebsstätte,2012,"0,00","138.940,00"
Loesch GmbH   Kloster Hornbach,Erweiterung einer Betriebsstätte,2008,"0,00","396.460,95"
Löffler Andreas Hotel-Restaurant Krone,Erweiterung einer Betriebsstätte,2009,"0,00","6.725,05"
Log up Südwest GmbH und Jürgen Baron,Erweiterung einer Betriebsstätte,2011,"0,00","115.513,24"
Longen Sabine Weinkulturgut Longen-Schlöder Vineria-,Erweiterung einer Betriebsstätte,2011,"0,00","372.000,00"
Lorenz GmbH,Erweiterung einer Betriebsstätte,2010,"0,00","16.593,70"
LS Service GmbH & Co. KG   und Lucien Janssen,Übernahme einer stillgelegten Betriebsstätte,2014,"0,00","97.910,00"
Lüpke Maschinenbau GmbH und Daniel   Lüpke,Erweiterung einer Betriebsstätte,2011,"0,00","51.000,00"
Lutz KG,Erweiterung einer Betriebsstätte,2011,"0,00","385.490,00"
Luxemburger Frank Schreinerei,Erweiterung einer Betriebsstätte,2009,"0,00","13.288,95"
M.S. Kranservice GmbH,Erweiterung einer Betriebsstätte,2010,"0,00","817.200,00"
Magic Power Technology GmbH,Erweiterung einer Betriebsstätte,2010,"0,00","8.369,39"
"Manfred Brämer Schlosserei und Metall   gestaltung GmbH und
Manfred Brämer",Erweiterung einer Betriebsstätte,2010,"0,00","15.482,89"
MANN + HUMMEL GmbH,FuE-Vorhaben,2011,"0,00","336.034,43"
Marco Susenburger GmbH,Erweiterung einer Betriebsstätte,2009,"0,00","57.858,20"
Marco Susenburger GmbH,Erweiterung einer Betriebsstätte,2009,"0,00","26.412,78"
Marcus Timo Fetz GmbH   Landgasthaus Blücher,Erweiterung einer Betriebsstätte,2009,"0,00","166.600,00"
Martin Kessler Invest und Kessler QMP   GmbH,Erweiterung einer Betriebsstätte,2010,"0,00","60.000,00"
"Marx,Renata Teresa",Übernahme einer von Stilllegung bedrohten Betriebsstätte,2010,"0,00","20.870,96"
"Materialprüfungs- und Versuchsanstalt   Neuwied
Forschungsinstitut für vulkanische Baustoff GmbH",Vorwettbewerbl. Untersuchungen u. Entwicklungen,2014,"0,00","326.934,94"
Max Kiene GmbH,Errichtung einer Betriebsstätte,2011,"0,00","579.000,00"
MEC Elektronische Komponenten GmbH,Erweiterung einer Betriebsstätte,2012,"0,00","479.348,16"
MECO Systemhaus GmbH & Co. KG,Erweiterung einer Betriebsstätte,2009,"0,00","3.611,56"
"Medienfabrik Trier Public Relations,   Kommunikation + Event
GmbH",Erweiterung einer Betriebsstätte,2012,"0,00","112.680,00"
MEDTRON AG,Errichtung einer Betriebsstätte,2012,"0,00","326.190,77"
Meisenheimer Hof GmbH & Co. KG,Errichtung einer Betriebsstätte,2014,"0,00","275.270,00"
Meisterschule für Handwerker   Kaiserslautern,Zukunftsweisende Ausbildung der Bautechniker,2011,"0,00","4.677,20"
Melsheimer Dirk Hotel Villa Melsheimer,Erweiterung einer Betriebsstätte,2015,"0,00","86.250,00"
Meta-Tec Metallbau und Umform GmbH,Erweiterung einer Betriebsstätte,2009,"0,00","66.245,24"
Metallbau Walter GmbH und   Elke Walter,Errichtung einer Betriebsstätte,2010,"0,00","6.000,00"
Meyer Markus Peter Fachschule,Erweiterung einer Betriebsstätte,2010,"0,00","37.750,00"
mfd Diagnostics GmbH,FuE-Vorhaben,2012,"0,00","265.608,65"
Michael Keller GmbH,FuE-Vorhaben,2013,"0,00","54.530,74"
Michael Sperber GmbH & Co. KG,Erweiterung einer Betriebsstätte,2008,"0,00","72.119,06"
Miller Jacqueline Hotel Wilhelmshöhe,Erweiterung einer Betriebsstätte,2010,"0,00","54.000,00"
Minden Metallbau GmbH,Erweiterung einer Betriebsstätte,2013,"0,00","12.000,00"
MiniTec GmbH & Co. KG,Errichtung einer Betriebsstätte,2008,"0,00","1.160.319,24"
Mittelstandsförderung im Landkreis   Neuwied GmbH,Innovationscluster Metall & Keramik - Regionalbüro Neuwied,2009,"0,00","258.013,41"
Mittelstandsförderung im Landkreis   Neuwied GmbH,Weiterer Aus- und Aufbau des Regionalbüros Neuwied,2012,"0,00","92.370,61"
Mittelstandsförderung im Landkreis   Neuwied GmbH,Westerwälder Holztage 2015 vom 24. bis 26 April 2015,2015,"0,00","30.000,00"
MJC Elektrotechnik GmbH und Martin   Conradt,Errichtung einer Betriebsstätte,2011,"0,00","102.000,00"
"MK SERVICE & LOGISTIK GmbH & Co. OHG u.   KRÜGER
IMMO S.á.r.l.",Errichtung einer Betriebsstätte,2014,"0,00","662.551,52"
MK Technology GmbH,FuE-Vorhaben,2014,"0,00","16.033,40"
MK Technology GmbH und   bonncast GdbR,FuE-Vorhaben,2013,"0,00","173.745,00"
MK Zaunwelt GmbH,FuE-Vorhaben,2013,"0,00","199.800,00"
Mobotix AG,Erweiterung einer Betriebsstätte,2010,"0,00","1.066.500,00"
Mohrbach Verpackungsmaschinen GmbH,Erweiterung einer Betriebsstätte,2013,"108.000,00","0,00"
Mölle Kartonagen GmbH und   Stefan Mölle,Erweiterung einer Betriebsstätte,2008,"0,00","294.441,87"
Moog Elektrotechnik GmbH und Manfred   Moog,Erweiterung einer Betriebsstätte,2011,"0,00","30.741,19"
Morio Sandra,Erweiterung einer Betriebsstätte,2012,"0,00","48.600,00"
"Moselromantik-Hotel Kessler-Meyer   GmbH und Rudolf, Oliver,
David Meyer",Erweiterung einer Betriebsstätte,2009,"0,00","54.034,33"
"Moselromantik-Hotel Kessler-Meyer   GmbH und Rudolf, Oliver,
David Meyer",Errichtung einer Betriebsstätte,2010,"0,00","130.000,00"
Moselschlößchen Hotelgesellschaft mbH   & Co. KG,Erweiterung einer Betriebsstätte,2012,"0,00","405.000,00"
MSP Druck und Medien GmbH,Erweiterung einer Betriebsstätte,2012,"0,00","190.950,00"
Müller Christoph CM Digitaldruck,Erweiterung einer Betriebsstätte,2011,"0,00","66.000,00"
Müller Christoph CM Digitaldruck,Erweiterung einer Betriebsstätte,2008,"0,00","74.400,00"
Müller Joachim M-Cut,Erweiterung einer Betriebsstätte,2012,"0,00","20.670,00"
Müller Stefan Café Ludwig,Erstinvestition bei neuen Betrieben und Existenzgründern,2012,"0,00","12.150,00"
Müller Thomas Arnold KaRo-Tec UG (haftungsbeschränkt),Erweiterung einer Betriebsstätte,2014,"0,00","21.230,00"
Münch GmbH,Grundlegende Änderung des Gesamtproduktionsverfahrens,2011,"0,00","10.800,00"
MUNSCH-Chemie-Pumpen GmbH,FuE-Vorhaben,2010,"0,00","189.159,87"
Müntnich Ralf Hotel Zur Linde,Erweiterung einer Betriebsstätte,2012,"0,00","53.000,00"
N. M. Stahlgeräte GmbH,FuE-Vorhaben,2010,"0,00","98.515,44"
Näckel Birgit Gasthaus-Pension Zum Holzwurm,Erweiterung einer Betriebsstätte,2010,"0,00","7.000,00"
Naheland-Touristik GmbH,Wegweisende Radwegebeschilderung,2009,"0,00","25.000,44"
Naheland-Touristik GmbH,Vital-Touren im Naheland,2010,"0,00","107.601,94"
Natursteinwerk Baumholder GmbH & Co. KG,Erweiterung einer Betriebsstätte,2011,"0,00","187.500,00"
Nesseler Axel,Erweiterung einer Betriebsstätte,2008,"0,00","53.941,48"
Neu Arnold Hotel - Restaurant Leinsweiler Hof,Erweiterung einer Betriebsstätte,2010,"0,00","652.500,00"
Neu Arnold Hotel - Restaurant Leinsweiler Hof,Erweiterung einer Betriebsstätte,2011,"0,00","30.000,00"
Nicole Plack und Martina Bachtig GdbR   und Feckler GmbH,Erweiterung einer Betriebsstätte,2011,"0,00","34.500,00"
Nicole Plack und Martina Bachtig GdbR   und Feckler GmbH,Erweiterung einer Betriebsstätte,2011,"0,00","39.900,00"
"Niederberger Weingüter Verwaltung GmbH &   Co. KG und
Ketschauer Hof Hotel und Restaurant GmbH",Erweiterung einer Betriebsstätte,2010,"0,00","710.000,00"
Nikolaus Bastian Druck und Verlag GmbH,Grundlegende Änderung des Gesamtproduktionsverfahrens,2009,"0,00","474.921,29"
NOAFLEX GmbH,FuE-Vorhaben,2010,"0,00","270.050,28"
Nolles Stephan Hotel Ehranger Hof,Erweiterung einer Betriebsstätte,2013,"0,00","34.000,00"
NSB Nahe Stahlbau GmbH,Errichtung einer Betriebsstätte,2011,"0,00","128.940,00"
Nübel Mechthild Waldhotel Sonnenberg,Erweiterung einer Betriebsstätte,2010,"0,00","51.945,38"
Nugteren und Maria Cornelia Frensen GbR Aart,Erweiterung einer Betriebsstätte,2011,"0,00","22.682,31"
Odinos GmbH,Erweiterung einer Betriebsstätte,2012,"0,00","38.429,14"
Oli-Plast GmbH und Olinger GbR,Erweiterung einer Betriebsstätte,2012,"0,00","45.933,19"
ORGENTEC Diagnostika GmbH,FuE-Vorhaben,2013,"0,00","255.135,90"
Orthosysteme fuchs GmbH,Erweiterung einer Betriebsstätte,2012,"0,00","60.666,45"
Ortsgemeinde Bad Bertrich,Neugestaltung Römerkessel,2010,"0,00","697.296,24"
Ortsgemeinde Buchholz,Erschließung Industriepark Nord (3. BA) in der OG Buchholz,2009,"0,00","437.592,89"
Ortsgemeinde Dörth,"Industriegebiet ""Budenbach""",2010,"0,00","1.111.556,15"
Ortsgemeinde Emmelshausen,Neubau einer Museumsscheune - Kooperationsprojekt Dorfumbau,2010,"0,00","198.709,61"
Ortsgemeinde Kelberg,Auf der Steinrausch,2011,"0,00","284.521,74"
Ortsgemeinde Reifenberg,Ausbau des Radwegenetzes (Lückenschluss Südwestpfalz-Tour),2010,"0,00","41.482,00"
Ortsgemeinde Rodenbach,"Erschließung IG ""Am Hühnerbusch"", Gemarkung Rodenbach",2013,"0,00","1.790.827,49"
Ortsgemeinde Schönenberg-Kübelberg,"Erschließung Gewerbegebiet ""Im Mehlpfuhl"" (2. BA)",2012,"0,00","3.446.928,00"
Ortsgemeinde Theisbergstegen,Neubau eines Rad- und Gehweges,2012,"0,00","74.460,33"
Oskar Blasius e.K.   Hotel Igeler Säule,Erweiterung einer Betriebsstätte,2010,"0,00","36.000,00"
Öztas Ahmet Safran Grillspezialitäten,Modernisierung eines bestehenden Unternehmens,2014,"0,00","17.000,00"
P.E.P. Elektronik GmbH,Erweiterung einer Betriebsstätte,2011,"0,00","22.500,00"
Pac & Parcel GmbH,Erweiterung einer Betriebsstätte,2011,"0,00","30.762,29"
Padati GmbH,Erweiterung einer Betriebsstätte,2010,"0,00","13.800,00"
Pak Fazli Hemingway's,Modernisierung eines best. Unternehmens z. Bestandssicherung,2015,"0,00","25.000,00"
"Palmer-Bleche GmbH & Co. KG und   Palmer Grundstücke
GmbH & Co. KG",Errichtung einer Betriebsstätte,2011,"0,00","247.632,94"
Pappas Sotirios,Verlagerung eines Betriebes in das Fördergebiet,2013,"0,00","14.923,56"
Parkhotel Elisabeth UG   (haftungsbeschränkt) & Co. KG,Übernahme einer von Stilllegung bedrohten Betriebsstätte,2010,"0,00","295.060,00"
Pazen Fenster und Technik GmbH,Energiegewinn-Produktionsstätte in Holzbauweise,2013,"0,00","130.000,00"
"PDF Channel GmbH und Bahman Dashtizadeh   & Mahboubeh
Bazinezamdoust",Erweiterung einer Betriebsstätte,2011,"0,00","69.900,00"
"Pedax Bitburg Maschinenbau GmbH & Pedax   Bitburg
Industriegrundbesitz GmbH & Co.",Erweiterung einer Betriebsstätte,2008,"0,00","136.526,39"
Peter Frisch GmbH und Frisch GbR,Erweiterung einer Betriebsstätte,2015,"0,00","83.250,00"
Peter Hoch GmbH & Co. KG,Errichtung einer Betriebsstätte,2010,"0,00","375.000,00"
PFAFF Industriesysteme und   Maschinen GmbH,Errichtung einer Betriebsstätte,2009,"0,00","1.441.648,95"
Pfalz-Alarm GmbH,Erweiterung einer Betriebsstätte,2013,"0,00","130.200,00"
Pfalz-Touristik e.V.,Einrichtung von 3 Prädikatswanderwegen in der Pfalz,2010,"0,00","243.976,51"
Pfalzglas GmbH & Co. KG,Erweiterung einer Betriebsstätte,2010,"0,00","229.132,96"
Pfalzhotel Asselheim GmbH & Co. KG,Erweiterung einer Betriebsstätte,2011,"0,00","341.700,00"
Pfening und Rohloff GbR und CCM-   Maschinenbau GmbH i.,Erweiterung einer Betriebsstätte,2012,"89.440,00","0,00"
PHILIPPINE GmbH & Co. Technische   Kunststoffe KG,FuE-Vorhaben,2012,"0,00","85.597,33"
Photonikzentrum Kaiserslautern e.V.,"""Digital photonic production"" mit Ultrakurzpuls-Lasern",2012,"0,00","444.783,45"
Photonikzentrum Kaiserslautern e.V.,K-MAP -Kaiserslautern Materialentwicklung und -prüfung,2014,"0,00","299.168,20"
Photonikzentrum Kaiserslautern e.V.,Kompetenz- und Anwender-Zentrum,2009,"0,00","2.680.623,51"
"PIRTEK Saar-Pfalz GmbH und Sander &   Schlich Verwaltungs
OHG",Errichtung einer Betriebsstätte,2012,"0,00","5.967,96"
"Pistono GmbH & Co. KG und   Hotel Werner Pistono GmbH &
Co. KG",Erweiterung einer Betriebsstätte,2010,"0,00","87.000,00"
Plamex Maschinenbau GmbH,FuE-Vorhaben,2015,"0,00","232.425,00"
Plascore GmbH & Co. KG,Erweiterung einer Betriebsstätte,2012,"243.750,00","0,00"
Platen Christa Rheinhotel Nierstein,Erweiterung einer Betriebsstätte,2011,"0,00","28.000,00"
PMB Präzisionsmaschinenbau Bobertag GmbH,FuE-Vorhaben,2011,"0,00","207.304,97"
Pollux electro mechanical systems GmbH,Erweiterung der Betriebsstätte,2013,"0,00","336.420,00"
PolyQuick GmbH & Co. KG,Errichtung einer Betriebsstätte,2010,"0,00","37.912,36"
"PolyTec Präzisionsteile GmbH und   Roland Puder,
Besitzunternehmung PolyTec",Erweiterung einer Betriebsstätte,2011,"0,00","225.022,30"
Primatec GmbH und Harald Schmidt,Erweiterung einer Betriebsstätte,2010,"0,00","248.386,89"
"Prinz Druck Print Media GmbH & Co. KG   und Mitunternehmer
Michael Kosack",Errichtung einer Betriebsstätte,2008,"0,00","670.613,48"
Pro Contur GmbH und   Frank Weigelt,Erweiterung einer Betriebsstätte,2009,"0,00","31.674,19"
Pro Holz Westerwald e.V.,Kooperation von 5 regionalen Holzbaubetrieben im Westerwald,2012,"0,00","8.674,88"
prointernet GmbH & Co. KG,Erweiterung einer Betriebsstätte,2011,"0,00","18.000,00"
Prolog Ofen GmbH,Erweiterung einer Betriebsstätte,2009,"0,00","87.851,16"
Promailings GmbH,Erweiterung einer Betriebsstätte,2011,"0,00","9.907,58"
ProNES Automation GmbH,FuE-Vorhaben,2014,"0,00","101.344,27"
Prüf- u. Forschungsinstitut Pirmasens eV,Aufbau einer Pilotanlage zur Umwandlung von EE-Wasserstoff,2013,"0,00","632.051,75"
Prüf- u. Forschungsinstitut Pirmasens eV,Fermentative Gewinnung von Polyhydroxybuttersäure (PHB),2010,"0,00","345.833,52"
Prüf- u. Forschungsinstitut Pirmasens eV,Stoffliche und energetische Nutzung von Stroh,2008,"0,00","216.200,00"
psb intralogistics GmbH,Grundlegende Änderung des Gesamtproduktionsverfahrens,2012,"0,00","378.000,00"
"Q-bs, Corporate Fashion e.K.   Inh. Ursula Muss-Müller",Erweiterung einer Betriebsstätte,2011,"0,00","113.465,85"
qarat consulting gmbh,Erweiterung eines Betriebes,2013,"0,00","25.000,00"
Quint GmbH & Co. KG und Arotop food &   environment GmbH,FuE-Vorhaben,2009,"0,00","167.484,43"
RBB Aluminium-Profiltechnik AG,Erweiterung einer Betriebsstätte,2012,"0,00","111.123,00"
rdts Internet AG,Erweiterung einer Betriebsstätte,2013,"0,00","85.230,00"
Reiner Winters GmbH,Erweiterung einer Betriebsstätte,2009,"0,00","49.770,22"
Reis Josef,Erweiterung einer Betriebsstätte,2010,"0,00","70.000,00"
Reisemobilpark Ayl GmbH,Erweiterung einer Betriebsstätte,2009,"0,00","12.243,73"
Reismühle Kaffeemanufaktur e.K.   Inh. Wolfgang Lutz,Errichtung einer Betriebsstätte,2011,"0,00","15.533,95"
RelineEurope AG,FuE-Vorhaben,2012,"0,00","14.251,38"
RelineEurope AG,FuE-Vorhaben,2012,"0,00","4.899,66"
"Renate Hager GmbH & Co. KG und Renate   Hager, Andreas
Hager, Anja Schmitt GbR",Erweiterung einer Betriebsstätte,2010,"0,00","90.000,00"
Renz Helmut Dachdeckerei,Erweiterung einer Betriebsstätte,2011,"0,00","10.431,00"
Reßler GbR Rosemarie und Tanja Gästehaus Reßler,Erweiterung einer Betriebsstätte,2014,"0,00","31.090,00"
Return GmbH,Erweiterung einer Betriebsstätte,2009,"0,00","41.856,12"
Reuter Klaus Hotel zur Mühle,Erweiterung einer Betriebsstätte,2009,"0,00","57.010,26"
Rexnord Kette GmbH,FuE-Vorhaben,2013,"0,00","34.881,95"
Rhineland Holiday   Pinger Hotels OHG,Erweiterung einer Betriebsstätte,2009,"0,00","56.810,28"
RIKA Chemie GmbH,Erweiterung einer Betriebsstätte,2008,"0,00","21.283,66"
RIKA Chemie GmbH,Erweiterung einer Betriebsstätte,2011,"0,00","66.600,00"
Robert Birkenbeul GmbH & Co. KG,Erweiterung einer Betriebsstätte,2009,"0,00","101.920,16"
Romantik- Jugendstilhotel Bellevue   Inh. Matthias Ganter e.K.,Erweiterung einer Betriebsstätte,2011,"0,00","90.214,47"
Roos Kunststofftechnik GmbH & Co KG,FuE-Vorhaben,2010,"0,00","55.818,83"
Rose KG und Rose GmbH,Erweiterung einer Betriebsstätte,2009,"0,00","862.993,70"
Roth + Weber GmbH   Digitale Reprosysteme,FuE-Vorhaben,2014,"0,00","195.361,26"
Rotox Maschinenbau GmbH,FuE-Vorhaben,2010,"0,00","33.028,61"
Rüdell Andrea Hotel Alter Posthof,Erweiterung einer Betriebsstätte,2009,"0,00","52.217,79"
Rudnick + Enners Maschinen- und   Anlagenbau GmbH,FuE-Vorhaben,2009,"0,00","235.922,40"
Ruland Engineering & Consulting GmbH,FuE-Vorhaben,2010,"0,00","154.804,22"
S + L Metallbau GmbH,Erweiterung einer Betriebsstätte,2011,"0,00","19.500,00"
S + L Metallbau GmbH,Erweiterung einer Betriebsstätte,2009,"0,00","14.400,00"
S+B Inbau GmbH,Erweiterung einer Betriebsstätte,2011,"0,00","60.716,70"
Sanz-Mendez Vermietung + Verpachtung   GmbH & Co. KG,Errichtung einer Betriebsstätte,2009,"0,00","82.428,97"
SBK Stahlbau GmbH,Erweiterung einer Betriebsstätte,2012,"0,00","54.143,80"
"SBN Wälzlager GmbH & Co. KG und   SBN Immo GmbH & Co.
KG",Errichtung einer Betriebsstätte,2014,"0,00","510.701,76"
Schäfer Reifenfachhandel GmbH und   Schäfer GmbH & Co.,Erweiterung einer Betriebsstätte,2013,"0,00","166.995,41"
Schäfer und Schäfer Pneuservice GmbH Jochen,Errichtung einer Betriebsstätte,2010,"0,00","143.580,10"
Schanz Thomas Hotel Winzerhof,Erweiterung einer Betriebsstätte,2011,"0,00","133.500,00"
Scheer GmbH & Co. KG,Grundl. Änderung d. Gesamtproduktionsverf.e.best. BS,2010,"0,00","36.036,40"
Schepp Christian Ferienhäuser,Erweiterung einer Betriebsstätte,2012,"0,00","25.412,62"
Scherschlicht Gernot Hotel Restaurant Altkölnischer Hof,Erweiterung einer Betriebsstätte,2011,"0,00","20.000,00"
"Schlag & Pröbstl   Inh. Theresia Pröbstl-Strödter e.K. Zimmerei-
Holzbau-Holzhandel",Sanierung der Produktionshalle mit Buchen-Furnierschichtholz,2014,"0,00","83.524,92"
Schloß Sörgenloch GmbH & Co. KG,Erweiterung einer Betriebsstätte,2011,"0,00","22.291,07"
Schloß-Hotel Petry OHG,Erweiterung der Betriebsstätte,2013,"0,00","85.500,00"
Schlosserei Ingo Pauly e.K.,Erweiterung einer Betriebsstätte,2009,"0,00","15.360,00"
Schmekies Bernhard Medien & Druck,Erweiterung einer Betriebsstätte,2012,"0,00","248.355,00"
Schmidt Hubertus,Erweiterung einer Betriebsstätte,2009,"0,00","142.200,00"
Schmidt Petra Hotel Paffhausen,Übernahme einer von Stilllegung bedrohten Betriebsstätte,2010,"0,00","86.300,00"
Schmitt Pia Gästehaus - Wein im Turm -,Erweiterung einer Betriebsstätte,2011,"0,00","94.000,00"
Schmitt Volker Schreinerhof Irsch,Erweiterung einer Betriebsstätte,2009,"0,00","26.641,19"
Schneider Bernhard,Erweiterung einer Betriebsstätte,2009,"0,00","16.720,00"
"Schneider GbR Wolfgang und Marlies Hotel Goldener
Pfropfenzieher",Erwerb einer stillliegenden Betriebsstätte,2012,"0,00","23.000,00"
Schneider Hans-Gerhard Hotel Panorama,Erweiterung einer Betriebsstätte,2010,"0,00","56.000,00"
Schneider Holzbearbeitungs GmbH und   Norbert Schneider,Erweiterung einer Betriebsstätte,2010,"0,00","23.112,00"
schoen + sandt machinery  GmbH,Erweiterung einer Betriebsstätte,2009,"0,00","39.123,60"
SCHOTTEL GmbH,FuE-Vorhaben,2012,"0,00","141.345,00"
"Schramm Werkstätten GmbH &   Verwaltungsgesellschaft
Schramm GdbR",Erweiterung einer Betriebsstätte,2011,"0,00","1.260.000,00"
Schreieck Michael Hotel,Erweiterung einer Betriebsstätte,2011,"0,00","426.780,00"
Schreinerei Beiling GmbH und   Gerd Beiling,Erweiterung einer Betriebsstätte,2011,"0,00","51.420,00"
Schreinerei Notte GmbH & Co. KG,Übernahme einer stilliegenden Betriebsstätte,2009,"0,00","83.125,22"
Schröder Bernd Juwelier Schröder,Modernisierung eines best. Betriebes zur Bestandssicherung,2013,"0,00","25.000,00"
Schuh-Keller KG,Modernisierung eines bestehenden Unternehmens z. Bestandss.,2014,"0,00","25.000,00"
Schulz Farben- und Lackfabrik GmbH,FuE-Vorhaben,2011,"0,00","180.876,58"
Schumacher Packaging GmbH,Erweiterung einer Betriebsstätte,2012,"0,00","165.747,20"
Schwab GmbH   Feuerfest-Engineering-Anlagentechnik,Erweiterung einer Betriebsstätte,2009,"0,00","19.200,00"
Schwind Christoph meetingmasters.de,Erweiterung einer Betriebsstätte,2011,"0,00","221.690,00"
SE Service GmbH und Eppers & Schilz   Grundbesitz GbR,Erweiterung einer Betriebsstätte,2010,"0,00","63.300,00"
"Seehaus Forelle Betriebs GmbH & Co. KG   und Landgasthof
Forelle GmbH & Co. KG",Erweiterung einer Betriebsstätte,2009,"0,00","118.847,23"
Seitz-Twelker Renate,Errichtung einer Betriebsstätte,2013,"0,00","221.910,00"
Service und Messe GmbH   der Handwerkskammer Koblenz,Holzhandwerk - ein Ausstellungs- und Kommunikationszentrum,2010,"0,00","274.509,71"
SETA Hotel GmbH & Co. KG,Erweiterung einer Betriebsstätte,2013,"0,00","132.270,00"
Seus GmbH und Dieter Seus,Erweiterung einer Betriebsstätte,2010,"0,00","90.000,00"
Sharp Reflections GmbH,Erweiterung einer Betriebsstätte,2011,"0,00","4.147,02"
Sicon GmbH & Co. KG und   Josef und Franz Josef Siepe GbR,Erweiterung einer best. Betriebsstätte im Landesfördergebiet,2009,"0,00","69.780,00"
Simon GmbH & Co. KG und Karl-Josef   Simon,Erweiterung einer Betriebsstätte,2011,"0,00","87.644,89"
SKS Welding Systems GmbH,Erweiterung einer Betriebsstätte,2011,"0,00","1.386.300,00"
SKS Welding Systems GmbH,Erweiterung einer Betriebsstätte,2009,"0,00","99.510,94"
SKS Welding Systems GmbH,Erweiterung einer Betriebsstätte,2010,"0,00","83.876,42"
SKT-Schrupp GmbH,Erweiterung einer Betriebsstätte,2012,"0,00","40.457,83"
SLG Schaefer Logistik GmbH & Co. KG,Errichtung einer Betriebsstätte,2012,"0,00","415.960,00"
SML GmbH & Co. KG,FuE-Vorhaben,2012,"0,00","31.708,19"
SPC-Print GmbH,Errichtung einer Betriebsstätte,2013,"195.000,00","0,00"
SpheronVR AG,Erweiterung einer Betriebsstätte,2013,"0,00","69.237,12"
STA Schalltechnische Anlagen GmbH,Erweiterung einer Betriebsstätte,2010,"0,00","25.875,00"
Staatsbad Bad-Bertrich GmbH,Neubau Vulkaneifeltherme: Installation Gasabsorptionswärmep.,2009,"0,00","37.237,91"
Stadler Erwin Metallbau,Erweiterung einer Betriebsstätte,2009,"0,00","82.861,14"
Stadt Alzey,"Neubau der Kita ""Haus des Kindes"" aus Holz in Alzey",2012,"0,00","87.160,74"
Stadt Andernach,Reaktivierung des Geysirs Andernach auf dem Namedyer Werth,2008,"0,00","271.947,62"
Stadt Bad Bergzabern,Neugestaltung des Kurparkeingangs,2010,"0,00","612.729,89"
Stadt Bad Dürkheim,Ausbau des Kurgartens i.R. Offenlegung der Isenach,2011,"0,00","589.650,00"
Stadt Bitburg,Ausbau und Einrichtung einer Tourist-Information,2010,"0,00","160.600,00"
Stadt Deidesheim,Deidesheimer Erlebnisgarten,2009,"0,00","183.939,45"
Stadt Diez,Auf dem Wirt,2010,"0,00","918.202,74"
Stadt Diez,Umgestaltung der Sportanlage Auf dem Wirt Diez,2010,"0,00","990.425,41"
Stadt Diez,Baugrundverbesserung,2011,"0,00","63.247,36"
Stadt Diez,"Herstellung des Parktplatzes ""Auf dem Wirt"" Diez",2013,"0,00","27.920,21"
Stadt Diez,Verbesserung der Infrastruktur der Sportanlage,2014,"0,00","40.623,80"
Stadt Grünstadt,Tourismusbüro Grünstadt,2010,"0,00","20.597,80"
Stadt Kaiserslautern,Erweiterung des Industriegebietes Nord südlich der L 367,2013,"0,00","2.100.776,07"
Stadt Ludwigshafen am Rhein,Innenstadtmanagement Ludwigshafen,2014,"0,00","105.764,94"
Stadt Ludwigshafen am Rhein,CheckUp in LU,2011,"0,00","18.320,00"
Stadt Ludwigshafen am Rhein,Neuordnung des Werkes der Sterling-SIHI GmbH,2010,"0,00","2.880.000,00"
Stadt Ludwigshafen am Rhein,Aufwertung der Vorbereiche und des Umfelds des Pfalzbaus,2010,"0,00","57.898,63"
Stadt Ludwigshafen am Rhein,Aufwertung d. Vorbereichs & des Umfelds d. Wilhelm-Hack-Mus.,2010,"0,00","35.790,27"
Stadt Ludwigshafen am Rhein,Sanierung des Fußbodens der Ausstellungshalle,2009,"0,00","95.249,16"
Stadt Ludwigshafen am Rhein,Modernisierung und barrierefreier Umbau der Stadtbibliothek,2009,"0,00","2.158.892,39"
Stadt Ludwigshafen am Rhein,"Netzwerkarbeit, Erfahrungsaustausch mit andern Städten",2009,"0,00","52.800,00"
Stadt Ludwigshafen am Rhein,Umgestaltung der Rheinpromenade,2009,"0,00","609.754,86"
Stadt Ludwigshafen am Rhein,Vielfalt als Stärke,2009,"0,00","108.511,55"
Stadt Ludwigshafen am Rhein,Mama-Projekt,2009,"0,00","70.481,90"
Stadt Ludwigshafen am Rhein,Machbarkeitsstudie der Schiffsanlegestelle,2009,"0,00","7.924,34"
Stadt Ludwigshafen am Rhein,Einrichtung eines Kompetenzzentrums für Senioren,2009,"0,00","108.800,00"
Stadt Manderscheid,Landschaftstherapeutischer Weg im Tal,2014,"0,00","10.720,17"
Stadt Neustadt an der Weinstraße,"Grünzug Wallgasse, Abschnitt Mitte",2012,"0,00","345.791,02"
Stadt Neustadt an der Weinstraße,Innenstadtagentur Neustadt an der Weinstraße,2011,"0,00","141.161,81"
Stadt Neustadt an der Weinstraße,Grünzuges Wallgasse,2009,"0,00","1.057.431,98"
Stadt Neustadt an der Weinstraße,Kiosk mit Toilettenanlage,2010,"0,00","149.123,06"
Stadt Neuwied,Ausbau Rostocker Strasse,2010,"0,00","284.398,67"
Stadt Pirmasens,"IG PS-Winzeln, 3.BA (Energiepark)",2012,"0,00","542.865,91"
Stadt Pirmasens,Erschließung GE PS-Winzeln 4. BA,2011,"0,00","402.042,49"
Stadt Speyer,Villa Ecarius - Herstellung eines Lesegartens,2014,"0,00","38.453,19"
Stadt Trier,Erweiterung und Neugestaltung der Schatzkammer,2011,"0,00","106.004,04"
Stadt Wachenheim a.d.W.,Ruine Wachtenburg - Funktionsbauwerk,2010,"0,00","331.615,97"
Stadtfeld Tobias Hotel Heidsmühle,Erweiterung einer Betriebsstätte,2012,"0,00","91.300,00"
Stadtverwaltung Ludwigshafen am Rhein,Aufwertung und Umgestaltung des Theaterplatzes,2013,"0,00","19.255,70"
Stadtverwaltung Ludwigshafen am Rhein,Tanz- und Theaterprojekt Ludwigshafen Mitte/Nord-Hemshof,2013,"0,00","46.658,23"
"Stefan Mölle und Mölle Kartonagen GmbH   und MSB GmbH &
Co KG",Erweiterung einer Betriebsstätte,2012,"0,00","211.227,71"
Steib Dieter SHT Steib Schraub-Hydrauliktechnik,Erweiterung einer Betriebsstätte,2011,"0,00","123.551,50"
Steib Dieter SHT Steib Schraub-Hydrauliktechnik,Erweiterung einer Betriebsstätte,2009,"0,00","39.623,99"
Steil Kranarbeiten GmbH & Co. KG,Erweiterung einer Betriebsstätte,2008,"0,00","653.684,42"
"Stemmler, Sandra Kurz und Heiko Stemmler Brigitte GbR",Erweiterung einer Betriebsstätte,2009,"0,00","253.094,07"
Stengl Thomas Glaserei,Erweiterung einer Betriebsstätte,2009,"0,00","21.446,35"
"Stephen Boden   Hotel ""Zum Sänger an der Ahr""",Erweiterung einer Betriebsstätte,2010,"0,00","40.000,00"
Steuer Guido Hotel Steuer,Erweiterung einer Betriebsstätte,2013,"0,00","37.700,00"
Stiehl Marijke,Erweiterung einer Betriebsstätte,2009,"0,00","62.787,70"
"Stiftung Rheinland-Pfälzisches   Freilichtmuseum Bad
Sobernheim",Einrichtung der rheinland-pfälzischen Weinkultur,2008,"0,00","159.879,75"
Stolz Martin,Errichtung einer Betriebsstätte,2009,"0,00","8.130,21"
StoREgio Energiespeichersysteme e.V.,Industr. u. Anwendung stationärer Energiespeichersys.,2013,"0,00","151.013,76"
Stotz Witali,Erweiterung einer Betriebsstätte,2009,"0,00","91.645,23"
Stüber Andreas Rhein-Hotel,Erweiterung einer Betriebsstätte,2009,"0,00","23.000,00"
Stuppy Anton Fenster Stuppy,Erweiterung einer Betriebsstätte,2010,"0,00","16.946,64"
Südeifel Integrationsbetriebe GmbH,Errichtung einer Betriebsstätte,2009,"0,00","110.550,00"
Sun Royal GmbH und Erwin Eijpe,Errichtung einer Betriebsstätte,2011,"0,00","34.360,23"
Superon GmbH,FuE-Vorhaben,2010,"0,00","423.180,00"
Superon GmbH,FuE-Vorhaben,2013,"0,00","394.728,09"
Surface Concept GmbH,FuE-Vorhaben,2014,"0,00","149.251,31"
"SvW Stahl- und Anlagenbau e.K.   Inh. Simone von
Weschpfennig",Erweiterung einer Betriebsstätte,2015,"0,00","94.980,00"
Swif GmbH   South West International Fragrance,Erweiterung einer Betriebsstätte,2011,"0,00","103.214,45"
Swif GmbH   South West International Fragrance,Erweiterung einer Betriebsstätte,2009,"0,00","47.420,63"
Swissprint GmbH und Martin Rüetschi,Errichtung einer Betriebsstätte,2008,"0,00","18.705,06"
"Tarte Gourmet  Flammkuchen Service GmbH,   Wieser und
Paulsen GmbH & Co. KG und Gusto Palatino GmbH & Co. KG",Erweiterung einer Betriebsstätte,2011,"0,00","357.000,00"
"Tarte Gourmet  Flammkuchen Service GmbH,   Wieser und
Paulsen GmbH & Co. KG und Gusto Palatino GmbH & Co. KG",Erweiterung einer Betriebsstätte,2010,"0,00","630.000,00"
Technische Universität Kaiserslautern,Desktopfräsmaschine für die spanende Mikrobearbeitung,2010,"0,00","101.250,00"
Technische Universität Kaiserslautern,Intelligent Steering System - iSteer,2011,"0,00","110.250,00"
Technische Universität Kaiserslautern,Vereinheitlichte Software-Formulierung zur Kompatibilität,2010,"0,00","76.958,84"
Technische Universität Kaiserslautern,Tragwirkung randnaher Betondübel,2010,"0,00","112.500,00"
Technische Universität Kaiserslautern,Hochwärmedämmende Außenwandelemente,2010,"0,00","112.500,00"
Technische Universität Kaiserslautern,Pressschweißen von Titanlegierungen der Flugzeugindustrie,2009,"0,00","103.125,00"
Technische Universität Kaiserslautern,Sandwich-Wandelemente mit Deckschichten,2009,"0,00","112.500,00"
Technische Universität Kaiserslautern,Energieeffizienzsteigerung im Dieselmotor,2009,"0,00","188.557,67"
Technische Universität Kaiserslautern,Qualitätsorientierte Instandhaltung,2009,"0,00","184.676,00"
Technische Universität Kaiserslautern,Thermodynamik an der TU,2009,"0,00","887.566,36"
Technische Universität Kaiserslautern,Aufbau und Etablierung eines gemeinsamen Gründungsbüros,2008,"0,00","988.832,12"
Technische Universität Kaiserslautern,HeloPSI,2013,"0,00","223.478,32"
Technische Universität Kaiserslautern,K-MAP -Kaiserslautern MAterialentwicklung und -Prüfung,2014,"0,00","300.000,00"
Technische Universität Kaiserslautern,Schneidkantenpräparation von Schaftfräsern,2012,"0,00","105.593,59"
Technische Universität Kaiserslautern,Modellbasierte Entwicklung pneumatischer Abstandssensoren,2012,"0,00","106.184,30"
Technische Universität Kaiserslautern,Etablierung der Spintronik-Technologieplattform (STeP),2012,"1.374.080,00","0,00"
Technische Universität Kaiserslautern,Entwicklung eines integralen Schwingungsschutzsystems,2012,"0,00","107.775,00"
Technische Universität Kaiserslautern,Energieeffiziente Nutzung von Biogas,2014,"0,00","192.977,00"
Technische Universität Kaiserslautern,"InnoProm, Energieoptimierte Fertigteil-Gebäudehülle",2011,"0,00","112.500,00"
Technische Universität Kaiserslautern,InnoProm,2011,"0,00","112.500,00"
Technische Universität Kaiserslautern,Prozesssichere Herstellung von Mikrospritzgussformen,2011,"0,00","194.708,00"
Technische Universität Kaiserslautern,Netzwerk Elektromobilität Rheinland-Pfalz - Teil 1,2011,"0,00","320.849,72"
Technische Universität Kaiserslautern,Umweltmodellierung und Situationserkennung,2011,"0,00","109.800,00"
Technische Universität Kaiserslautern,Produktivität und Qualität von Serviceprodukten,2011,"0,00","112.500,00"
Technische Universität Kaiserslautern,Modularer Aufbau eines Assistenzsystems,2011,"0,00","105.795,00"
Technische Universität Kaiserslautern,InnoProm (Intelligent Loader - iLoader),2011,"0,00","110.250,00"
Technologie - Institut für Metall und   Engineering GmbH,"Aufbau des ""Kompetenzverbund Keramik-Simulation""",2011,"0,00","21.473,30"
Technologie - Institut für Metall und   Engineering GmbH,Aufbau eines Kompetenzzentrums für Schweißstruktursimulation,2013,"0,00","176.033,09"
Technologie - Institut für Metall und   Engineering GmbH,Konstruk. Ressorcenschonung im Anlagen- und Maschinenbau,2014,"0,00","69.308,52"
Technologie - Institut für Metall und   Engineering GmbH,Aufbau eines Zentrums für moderne Schweißtechnik,2011,"0,00","340.115,78"
Technologie - Institut für Metall und   Engineering GmbH,Aufbau eines Bereiches für moderne Fertigungstechniken,2011,"0,00","577.094,12"
Technologie - Institut für Metall und   Engineering GmbH,Aufbau einer automatisierten Schweißzelle für KMU,2012,"0,00","430.679,24"
Technologie - Institut für Metall und   Engineering GmbH,Aufbau eines Schwerpunktes Simulation & Konstruktion für KMU,2010,"0,00","396.109,58"
Technologie-Initiative SmartFactory KL   e.V.,Grundlagen Industrie-4.0 Roadmap für produzierende Untern.,2014,"0,00","207.957,41"
"Technologie-Institut für Funktionale   Kunststoffe und
Oberflächen GmbH (tifko)",Kompetenzfeldaufbau mechanische Testung von Kunststoffen,2014,"0,00","359.716,72"
"Technologie-Institut für Funktionale   Kunststoffe und
Oberflächen GmbH (tifko)",Kompetenzfeldaufbau Compoundierung und Prüfung gefüllter The,2013,"0,00","562.018,14"
TelePower GmbH & Co. KG,Errichtung einer Betriebsstätte,2009,"0,00","47.577,39"
Tempel Rosemarie Pension Auszeit,Erweiterung einer Betriebsstätte,2011,"0,00","18.000,00"
THEILIG Kommunikation,Verlagerung eines Betriebes in das Fördergebiet,2014,"0,00","15.160,43"
Thibol Christoph CT Zerspanungstechnik,Erweiterung einer Betriebsstätte,2013,"0,00","54.000,00"
Thiel Mathias Besitzgesellschaft,Neubau eines Null-Emissionen-Sägewerks aus Holz,2012,"0,00","36.379,58"
Thiel Winfried Hotel Zur Post,Erweiterung einer Betriebsstätte,2009,"0,00","97.667,12"
thinXXS Microtechnology AG,Erweiterung einer Betriebsstätte,2010,"0,00","1.119.021,00"
Thomas Bernhard und Spedition   Bernhard GmbH,Erweiterung einer Betriebsstätte,2010,"0,00","36.000,00"
THOMAS MAGNETE GmbH,FuE-Vorhaben,2010,"0,00","212.032,68"
"Thomé Maschinenbau GmbH und   Jürgen Thomé
Maschinenbau",Erweiterung einer Betriebsstätte,2009,"0,00","105.105,56"
"Thomé Maschinenbau GmbH und   Jürgen Thomé
Maschinenbau",Erweiterung der Betriebsstätte,2011,"0,00","230.108,45"
Tillemans GbR Angela und Marc,Übernahme einer Betriebsstätte,2010,"0,00","43.890,00"
TofuTown.com GmbH,Erweiterung einer Betriebsstätte,2013,"0,00","207.139,58"
Tonollo Rolf Teppichreinigung,Erweiterung einer Betriebsstätte,2009,"0,00","10.806,32"
"Trägerverein Naturpark Soonwald-Nahe   e.V. Geschäftsstelle
Simmern",Soonwaldsteig,2009,"0,00","122.802,51"
TREIF Maschinenbau GmbH,Erweiterung einer Betriebsstätte,2012,"0,00","165.750,00"
TREIF Maschinenbau GmbH,FuE-Vorhaben,2009,"0,00","260.587,08"
"Triacs GmbH - Veranstaltungstechnik   und Triacs GbR
Grundstücksgesellschaft",Erweiterung einer Betriebsstätte,2010,"0,00","217.500,00"
"Triacs GmbH - Veranstaltungstechnik   und Triacs GbR
Grundstücksgesellschaft",Erweiterung einer Betriebsstätte,2011,"0,00","86.883,82"
TRIBIT Elektrotechnik und   Informatik GmbH,FuE-Vorhaben,2014,"0,00","35.351,60"
Trierscheid Franz-Josef TRIMESS Koordinatenmesstechnik,Erweiterung einer Betriebsstätte,2013,"0,00","13.505,97"
Trollmühle Hotel und Gaststätten GmbH,Erweiterung einer Betriebsstätte,2009,"0,00","39.605,90"
Trommelen Jacobus Hütterscheider Hof,Übernahme einer stillgelegten Betriebsstätte,2011,"0,00","68.330,00"
TSP Systems GmbH,Erweiterung einer Betriebsstätte,2012,"0,00","131.103,36"
"Tyre24 AutomotiveGmbH&Co.KG, Tyre24 GmbH, reifenwelt
Medien- u. Verlagsges. mbH, mnDesign GmbH und AZEV
Alurad GmbH",Erweiterung einer Betriebsstätte,2011,"0,00","613.424,63"
Tyre24 GmbH,Erweiterung einer Betriebsstätte,2010,"0,00","33.203,08"
TZK-TechnologieZentrum Koblenz GmbH,Einrichtung des Zentralen Clustermanagements für IMKK,2011,"0,00","358.102,80"
TZL-TechnologieZentrum   Ludwigshafen am Rhein GmbH,Weiterentwicklung des TZL zu einem reg. Innovationszentrum,2015,"0,00","367.903,50"
"TZO-Technologiezentrum für   Oberflächentechnik
Rheinbreitbach GmbH",Errichtung eines I2 Z - Inkubator- und Innovationszentrums,2008,"0,00","405.000,00"
Uhl Günter Hotel Krupp,Erweiterung einer Betriebsstätte,2009,"0,00","39.033,15"
Ulmer Michael Reining Academy Ulmer,Errichtung einer neuen Betriebsstätte,2012,"0,00","71.920,00"
Ulses Oliver,Erweiterung einer Betriebsstätte,2010,"0,00","50.420,00"
"Union-Hotel-Klinkner GmbH und Ute Klinkner-Ludwiczak-Lydia
Klinkner- Brandes GbR",Erweiterung einer Betriebsstätte,2009,"0,00","40.187,83"
Universität Koblenz-Landau,iCity,2009,"0,00","199.316,21"
Universität Koblenz-Landau,TALMAT - Im Rahmen des Innovationsclusters Metall & Keramik,2010,"0,00","428.333,52"
Universität Koblenz-Landau,Gründungsbüro Koblenz,2011,"0,00","637.028,57"
Universität Koblenz-Landau,Hobbypreneurship,2011,"0,00","160.106,53"
Universität Koblenz-Landau Campus   Koblenz,Aufbau und Errichtung eines Laboratoriums,2012,"0,00","123.945,50"
Universität Trier,Hochschulübergreifendes Gründungsbüro Uni Trier und FH Trier,2012,"0,00","467.051,52"
Urhan Öznur,Übernahme einer stillliegenden Betriebsstätte,2010,"0,00","23.310,00"
Urhausen Anke Hotel Weinhof,Erweiterung einer Betriebsstätte,2010,"0,00","7.600,00"
UWE Umwelt und Energie e.K.   Inh. Uwe Schlüter,Erweiterung einer Betriebsstätte,2010,"0,00","25.710,00"
van de Wetering Antonius Eifelhotel Daun,Erweiterung einer Betriebsstätte,2009,"0,00","4.150,87"
Vatlav Hajnalka,Übernahme einer von Stilllegung bedrohten Betriebsstätte,2010,"0,00","41.010,85"
Veenion GmbH,Erweiterung einer Betriebsstätte,2011,"0,00","29.215,66"
Veit Alfons Metallbau,Erweiterung einer Betriebsstätte,2011,"0,00","25.500,00"
Vera Kellner und Hotel Ebertor   Betriebs GmbH,Erweiterung einer Betriebsstätte,2009,"0,00","486.307,32"
Verbandsgemeinde   Alsenz-Obermoschel,Ausbau Radweg,2008,"0,00","80.976,59"
Verbandsgemeinde   Alsenz-Obermoschel,Ausbau des Radweges Moscheltal (2.BA),2009,"0,00","88.430,59"
Verbandsgemeinde   Waldfischbach-Burgalben,Radwegeausbau in der VG Waldfischbach-Burgalben,2010,"0,00","172.758,15"
Verbandsgemeinde   Waldfischbach-Burgalben,Errichtung eines Strohheizwerkes zur Nahwärmeversorgung,2012,"0,00","264.900,00"
Verbandsgemeinde Adenau,Rennrad- und Mountainbikeworld Nürburgring,2011,"0,00","32.929,65"
Verbandsgemeinde Adenau,Herstellung eines Qualitätswanderweges aus 2 Teilabschnitten,2012,"0,00","84.744,15"
Verbandsgemeinde Bernkastel-Kues,"Erschließung des Gewerbegebiets ""Wenigerflur"" (Piesport)",2014,"0,00","118.463,42"
Verbandsgemeinde Daaden,Errichtung einer Holzhackschnitzelanlage,2009,"0,00","76.121,47"
Verbandsgemeinde Dahner Felsenland,Lückenschluss Radweg,2010,"0,00","171.500,00"
Verbandsgemeinde Flammersfeld,"Erschließung des Industriegebietes ""Willrother Berg""",2014,"0,00","1.420.685,12"
Verbandsgemeinde Hauenstein,Herstellung eines Radweges,2012,"0,00","219.121,89"
Verbandsgemeinde Hauenstein,Neubau Tourist-Info-Zentrum,2011,"0,00","390.320,00"
Verbandsgemeinde Rheinböllen,Optimierung der Lüftungsanlage im Freizeitbad Rheinböllen,2009,"0,00","100.000,00"
Verbandsgemeinde Rockenhausen,"Ausbau Radweg ""Alsenztal""",2009,"0,00","241.315,21"
Verbandsgemeinde Wallmerod,Westerwald Holztage 2012,2011,"0,00","29.137,63"
Verope Service Center GmbH,Errichtung einer Betriebsstätte,2010,"0,00","975.000,00"
"Vet-Concept GmbH & Co. KG und
Grundstücksverwaltungsgesellschaft Anita Theis und Thorsten
Herz GbR",Erweiterung einer Betriebsstätte,2012,"0,00","360.000,00"
"Vet-Concept GmbH & Co. KG und
Grundstücksverwaltungsgesellschaft Anita Theis und Thorsten
Herz GbR",Erweiterung einer Betriebsstätte,2011,"0,00","375.000,00"
Vet-Concept Production GmbH & Co. KG,Errichtung einer Betriebsstätte,2013,"0,00","1.314.469,04"
VeZerf Laborsynthesen GmbH,Erweiterung einer Betriebsstätte,2012,"0,00","90.000,00"
VIDIT Systems GmbH,FuE-Vorhaben,2013,"0,00","64.587,11"
Viprinet GmbH,FuE-Vorhaben,2010,"0,00","56.092,21"
Vision Electric GmbH,FuE-Vorhaben,2010,"0,00","155.255,67"
voestalpine SIGNALING Sainerholz GmbH,FuE-Vorhaben,2012,"0,00","45.957,12"
Volk Jürgen Hotel Lindenhof,Erweiterung einer Betriebsstätte,2010,"0,00","324.880,00"
Vollmer Armin Hotel im Malerwinkel,Erweiterung einer Betriebsstätte,2009,"0,00","12.116,81"
"VP-Logistik ""Die Weinmanufaktur"" OHG","Divers. d. Produktion einer BS in neue, zusätzliche Produkte",2011,"0,00","20.282,67"
Wajos GmbH,Erweiterung einer Betriebsstätte,2010,"0,00","36.966,94"
Walch Doris Inhaberin Hotel Alt Speyer,Übernahme einer von Stilllegung bedrohten Betriebsstätte,2010,"0,00","117.580,00"
Walther Werke Ferdinand Walther GmbH,FuE-Vorhaben,2015,"0,00","118.580,00"
WAMA Walter Mauden GmbH & Co. KG,Diversifizierung einer Betriebsstätte,2009,"0,00","12.949,64"
Wasem Ilona,Erweiterung einer Betriebsstätte,2011,"0,00","120.000,00"
WCI Europa GmbH,Errichtung einer Betriebsstätte,2012,"0,00","18.522,00"
Weiland Hotel Betriebs GmbH,Erweiterung einer Betriebsstätte,2012,"0,00","254.060,75"
Weiland Hotel Betriebs GmbH,Erweiterung einer Betriebsstätte,2012,"0,00","17.560,00"
"Weinhaus Heinrich Andre   Inhaber Harald Andre Hotel Filla
Andre",Erweiterung einer Betriebsstätte,2015,"0,00","147.000,00"
Wendling Heribert Hotel Waldesblick,Erweiterung einer Betriebsstätte,2010,"0,00","18.773,03"
Werbeagentur Zweipunktnull GmbH,Errichtung einer Betriebsstätte,2009,"0,00","75.011,92"
Werner GmbH   Forst- und Industrietechnik,FuE-Vorhaben,2014,"0,00","257.706,22"
"Werner Krell GmbH  und   M + W Krell Vermögensverwaltungs
KG und Werner Krell",Erweiterung einer Betriebsstätte,2012,"0,00","39.520,00"
WESSAMAT Eismaschinenfabrik GmbH,FuE-Vorhaben,2010,"0,00","149.413,50"
"WFT Wagnisfinanzierungsgesellschaft für
Technologieförderung in Rhld.-Pf. mbH",Innovationsfonds Rheinland-Pfalz,2008,"0,00","27.000.000,00"
WICO Textilbeschichtung und   -kaschierung GmbH,Erweiterung einer Betriebsstätte,2011,"0,00","226.879,04"
Wiedemann ́s   Weinhotel GbR,Erweiterung einer Betriebsstätte,2011,"0,00","67.830,00"
Wilhelm Christ GmbH & Co. KG,Erweiterung einer Betriebsstätte,2010,"0,00","34.578,60"
Winkler + Dünnebier GmbH,FuE-Vorhaben,2012,"0,00","451.712,68"
WIPOTEC Wiege- und Positioniersysteme   GmbH,Erweiterung einer Betriebsstätte,2011,"0,00","1.434.780,00"
WIPOTEC Wiege- und Positioniersysteme   GmbH,FuE-Vorhaben,2012,"0,00","84.423,54"
Wirtschaftsförderungsgesellschaft   am Mittelrhein mbH,Errichtung von Premiumwanderwegen,2009,"0,00","273.212,54"
"Wirtschaftsförderungsgesellschaft   Kannenbäckerstadt Höhr-
Grenzhausen mbH - CeraTechCenter -",Neubau und Neuausrichtung des CTC,2009,"0,00","96.182,31"
Wirtschaftsförderungsgesellschaft   Vulkaneifel mbH (WFG),"Vulkaneifel: Land, wo die Ideen sprudeln",2011,"0,00","148.635,00"
Wirtschaftsförderungsgesellschaft   Westerwaldkreis mbH,"Magazin ""Wirtschaftsinfo"" zum Themenfeld ""Westerwald-Holz""",2011,"0,00","6.850,84"
Wirtschaftsförderungsgesellschaft   Westerwaldkreis mbH,Weiterer Auf- und Ausbau des Regionalbüros Westerwald,2012,"0,00","82.389,45"
Wirtschaftsförderungsgesellschaft   Westerwaldkreis mbH,Innovationscluster Metall&Keramik -Regionalbüro Westerwald,2009,"0,00","221.599,69"
Wirtschaftsförderungsgesellschaft Kreis   Altenkirchen mbH,Innovationscluster Metall&Keramik -Regionalbüro Altenkirchen,2009,"0,00","224.047,93"
Wirtschaftsförderungsgesellschaft Kreis   Altenkirchen mbH,Weiterer Ausbau des Regionalbüros Altenkirchen,2012,"0,00","90.009,04"
"Wohlfühlhotel ""Alte Rebschule""   Hafen & Schäfer GbR",Erweiterung einer Betriebsstätte,2011,"0,00","626.750,00"
Wuttke Metallverarbeitung GmbH und   Erich Wuttke,Erweiterung einer Betriebsstätte,2011,"0,00","31.447,76"
www.etc-shop.de GmbH & Co. KG,Erweiterung einer Betriebsstätte,2010,"0,00","153.000,00"
www.etc-shop.de GmbH & Co. KG,Erweiterung einer Betriebsstätte,2012,"0,00","109.500,00"
www.etc-shop.de GmbH & Co. KG,Erweiterung einer Betriebsstätte,2011,"0,00","137.020,00"
XI'AN Typical Europe GmbH,Errichtung einer Betriebsstätte,2009,"0,00","47.306,73"
Xiton Photonics GmbH,Erweiterung einer Betriebsstätte,2009,"0,00","17.644,08"
Xiton Photonics GmbH,FuE-Projekt,2013,"0,00","181.518,89"
"Zahnen Technik GmbH und Zahnen
Vermögensverwaltungsgesellschaft mbH",Erweiterung einer Betriebsstätte,2012,"0,00","299.285,13"
Zerspantechnik Schmidt GmbH & Co. KG,Erweiterung einer Betriebsstätte,2011,"0,00","33.000,00"
Zimmer Bruno,Erweiterung einer Betriebsstätte,2012,"0,00","48.050,00"
Zorn GmbH,Erweiterung einer Betriebsstätte,2011,"0,00","8.920,00"
"Zweckverband ""Industriepark A61/   GVZ Koblenz""",Industriepark A61/GVZ Koblenz,2014,"0,00","3.974.789,07"
Zweckverband Industriepark Region Trier,Gewerbegebietserschl. - Bau der Planstraße 11 im IRT Föhren,2013,"0,00","179.877,00"
Zweckverband Industriepark Region Trier,Bau der Planstraße 12,2013,"0,00","605.552,00"
Zweckverband Industriepark Region Trier,Bau einer Wasserverbindungsleitung,2014,"0,00","286.515,38"
Zweckverband Industriepark Region Trier,Verlängerung der Europa-Allee,2010,"0,00","593.344,84"
Zweckverband Industriepark Region Trier,Ausbau des Erschließungsrings Europa-Allee im IRT,2011,"0,00","1.114.320,67"
Zweckverband Kommunaler Wirtschaftspark,Kommunaler Wirtschaftspark A60/Fließem 2. Bauabschnitt,2014,"0,00","225.686,47"
