Tytu³ projektu;Nazwa beneficjenta;Wartoœæ projektu;Dofinansowanie z EU;Multimedia;Dziedzina;Czy projekt jest realizowany na obszarze wiêkszym ni¿ jedna jednostka administracyjna?
Budowa autostrady A1, odc. Pyrzowice - Czêstochowa;GENERALNA DYREKCJA DRÓG KRAJOWYCH I AUTOSTRAD;2607614076.74;1355184582.35;Nie;transport;Nie
Budowa drogi ekspresowej S7, odc. Mi³om³yn - Olsztynek;GENERALNA DYREKCJA DRÓG KRAJOWYCH I AUTOSTRAD;2199770556.62;1176168531.81;Nie;transport;Tak
Budowa drogi ekspresowej S3 Nowa Sól – Legnica, odc. KaŸmierzów – Legnica;GENERALNA DYREKCJA DRÓG KRAJOWYCH I AUTOSTRAD;1924537443.76;992038685.21;Nie;transport;Tak
Budowa drogi ekspresowej S5 odc. Korzeñsko – Wroc³aw (w. Widawa);GENERALNA DYREKCJA DRÓG KRAJOWYCH I AUTOSTRAD;1898993625.04;911126425.26;Nie;transport;Tak
Modernizacja linii kolejowej nr 8, odcinek Warszawa Okêcie - Radom (LOT A, B, F) - FAZA II;PKP POLSKIE LINIE KOLEJOWE S.A.;1317453968.43;791422309.33;Nie;transport;Tak
Budowa drogi ekspresowej S3 Gorzów Wielkopolski - Nowa Sól, odc. Sulechów (w. Kruszyna) - Nowa Sól;GENERALNA DYREKCJA DRÓG KRAJOWYCH I AUTOSTRAD;1335544653.74;700905529.63;Nie;transport;Tak
Budowa drogi ekspresowej S-8 Wyszków - Bia³ystok, odc. Wyszków – granica woj. mazowieckiego /podlaskiego;GENERALNA DYREKCJA DRÓG KRAJOWYCH I AUTOSTRAD;1334452141.08;662816363.77;Nie;transport;Tak
Budowa drogi ekspresowej S3 Nowa Sól – Legnica, odc. w. Nowa Sól P³d. – w. KaŸmierzów (bez wêz³a);GENERALNA DYREKCJA DRÓG KRAJOWYCH I AUTOSTRAD;980314897.31;570210865.53;Nie;transport;Tak
Przebudowa drogi ekspresowej S-8 Wyszków – Bia³ystok, odc. Wiœniewo – Je¿ewo;GENERALNA DYREKCJA DRÓG KRAJOWYCH I AUTOSTRAD;1055525128.86;527708788.15;Nie;transport;Tak
Modernizacja linii kolejowej E 30 / C-E 30, odcinek Kraków – Rzeszów, etap III - Faza II ;PKP POLSKIE LINIE KOLEJOWE S.A.;811385298.35;482303963.74;Nie;transport;Tak
Budowa drogi ekspresowej S8, odc. w. Marki – w. Radzymin P³d.;GENERALNA DYREKCJA DRÓG KRAJOWYCH I AUTOSTRAD;1103765800.00;481548041.52;Nie;transport;Nie
Modernizacja linii kolejowej E 75 Rail Baltica Warszawa – Bia³ystok – granica z Litw¹, etap I, odcinek Warszawa Rembertów – Zielonka – T³uszcz (Sadowne”) Faza II;PKP POLSKIE LINIE KOLEJOWE S.A.;690531778.19;445510892.59;Nie;transport;Nie
Budowa drogi S7 Radom (Jedliñsk) – Jêdrzejów, odc. Radom – Skar¿ysko- Kamienna;GENERALNA DYREKCJA DRÓG KRAJOWYCH I AUTOSTRAD;891184699.62;421551744.74;Nie;transport;Tak
Budowa drogi ekspresowej S7 Radom (Jedliñsk) - Jêdrzejów, odc. obwodnica Radomia;GENERALNA DYREKCJA DRÓG KRAJOWYCH I AUTOSTRAD;899333010.76;401836649.58;Nie;transport;Nie
Budowa drogi S7 Radom (Jedliñsk) – Jêdrzejów, odc. w. Chêciny – Jêdrzejów;GENERALNA DYREKCJA DRÓG KRAJOWYCH I AUTOSTRAD;869900000.00;387422101.10;Nie;transport;Tak
Modernizacja linii kolejowej E 59 na odcinku Wroc³aw - Poznañ, etap III, odcinek Czempiñ - Poznañ - Faza II;PKP POLSKIE LINIE KOLEJOWE S.A.;567450426.37;342416698.30;Nie;transport;Tak
Budowa drogi ekspresowej S7, odc. Kraków w. Igo³omska – w. Christo Botewa;GENERALNA DYREKCJA DRÓG KRAJOWYCH I AUTOSTRAD;679089164.06;320337334.31;Nie;transport;Nie
Budowa drogi ekspresowej S19 Lublin – Rzeszów, odc. w. Lublin S³awinek– w. Lublin Wêglin;GENERALNA DYREKCJA DRÓG KRAJOWYCH I AUTOSTRAD;619845400.00;273970391.24;Nie;transport;Nie
Budowa drogi ekspresowej S7, odcinek Jêdrzejów - granica województwa œwiêtokrzyskiego/ma³opolskiego;GENERALNA DYREKCJA DRÓG KRAJOWYCH I AUTOSTRAD;558000000.00;221505469.27;Nie;transport;Tak
Plan Dzia³añ sektora transportu na lata 2014-2016;CENTRUM UNIJNYCH PROJEKTÓW TRANSPORTOWYCH;206529352.00;175534649.20;Nie;administracja;Nie
Modernizacja linii kolejowej E 65/C-E 65 na odcinku Warszawa - Gdynia – w zakresie warstwy nadrzêdnej LCS, ERTMS/ETCS/GSM-R, DSAT oraz zasilania uk³adu trakcyjnego - Faza II;PKP POLSKIE LINIE KOLEJOWE S.A.;253681196.19;175308143.70;Nie;transport;Tak
Modernizacja ci¹gu ul. Marsa – ¯o³nierska odc. wêze³ Marsa – granica miasta – etap II;MIASTO STO£ECZNE WARSZAWA;216962603.44;167131159.01;Nie;transport;Nie
Projekt poprawy dostêpu kolejowego do Portu Gdañsk (most + dwutorowa linia kolejowa) - FAZAII;PKP POLSKIE LINIE KOLEJOWE S.A.;287819643.97;153212480.48;Nie;transport;Nie
Ogólnopolski system wsparcia doradczego dla sektora publicznego, mieszkaniowego oraz przedsiêbiorstw w zakresie efektywnoœci energetycznej oraz OZE;NARODOWY FUNDUSZ OCHRONY ŒRODOWISKA I GOSPODARKI WODNEJ;128974901.28;128974901.28;Nie;brak;Nie
Modernizacja linii kolejowej Warszawa – £ódŸ, etap II, Lot C – pozosta³e roboty, FAZA II;PKP POLSKIE LINIE KOLEJOWE S.A.;235160122.77;110594966.97;Nie;transport;Tak
Wsparcie Zintegrowanych Inwestycji Terytorialnych w latach 2015-2019;MINISTERSTWO INFRASTRUKTURY I ROZWOJU;121017422.19;102864808.86;Nie;brak;Nie
Wspó³praca z Urzêdami Marsza³kowskimi w celu realizacji zadañ z zakresu rewitalizacji.;MINISTERSTWO INFRASTRUKTURY I ROZWOJU;93000000.00;79050000.00;Nie;brak;Nie
Modernizacja linii kolejowej Warszawa – £ódŸ, etap II, Lot A - odcinek Warszawa Zachodnia - Miedniewice (Skierniewice), faza II;PKP POLSKIE LINIE KOLEJOWE S.A.;121957047.94;76581948.81;Nie;transport;Tak
Punkty Informacyjne Funduszy Europejskich;MINISTERSTWO INFRASTRUKTURY I ROZWOJU;87975491.00;74779167.35;Nie;brak;Nie
Realizacja projektów pilota¿owych w zakresie rewitalizacji.;MINISTERSTWO INFRASTRUKTURY I ROZWOJU;74000000.00;62900000.00;Nie;brak;Nie
Wzmocnienie monitoringu wód w zakresie procedur zapewnienia i kontroli jakoœci pomiarów i ocen stanu wód powierzchniowych oraz infrastruktury badawczej, pomiarowej i informatycznej;G£ÓWNY INSPEKTORAT OCHRONY ŒRODOWISKA;59000000.00;50150000.00;Nie;brak;Nie
Dzia³ania informacyjno-promocyjne Funduszy Europejskich w Polsce;MINISTERSTWO INFRASTRUKTURY I ROZWOJU;53551053.00;45518395.05;Nie;brak;Nie
„Modernizacja œluz odrzañskich na odcinku bêd¹cym w zarz¹dzie RZGW Gliwice – przystosowanie do III klasy drogi wodnej” Faza II;REGIONALNY ZARZ¥D GOSPODARKI WODNEJ W GLIWICACH;50528662.99;40768386.79;Nie;brak;Tak
Finansowanie kosztów zatrudnienia pracowników Ministerstwa Infrastruktury i Rozwoju wykonuj¹cych zadania z zakresu realizacji polityki spójnoœci w perspektywie finansowej 2014-2020 w 2015 roku;MINISTERSTWO INFRASTRUKTURY I ROZWOJU;45252103.00;38464287.55;Nie;administracja;Nie
"Pomorska Kolej Metropolitalna Etap I - rewitalizacja ""Kolei Kokoszkowskiej"" Faza II - realizacja przedsiêwziêcia - FAZA II";POMORSKA KOLEJ METROPOLITALNA S.A.;48893723.36;32228855.00;Nie;transport;Tak
"""Finansowanie kosztów zatrudnienia pracowników Urzêdów Kontroli Skarbowej zajmuj¹cych siê audytem w ramach polityki spójnoœci w latach 2014-2020 w 2016 roku""";MINISTERSTWO FINANSÓW;24687000.00;20983950.00;Nie;administracja;Nie
Uporz¹dkowanie gospodarki wodno-œciekowej w Gminie Raszyn - faza V;GMINA RASZYN;36162908.06;18860556.73;Nie;brak;Nie
Finansowanie wynagrodzeñ pracowników PARP w 2015 roku;POLSKA AGENCJA ROZWOJU PRZEDSIÊBIORCZOŒCI;19427326.05;15856077.16;Nie;administracja;Nie
Finansowanie kosztów zatrudnienia pracowników Urzêdów Kontroli Skarbowej zajmuj¹cych siê audytem funduszy strukturalnych 2014-2020 w 2015 roku;MINISTERSTWO FINANSÓW;16676431.00;14174966.35;Nie;administracja;Nie
Wsparcie Krajowej Jednostki Ewaluacji w zakresie realizacji procesu ewaluacji polityki spójnoœci 2014-2020 oraz 2007-2013.;MINISTERSTWO ROZWOJU, DEPARTAMENT KOORDYNACJI STRATEGII I POLITYK ROZWOJU;13650000.00;11602500.00;Nie;brak;Nie
Uporz¹dkowanie gospodarki œciekowej w Aglomeracji Pleszew;PRZEDSIÊBIORSTWO KOMUNALNE SPÓ£KA Z OGRANICZON¥ ODPOWIEDZIALNOŒCI¥;19940824.59;10155987.62;Nie;brak;Nie
Wsparcie technologi¹ IT procesów biznesowych realizowanych w obszarze polityki spójnoœci;MINISTERSTWO INFRASTRUKTURY I ROZWOJU;11800000.00;10030000.00;Nie;brak;Nie
Wsparcie technologi¹ IT procesów biznesowych realizowanych w obszarze polityki spójnoœci;MINISTERSTWO ROZWOJU, DEPARTAMENT INFORMATYKI;11800000.00;10030000.00;Nie;brak;Nie
Budowa, rozwój i utrzymanie systemów informatycznych wspomagaj¹cych zarz¹dzanie funduszami UE.;MINISTERSTWO INFRASTRUKTURY I ROZWOJU;10963000.00;9318550.00;Nie;brak;Nie
Modernizacja i rozbudowa systemu kanalizacyjnego miasta Jaworzna – faza V;MIEJSKIE PRZEDSIÊBIORSTWO WODOCI¥GÓW I KANALIZACJI SP. Z O.O.;16835052.35;8700935.77;Nie;brak;Nie
Wsparcie instytucji ds. koordynacji strategicznej Umowy Partnerstwa w latach 2015-2016;MINISTERSTWO ROZWOJU, DEPARTAMENT KOORDYNACJI STRATEGII I POLITYK ROZWOJU;9790316.00;8321768.60;Nie;brak;Nie
Wsparcie zatrudnienia w by³ym Ministerstwie Gospodarki jako Instytucji Poœrednicz¹cej POIR i POIiŒ w 2015 r.;MINISTERSTWO ROZWOJU, DEPARTAMENT BUD¯ETU I FINANSÓW;9590000.00;8151500.00;Nie;administracja;Nie
Wsparcie dzia³añ merytorycznych i technicznych prowadzonych przez Departament Partnerstwa Publiczno - Prywatnego w latach 2016-2019.;MINISTERSTWO ROZWOJU, DEPARTAMENT WSPARCIA PROJEKTÓW PARTNERSTWA PUBLICZNO-PRYWATNEGO;9223000.00;7839550.00;Nie;brak;Nie
Finansowanie kosztów zatrudnienia pracowników Centrum Projektów Polska Cyfrowa w 2015 r.;CENTRUM PROJEKTÓW POLSKA CYFROWA;8758000.00;7444300.00;Nie;administracja;Nie
Finansowanie kosztów zatrudnienia pracowników Instytucji Audytowej, Jednostki odpowiedzialnej za otrzymywanie i przekazywanie p³atnoœci oraz weryfikacjê zasady dodatkowoœci w MF w 2015 roku.;MINISTERSTWO FINANSÓW;8753439.00;7440423.15;Nie;administracja;Nie
Wsparcie stanowiska pracy pracowników Instytucji Audytowej w latach 2015-2017;MINISTERSTWO FINANSÓW;8510000.00;7233500.00;Nie;brak;Nie
Finansowanie kosztów zatrudnienia pracowników zaanga¿owanych w realizacjê Programu Operacyjnego Kapita³u Ludzkiego, Programu Operacyjnego Wiedza, Edukacja i Rozwój oraz Programu Operacyjnego Innowacja Gospodarka w Ministerstwie Administracji i Cyfryzacji ;MINISTERSTWO ADMINISTRACJI I CYFRYZACJI;8369723.00;7114264.55;Nie;administracja;Nie
Wsparcie Generalnej Dyrekcji Ochrony Œrodowiska oraz regionalnych dyrekcji ochrony œrodowiska w zakresie finansowania kosztów zatrudnienia pracowników w 2016 roku;GENERALNA DYREKCJA OCHRONY ŒRODOWISKA;30000000.00;6970850.00;Nie;administracja;Nie
Wsparcie funkcjonowania Ministerstwa Rozwoju realizuj¹cego Umowê Partnerstwa w 2016 roku.;MINISTERSTWO ROZWOJU, BIURO ADMINISTRACYJNE;8000000.00;6800000.00;Nie;brak;Nie
Wsparcie dla jednostek samorz¹du terytorialnego (JST) w latach 2015-2016;MINISTERSTWO INFRASTRUKTURY I ROZWOJU;7640000.00;6494000.00;Nie;brak;Nie
Wsparcie Instytucji Koordynuj¹cej NSRO i Instytucji do spraw koordynacji UP w zakresie Regionalnych Programów Operacyjnych w latach 2016 -2017.;MINISTERSTWO ROZWOJU, DEPARTAMENT REGIONALNYCH PROGRAMÓW OPERACYJNYCH;7527000.00;6397950.00;Nie;brak;Nie
Finansowanie wynagrodzeñ pracowników Centrum Projektów Europejskich w 2015 roku.;CENTRUM PROJEKTÓW EUROPEJSKICH;7331000.00;6231350.00;Nie;administracja;Nie
Wsparcie Departamentu Polityki Przestrzennej w realizacji Umowy Partnerstwa w latach 2015-2016.;MINISTERSTWO INFRASTRUKTURY I ROZWOJU;6990316.00;5941768.60;Nie;brak;Nie
Finansowanie kosztów zatrudnienia pracowników NCBR zaanga¿owanych w realizacjê programów operacyjnych w 2015 r.;NARODOWE CENTRUM BADAÑ I ROZWOJU;6000000.00;5100000.00;Nie;administracja;Nie
Wsparcie zatrudnienia pracowników OPI PIB w 2016 r. wykonuj¹cych zadania zwi¹zane z wdra¿aniem POIR oraz zamykaniem POIiŒ i POIG.;OŒRODEK PRZETWARZANIA INFORMACJI;6035098.47;4893450.00;Nie;administracja;Nie
Plan dzia³añ sektora zdrowie na lata 2014-2016;MINISTERSTWO ZDROWIA;5653000.00;4805050.00;Nie;administracja;Nie
Promocja Parków Narodowych jako marki;MINISTERSTWO ŒRODOWISKA;5600000.00;4760000.00;Nie;brak;Nie
Plan dzia³añ sektora œrodowisko na lata 2014-2016;MINISTERSTWO ŒRODOWISKA;5423412.00;4609900.20;Nie;administracja;Nie
Wsparcie systemu monitorowania polityki spójnoœci w perspektywie 2014-2020;G£ÓWNY URZ¥D STATYSTYCZNY;5350000.00;4541762.50;Nie;brak;Nie
Plan dzia³añ sektora energetyka na lata 2014-2016;MINISTERSTWO ENERGII;5070103.00;4309587.55;Nie;administracja;Nie
Finansowanie kosztów zatrudnienia pracowników Instytucji Poœrednicz¹cej Programu Operacyjnego Infrastruktura i Œrodowisko oraz Instytucji Poœrednicz¹cej Programu Operacyjnego Wiedza Edukacja Rozwój w 2015 roku.;MINISTERSTWO ZDROWIA;4980000.00;4233000.00;Nie;administracja;Nie
Wsparcie kadrowe MPiPS w 2015 r. we wdra¿aniu Programu Operacyjnego Wiedza Edukacja Rozwój;MINISTERSTWO RODZINY, PRACY I POLITYKI SPO£ECZNEJ;4594000.00;3904900.00;Nie;administracja;Nie
Plan dzia³añ IZ POIiŒ na lata 2014-2016;MINISTERSTWO ROZWOJU, DPI;4435000.00;3769750.00;Nie;administracja;Nie
Projekty pilota¿owe JST;MINISTERSTWO ROZWOJU, DEPARTAMENT REGIONALNYCH PROGRAMÓW OPERACYJNYCH;4399880.00;3739898.00;Nie;brak;Nie
Wsparcie funkcjonowania Ministerstwa Infrastruktury i Rozwoju realizujacego Umowê Partnerstwa w 2015 r.;MINISTERSTWO INFRASTRUKTURY I ROZWOJU;4000000.00;3400000.00;Nie;brak;Nie
Wsparcie Generalnej Dyrekcji Ochrony Œrodowiska oraz regionalnych dyrekcji ochrony œrodowiska w zakresie finansowania kosztów zatrudnienia pracowników w 2015 roku;GENERALNA DYREKCJA OCHRONY ŒRODOWISKA;15000000.00;3043000.00;Nie;administracja;Nie
Wsparcie funkcjonowania Instytucji Audytowej w latach 2015-2017;MINISTERSTWO FINANSÓW;3490000.00;2966500.00;Nie;brak;Nie
Plan dzia³añ sektora kultura na lata 2014-2016;MINISTERSTWO KULTURY I DZIEDZICTWA NARODOWEGO;3327000.00;2827950.00;Nie;administracja;Nie
Finansowanie wynagrodzeñ osobowych pracowników MŒ zaanga¿owanych we wdra¿anie polityki spójnoœci w 2015 r.;MINISTERSTWO ŒRODOWISKA;3267000.00;2776950.00;Nie;administracja;Nie
"""Finansowanie kosztów zatrudnienia pracowników Urzêdu Zamówieñ Publicznych wykonuj¹cych zadania zwi¹zane z realizacj¹ polityki spójnoœci w perspektywie finansowej 2014-2020 w 2016 roku”.";URZ¥D ZAMÓWIEÑ PUBLICZNYCH;3184000.00;2706400.00;Nie;administracja;Nie
"Wsparcie funkcjonowania sieci organów œrodowiskowych i instytucji zarz¹dzaj¹cych funduszami unijnymi ""Partnerstwo:Œrodowisko dla Rozwoju"" w latach 2015-2017";GENERALNA DYREKCJA OCHRONY ŒRODOWISKA;2767829.50;2352655.07;Nie;brak;Nie
Finansowanie kosztów zatrudnienia pracowników Urzêdu Zamówieñ Publicznych wykonuj¹cych zadania zwi¹zane z realizacj¹ polityki spójnoœci w perspektywie finansowej 2014-2020 w 2015 roku.;URZ¥D ZAMÓWIEÑ PUBLICZNYCH;2700000.00;2295000.00;Nie;administracja;Nie
Wsparcie zatrudnienia dla IP MEN na rok 2015 w ramach POPT 2014-2020;MINISTERSTWO EDUKACJI NARODOWEJ;2475000.00;2103750.00;Nie;administracja;Nie
Wsparcie informatyczne stanowisk pracy s³u¿b statystyki publicznej, realizuj¹cych zadania w zakresie monitorowania polityki spójnoœci w perspektywie finansowej 2014-2020;G£ÓWNY URZ¥D STATYSTYCZNY;2350000.00;1997500.00;Nie;brak;Nie
Wsparcie pracowników instytucji zaanga¿owanych w realizacjê Europejskich Funduszy Strukturalnych i Inwestycyjnych (EFSI).;MINISTERSTWO ROZWOJU, DEPARTAMENT PROGRAMÓW POMOCOWYCH;2020000.00;1717000.00;Nie;brak;Nie
Wsparcie stanowisk pracy pracowników w Urzêdzie Zamówieñ Publicznych zaanga¿owanych w realizacjê polityki spójnoœci w perspektywie finansowej 2014 - 2020 w latach 2015 -2017.;URZ¥D ZAMÓWIEÑ PUBLICZNYCH;2008000.00;1706800.00;Nie;brak;Nie
Unowoczeœnienie i rozbudowa infrastruktury kalibracyjnej i wzorcuj¹cej Krajowego Laboratorium Referencyjnego i Wzorcuj¹cego ds. badañ powietrza atmosferycznego;G£ÓWNY INSPEKTORAT OCHRONY ŒRODOWISKA;2000000.00;1700000.00;Nie;brak;Nie
Dzia³ania edukacyjne dla osób zaanga¿owanych w realizacjê polityki spójnoœci w latach 2014-2020;MINISTERSTWO INFRASTRUKTURY I ROZWOJU;1800000.00;1530000.00;Nie;brak;Nie
Podnoszenie kwalifikacji zawodowych pracowników Ministerstwa;MINISTERSTWO INFRASTRUKTURY I ROZWOJU;1750000.00;1487500.00;Nie;brak;Nie
Wsparcie stanowisk pracy pracowników s³u¿b statystyki publicznej zaanga¿owanych w monitorowanie polityki spójnoœci w latach 2014-2020.;G£ÓWNY URZ¥D STATYSTYCZNY;1550000.00;1317500.00;Nie;brak;Nie
Centralny Punkt Informacyjny oraz dzia³ania koordynacyjne dla PIFE w 2015 r.;CENTRUM PROJEKTÓW EUROPEJSKICH;1484045.00;1261438.25;Nie;brak;Nie
Realizacja przez Wojewodê Dolnoœl¹skiego, Lubuskiego, Warmiñsko-Mazurskiego, Pomorskiego oraz Zachodniopomorskiego zadañ Kontrolera Krajowego w ramach Programów INTERREG V-A 2014-2020: Polska-Saksonia, Po³udniowy Ba³tyk, Meklemburgia-Pomorze Przednie/Bran;MINISTERSTWO ROZWOJU, DWT;1478100.00;1256385.00;Nie;brak;Nie
Wsparcie funkcjonowania Instytucji odpowiedzialnej za otrzymywanie i przekazywanie p³atnoœci z KE w latach 2014-2020.;MINISTERSTWO FINANSÓW;1300000.00;1105000.00;Nie;brak;Nie
Realizacja przez Ministerstwo Zdrowia zadañ podkomitetu do spraw zdrowia na lata 2014-2020 pn. Komitet Steruj¹cy ds. koordynacji interwencji EFSI 2014-2020 w sektorze zdrowia.;MINISTERSTWO ZDROWIA;1234000.00;1048900.00;Nie;brak;Nie
Zakup sprzêtu komputerowego, urz¹dzeñ peryferyjnych oraz licencji oprogramowania dla Generalnej Dyrekcji Ochrony Œrodowiska i Regionalnych Dyrekcji Ochrony Œrodowiska.;GENERALNA DYREKCJA OCHRONY ŒRODOWISKA;3177500.00;953030.20;Nie;brak;Nie
Wsparcie zatrudnienia w G³ównym Urzêdzie Statystycznym w celu realizacji zadañ zwi¹zanych z monitorowaniem polityki spójnoœci w roku 2016;G£ÓWNY URZ¥D STATYSTYCZNY;1093000.00;929050.00;Nie;administracja;Nie
Wsparcie instytucji realizuj¹cej politykê spójnoœci poprzez wdra¿anie zapisów dyrektyw unijnych w 2016 roku.;KRAJOWY ZARZ¥D GOSPODARKI WODNEJ;1084292.00;921648.20;Nie;administracja;Nie
Wsparcie zatrudnienia w G³ównym Urzêdzie Statystycznym w celu realizacji zadañ zwi¹zanych z monitorowaniem polityki spójnoœci;G£ÓWNY URZ¥D STATYSTYCZNY;1000000.00;850000.00;Nie;administracja;Nie
Wsparcie pracowników CUPT w zakresie wdra¿ania POIiŒ oraz POPW w 2015 r.;CENTRUM UNIJNYCH PROJEKTÓW TRANSPORTOWYCH;917000.00;751507.10;Nie;administracja;Nie
Dofinansowanie do kosztów zatrudnienia pracowników UOKiK w 2015 roku.;URZ¥D OCHRONY KONKURENCJI I KONSUMENTÓW;790750.00;672137.50;Nie;administracja;Nie
Wsparcie kadrowe KPRM w 2016 roku w zakresie wdra¿ania Programu Operacyjnego Wiedza Edukacja Rozwój 2014-2020;KANCELARIA PREZESA RADY MINISTRÓW;693000.00;589050.00;Nie;administracja;Nie
Podnoszenie kwalifikacji zawodowych pracowników UOKiK w 2016 r.;URZ¥D OCHRONY KONKURENCJI I KONSUMENTÓW;500000.00;425000.00;Nie;brak;Nie
Realizacja przez Wojewodê Ma³opolskiego, Podkarpackiego i Œl¹skiego zadañ Kontrolera Krajowego w programie Interreg VA Polska-S³owacja i Interreg VA Polska-Czechy w roku 2015.;MINISTERSTWO ROZWOJU, DWT;446000.00;379100.00;Nie;administracja;Nie
Wsparcie Urzêdu Zamówieñ Publicznych w zwi¹zku z wykonywaniem zadania zwi¹zanego z realizacj¹ polityki spójnoœci w perspektywie finansowej 2014 - 2020 w latach 2015 -2017.;URZ¥D ZAMÓWIEÑ PUBLICZNYCH;420000.00;357000.00;Nie;brak;Nie
Wsparcie funkcjonowania IK UP w 2016 roku;MINISTERSTWO ROZWOJU, DEPARTAMENT KOORDYNACJI WDRA¯ANIA FUNDUSZY UNII EUROPEJSKIEJ;400000.00;340000.00;Nie;brak;Nie
Wsparcie us³ugami telefonii stacjonarnej i ruchomej stanowisk pracy zaanga¿owanych w realizacjê polityki spójnoœci.;MINISTERSTWO INFRASTRUKTURY I ROZWOJU;361000.00;306850.00;Nie;brak;Nie
Wsparcie instytucji realizuj¹cej politykê spójnoœci poprzez wdra¿anie zapisów dyrektyw unijnych w 2015 roku;KRAJOWY ZARZ¥D GOSPODARKI WODNEJ;341754.00;290490.90;Nie;administracja;Nie
Wsparcie zatrudnienia pracowników Instytucji Wdra¿aj¹cej Program Operacyjny Wiedza Edukacja Rozwój w 2015 r., Ministerstwo Sprawiedliwoœci.;MINISTERSTWO SPRAWIEDLIWOŒCI;327636.00;278490.60;Nie;administracja;Nie
Wsparcie Instytucji Zarz¹dzaj¹cej POPT w realizacji POPT w latach 2015-2016;MINISTERSTWO INFRASTRUKTURY I ROZWOJU;300000.00;255000.00;Nie;brak;Nie
Wsparcie zadañ Instytucji Zarzadzaj¹cej w zakresie ewaluacji Programów Interreg VA 2014-2020.;MINISTERSTWO INFRASTRUKTURY I ROZWOJU;300000.00;255000.00;Nie;brak;Nie
Wsparcie zatrudnienia pracowników Instytucji Wdra¿aj¹cej POIR, OPI PIB 2015;OŒRODEK PRZETWARZANIA INFORMACJI;265000.00;221000.00;Nie;administracja;Nie
Finansowanie wyposa¿enia stanowisk pracy oraz podnoszenia kwalifikacji pracowników Centrum Projektów Europejskich w 2015 roku.;CENTRUM PROJEKTÓW EUROPEJSKICH;218371.00;185615.35;Nie;brak;Nie
Wsparcie DSE w realizacjê Umowy Partnerstwa w perspektywie finansowej 2014 - 2020;MINISTERSTWO ROZWOJU, DEPARTAMENT SPRAW EUROPEJSKICH;210000.00;178500.00;Nie;brak;Nie
Finansowanie kosztów zatrudnienia w 2015 roku (od czerwca do grudnia) pracowników Ministerstwa Kultury i Dziedzictwa Narodowego realizuj¹cych zadania Instytucji Poœrednicz¹cej POIiŒ Priorytet VIII: Ochrona dziedzictwa kulturowego i rozwój zasobów kultury.;MINISTERSTWO KULTURY I DZIEDZICTWA NARODOWEGO;190193.00;161664.05;Nie;administracja;Nie
Wsparcie wdro¿enia Centralnych systemów teleinformatycznych obs³uguj¹cych programy wspó³finansowane ze œrodków funduszy strukturalnych w 2016.;MINISTERSTWO ROZWOJU, DEPARTAMENT KOORDYNACJI WDRA¯ANIA FUNDUSZY UNII EUROPEJSKIEJ;180000.00;153000.00;Nie;brak;Nie
Realizacja przez Ministerstwo Zdrowia zadañ podkomitetu do spraw zdrowia na lata 2014-2020 pn. Komitet Steruj¹cy ds. koordynacji interwencji EFSI 2014-2020 w sektorze zdrowia.;MINISTERSTWO ZDROWIA;160000.00;136000.00;Nie;brak;Nie
Podnoszenie kwalifikacji pracowników IK NSRO/IK UP w 2015 i 2016 roku.;MINISTERSTWO INFRASTRUKTURY I ROZWOJU;150000.00;127500.00;Nie;brak;Nie
Wsparcie kadrowe KPRM w 2015 roku w zakresie wdra¿ania Programu Operacyjnego Wiedza Edukacja Rozwój 2014 - 2020;KANCELARIA PREZESA RADY MINISTRÓW;144838.00;123112.30;Nie;administracja;Nie
Wsparcie realizacji zadañ UTK poprzez rozwój narzêdzi informatycznych i dzia³alnoœci eksperckiej w 2015 r.;URZ¥D TRANSPORTU KOLEJOWEGO;138197.22;117467.63;Nie;brak;Nie
Wsparcie koordynacji systemu informacji i promocji Funduszy Europejskich;MINISTERSTWO INFRASTRUKTURY I ROZWOJU;138000.00;117300.00;Nie;brak;Nie
Podnoszenie kwalifikacji zawodowych pracowników UOKiK w okresie paŸdziernik-grudzieñ 2015r.;URZ¥D OCHRONY KONKURENCJI I KONSUMENTÓW;130000.00;110500.00;Nie;brak;Nie
Wsparcie realizacji zadañ UTK poprzez rozwój potencja³u kadrowego i narzêdzi obs³ugi administracyjnej w 2015r.;URZ¥D TRANSPORTU KOLEJOWEGO;122881.86;104449.58;Nie;brak;Nie
Wsparcie zadañ Koordynatora EWT w programach Interreg Region Morza Ba³tyckiego i Interreg Europa;MINISTERSTWO INFRASTRUKTURY I ROZWOJU;120000.00;102000.00;Nie;brak;Nie
Podnoszenie kwalifikacji pracowników Departamentu Partnerstwa Publiczno - Prywatnego w latach 2016-2019.;MINISTERSTWO ROZWOJU, DEPARTAMENT WSPARCIA PROJEKTÓW PARTNERSTWA PUBLICZNO-PRYWATNEGO;115000.00;97750.00;Nie;brak;Nie
Podnoszenie kwalifikacji zawodowych pracowników IK UP oraz IK 16 RPO w 2016 roku.;MINISTERSTWO INFRASTRUKTURY I ROZWOJU;100000.00;85000.00;Nie;brak;Nie
Promocja Programu Operacyjnego Pomoc Techniczna 2014-2020 w 2016 r.;MINISTERSTWO INFRASTRUKTURY I ROZWOJU;100000.00;85000.00;Nie;brak;Nie
Realizacja przez Wojewodê Dolnoœl¹skiego, Lubuskiego, Warmiñsko-Mazurskiego, Pomorskiego oraz Zachodniopomorskiego zadañ Kontrolera Krajowego w ramach Programów INTERREG VA 2014-2020: Polska-Saksonia, Po³udniowy Ba³tyk, Meklemburgia-Pomorze Przednie/Brand;MINISTERSTWO ROZWOJU, DWT;75000.00;63750.00;Nie;brak;Nie
Wsparcie funkcjonowania DCD poprzez finansowanie kosztów organizacyjnych, technicznych i administracyjnych oraz wsparcia eksperckiego i prawnego, a tak¿e udzia³ w przeprowadzanych kontrolach niezbêdnych do zapewnienia sprawnej realizacji zadañ w ramach po;MINISTERSTWO ROZWOJU, DEPARTAMENT CERTYFIKACJI I DESYGNACJI;73000.00;62050.00;Nie;brak;Nie
Podnoszenie kwalifikacji pracowników DCD zaanga¿owanych w realizacjê polityki spójnoœci w latach 2014-2020 oraz zamykaj¹cych perspektywê finansow¹ 2007-2013 w 2016 roku.;MINISTERSTWO ROZWOJU, DEPARTAMENT CERTYFIKACJI I DESYGNACJI;67000.00;56950.00;Nie;brak;Nie
Aktualizacja i dostosowanie systemu ksiêgowego do wymogów zwi¹zanych z realizacj¹ perspektywy finansowej 2014-2020 w 2016 r.;MINISTERSTWO FINANSÓW;45000.00;38250.00;Nie;brak;Nie