Name des Begünstigten,Bezeichnung des Vorhabens,Zusammenfassung des Vorhabens,Bewilligungs-datum,"Förderfähige Ausgaben des Vorhabens1)
(in EUR)",Investitionsort,Interventions-bereich,Finanzierungs-form,"Art
des Gebiets",Thematisches Ziel,Wirtschafts- zweig
"Universitätsmedizin Rostock
Schillingallee 35
18055 Rostock",Beschaffung wissenschaftlicher Geräte,"Klinik und Poliklinik für Strahlentherapie
Linearbeschleuniger zur Evaluation der robotergestützten Hochpräzisionsstrahlentherapie inklusive Positionierungs- und Planungssystem",6/29/2015,"5,819,053",Rostock,58,1,1,1,20
"Universität Rostock
Universitätsplatz 1
18055 Rostock",Beschaffung wissenschaftlicher Geräte,"Mathematisch-Naturwissenschaftliche Fakultät. Institut für Biowissenschaften, Lehrstuhl Ökologie 
Monitoring-PAM-Messsystem
(Echtzeit-Simultan-Messung Photosynthese)",6/30/2015,"29,275",Rostock,58,1,1,1,20
"Universität Rostock
Universitätsplatz 1
18055 Rostock",Beschaffung wissenschaftlicher Geräte,"Lehrstuhl für Werkstofftechnik, Fakultät Maschinenbau und Schiffstechnik
Werkstoffanalytik: Metallographisches Aufnahme-, Auswerte- und Dokumentationssystem",6/30/2015,"30,742",Rostock,58,1,1,1,20
"Universität Rostock
Universitätsplatz 1
18055 Rostock",Beschaffung wissenschaftlicher Geräte,"Lehrstuhl für Werkstofftechnik, Fakultät Maschinenbau und Schiffstechnik
Werkstoffanalytik: Hochgeschwin-digkeitskamera",6/30/2015,"19,278",Rostock,58,1,1,1,20
"Ernst-Moritz-Arndt-Universität Greifswald
Domstr. 11
17489 Greifswald",Beschaffung wissenschaftlicher Geräte,"Institut für Pharmazie
Abt. Biopharmazie/Pharmazeutische Technologie
Dissolution-Online.System",6/30/2015,"54,515",Greifswald,58,1,1,1,20
"Ernst-Moritz-Arndt-Universität Greifswald
Domstr. 11
17489 Greifswald",Beschaffung wissenschaftlicher Geräte,"Institut für Geographie und Geologie
Rasterelektronenmikroskop mit EDX",6/30/2015,120,Greifswald,58,1,1,1,20
"Ernst-Moritz-Arndt-Universität Greifswald
Domstr. 11
17489 Greifswald",Beschaffung wissenschaftlicher Geräte,"Institut für Mikrobiologie, Mikrobielle Proteomik
Nano-HPLC System",7/1/2015,"84,437",Greifswald,58,1,1,1,20
"Ernst-Moritz-Arndt-Universität Greifswald
Domstr. 11
17489 Greifswald",Beschaffung wissenschaftlicher Geräte,"Institut für Biochemie
Kompakt-ESI-Massenspektrometer",7/1/2015,"97,718",Greifswald,58,1,1,1,20
"Universität Rostock
Universitätsplatz 1
18055 Rostock",Beschaffung wissenschaftlicher Geräte,"Physikalische Chemie, FoBau LLM
Spinning Drop Tensionmeter",6/30/2015,"47,035",Rostock,58,1,1,1,20
"Universität Rostock
Universitätsplatz 1
18055 Rostock",Beschaffung wissenschaftlicher Geräte,"Lehrstuhl für Strukturmechanik, Servohydraulische Prüfmaschine mit Zylinder in oberer Traverse",7/13/2015,"80,325",Rostock,58,1,1,1,20
"Universität Rostock
Universitätsplatz 1
18055 Rostock",Beschaffung wissenschaftlicher Geräte,"Institut für Physik, Technikpaket Drahterodieren bestehend aus Drahterodiermaschine und Startlochbohrmaschine",7/13/2015,"124,712",Rostock,58,1,1,1,20
"Universität Rostock
Universitätsplatz 1
18055 Rostock",Beschaffung wissenschaftlicher Geräte,"Institut für Chemie, Technische Chemie
Zweikanal Ionenchromatographiesystem mit Leitfähigkeitsdetektion zur parallelen Bestimmung von Anionen und Kationen",6/30/2015,"85,363",Rostock,58,1,1,1,20
"Universität Rostock
Universitätsplatz 1
18055 Rostock",Beschaffung wissenschaftlicher Geräte,Lehrstuhl für Kolbenmaschinen und Verbrennungsmotoren Konfokales 3D-Laserscanningmikroskop mit hoher Tiefenschärfe und Auflösung und der Möglichkeit die Aufnahmen in Echtfarben zu erstellen,6/30/2015,"99,998",Rostock,58,1,1,1,20
"Universität Rostock
Universitätsplatz 1
18055 Rostock",Beschaffung wissenschaftlicher Geräte,"Lehrstuhl für Technische Thermodynamik
Dichte- und Schallgeschwindig-keitsmessgerät",6/30/2015,"25,971",Rostock,58,1,1,1,20
"Universitätsmedizin Rostock
Schillingallee 35
18055 Rostock",Beschaffung wissenschaftlicher Geräte,Electrospinning-Anlage,8/6/2015,"151,725",Rostock,58,1,1,1,20
"Universitätsmedizin Rostock
Schillingallee 35
18055 Rostock",Beschaffung wissenschaftlicher Geräte,3D-Laserscannermikroskop,7/21/2015,"118,423",Rostock,58,1,1,1,20
"Universitätsmedizin Rostock
Schillingallee 35
18055 Rostock",Beschaffung wissenschaftlicher Geräte,"Zentrum für Medizinische Forschung (ZEMFO)
Forschungslabor Abt. Gastro-enterologie Odyssey CLx Infrared Imagin System",6/29/2015,"75,505",Rostock,58,1,1,1,20
"Universitätsmedizin Rostock
Schillingallee 35
18055 Rostock",Beschaffung wissenschaftlicher Geräte,"Imaging System zur Digitalisierung und quantitativen Auswertung von Fluoreszenzsignalen, Chemilumineszenz sowie nicht-fluoreszierenden Gelfärbungen inkl. Zubehör",7/21/2015,"34,988",Rostock,58,1,1,1,20
"Hochschule Wismar
Philipp-Müller-Str. 14
23966 Wismar",Beschaffung wissenschaftlicher Geräte,"Institut für Oberflächen- und Dünnschichttechnik
Forschergruppe Kunststofftechnik
Video-Dehnungsaufnehmer",7/1/2015,"71,091",Wismar,58,1,2,1,20
"Hochschule Wismar
Philipp-Müller-Str. 14
23966 Wismar",Beschaffung wissenschaftlicher Geräte,"Fakultät für Ingenieurwissen-schaften, Bereich Bauing.wesen
Beschickungssystem füe einen Labordrehrohrofen",7/2/2015,"11,936",Wismar,58,1,2,1,20
"Hochschule Wismar
Philipp-Müller-Str. 14
23966 Wismar",Beschaffung wissenschaftlicher Geräte,"Fakultät für Ingenieurwissen-schaften, Bauingenieurwesen
Hochleistungsdispergiergerät",7/2/2015,"8,107",Wismar,58,1,2,1,20
"Hochschule Wismar
Philipp-Müller-Str. 14
23966 Wismar",Beschaffung wissenschaftlicher Geräte,Anlagensystem zur separierenden Trägerdampf-Destillation,8/5/2015,"99,663",Wismar,58,1,2,1,20
"Universitätsmedizin Greifswald Fleischmannstraße 8
17475 Greifswald",Beschaffung wissenschaftlicher Geräte,"Institut für Pathologie
automatisiertes Patch Clamp System",6/29/2015,"89,667",Greifswald,58,1,1,1,20
"Universitätsmedizin Greifswald Fleischmannstraße 8
17475 Greifswald",Beschaffung wissenschaftlicher Geräte,"Institut für Klinische Chemie und Laboratoriumsmedizin
Automatisiertes Tiefkühllager-system als weitere Ausbaustufe der Core Unit Biobank der UMG",6/29/2015,"1,858,185",Greifswald,58,1,1,1,20
"Hochschule Neubrandenburg
Brodaer Str. 2
17033 Neubrandenburg",Beschaffung wissenschaftlicher Geräte,"Fachbereich Landschaftswissenschaften und Geomatik
Messsystem zur Analyse von Verformungen",7/1/2015,"34,867",Neubrandenburg,58,1,1,1,20
"Hochschule Neubrandenburg
Brodaer Str. 2
17033 Neubrandenburg",Beschaffung wissenschaftlicher Geräte,"Fachbereich Landschaftswissenschaften und Geomatik
Messsystem zur Bestimmung der CO2- und Wasserabgabe von Blättern",7/1/2015,"33,788",Neubrandenburg,58,1,1,1,20
"Universität Rostock
Universitätsplatz 1
18055 Rostock",Beschaffung wissenschaftlicher Geräte,"Institut für Gerätesysteme und Schaltungstechnik
Diditales Lichtmikroskop",6/30/2015,"77,302",Rostock,58,1,1,1,20
"Universität Rostock
Universitätsplatz 1
18055 Rostock",Beschaffung wissenschaftlicher Geräte,"Institut für Physik
Lasersystem zur Erzeugung von höchststabiler, einmodiger Laserstrahlung im Wellenlängenbereich kommerzieller Glasfaser-Telekommunikationsnetzwerke",6/30/2015,"54,432",Rostock,58,1,1,1,20
"Universität Rostock
Universitätsplatz 1
18055 Rostock",Beschaffung wissenschaftlicher Geräte,"Institut für Nachrichtentechnik
Akustisches Messsystem für geeichte Schallpegel-, Schallintensitäts- und Impulsantwortmessungen inkl. Software zur Auswertung/Protokollierung",6/30/2015,"64,487",Rostock,58,1,1,1,20
"Universität Rostock
Universitätsplatz 1
18055 Rostock",Beschaffung wissenschaftlicher Geräte,"Agrar- und Umweltwissenschaftliche Fakultät, Nahinfrarot-Reflexionsspektrometer",7/13/2015,"100,517",Rostock,58,1,1,1,20
"Hochschule Wismar
Philipp-Müller-Str. 14
23966 Wismar",Beschaffung wissenschaftlicher Geräte,Feuchtemessgerät,7/30/2015,"9,294",Wismar,58,1,2,1,20
"Hochschule Wismar
Philipp-Müller-Str. 14
23966 Wismar",Beschaffung wissenschaftlicher Geräte,"Institut für Oberflächen- und Dünnschichttechnik
Forschergruppe Kunststofftechnik
Trockenschränke",7/1/2015,"17,801",Wismar,58,1,2,1,20
Fachhochschule Stralsund,Beschaffung wissenschaftlicher Geräte,EMV-Testsoftware,10/5/2015,"22,949",Stralsund,58,1,1,1,20
Fachhochschule Stralsund,Beschaffung wissenschaftlicher Geräte,IGBT-Frequenzumrichtersatz mit entsprechender Messelektronik,8/5/2015,"9,032",Stralsund,58,1,1,1,20
Fachhochschule Stralsund,Beschaffung wissenschaftlicher Geräte,FPGA-Cluster für die Berechnung komplexer parallelisierbarer Probleme,8/4/2015,25,Stralsund,58,1,1,1,20
Fachhochschule Stralsund,Beschaffung wissenschaftlicher Geräte,Anschaffung von Aggregaten für den Ausbau einer Reinraumkabine ,10/1/2015,80,Stralsund,58,1,1,1,20
Fachhochschule Stralsund,Beschaffung wissenschaftlicher Geräte,Hadoop-Cluster ,10/1/2015,"31,662",Stralsund,58,1,1,1,20
Fachhochschule Stralsund,Beschaffung wissenschaftlicher Geräte,Universell einsetzbares Indizier-Set für Kolbenmaschinen,10/5/2015,25,Stralsund,58,1,1,1,20
Fachhochschule Stralsund,Beschaffung wissenschaftlicher Geräte,Stickstoffbehälter,11/9/2015,"13,712",Stralsund,58,1,1,1,20
Fachhochschule Stralsund,Beschaffung wissenschaftlicher Geräte,"Ultraschallsensor-Array zur
Geschwindigkeitsfeldmessung",11/5/2015,"17,115",Stralsund,58,1,1,1,20
Fachhochschule Stralsund,Beschaffung wissenschaftlicher Geräte,DMS-Kraftsensorik für den Windkanal,11/6/2015,"9,378",Stralsund,58,1,1,1,20
Universitätsmedizin Rostock,Beschaffung wissenschaftlicher Geräte,Fluoreszenz Spektrometer,11/6/2015,"22,253",Rostock,58,1,1,1,20
Ernst-Moritz-Arndt-Universität Greifswald,Beschaffung wissenschaftlicher Geräte,"Faseroptische und Durchflusszellenbasierte
Analytik",11/9/2015,"92,218",Greifswald,58,1,1,1,20
SIV - Service für Informationsverarbeitung AG,Förderung von Investitionen in FuEuI in Unternehmen,SIV Fahrplanmanagement - SIV.FaMa,10/6/2015,"212,526",Roggentin,57,1,3,1,13
"EUROIMMUN Medizinische Labordiagnostika AG, Niederlassung Dassow",Förderung von Investitionen in FuEuI in Unternehmen,Entwicklung einer Kapillare als Verpackungseinheit immundiagnostischer Reagenzien für den Einsatz in Random-Access-Laborautomaten,10/14/2015,"3,062,680",Dassow,57,1,3,1,7
GATRON GmbH,Förderung von Investitionen in FuEuI in Unternehmen,Verfahren zur Diagnostik offener Transformatoren (DOT-Verfahren),9/23/2015,"248,448",Greifswald,56,1,1,1,7
biovativ GmbH,Förderung von Investitionen in FuEuI in Unternehmen,"Entwicklung einer Geräteträger-Plattform für innovative, besonders leichte und transportable sowie fern-/GPS-gesteuerte Parzellentechnik für die Anlage, Pflege und Ernte von Versuchen mit landwirtschaftlichen Kulturen im Freiland",10/1/2015,"392,326",Sanitz,56,1,2,1,7
Ingenieurtechnik und Maschinenbau GmbH,Förderung von Investitionen in FuEuI in Unternehmen,"Entwicklung, Konzeption und Erprobung von Positioniereinrichtungen in Kombination mit einem Betriebsdatenerfassungssystem für  die Fertigung stahlbaulicher Großstrukturen",9/23/2015,"966,452",Rostock,56,1,1,1,7
Bäckerei & Konditorei Hatscher GmbH & Co. KG,Förderung von Investitionen in FuEuI in Unternehmen,smooth & soft - neue Roggenprodukte mit neuen Eigenschaften,12/15/2015,"262,627",Stavenhagen,56,1,2,1,3
Medizintechnik Jürgen K. Kranz GmbH,Förderung von Investitionen in FuEuI in Unternehmen,Entwicklung eines Vorlesegerätes mit Gestensteuerung,12/8/2015,"211,643",Gägelow,56,1,3,1,7
MARIDIS Maritime Diagnose & Service  GmbH,Förderung von Investitionen in FuEuI in Unternehmen,Entwicklung eines Messsystems zur Bestimmung der Schubkraft von Schiffspropellern großer Handelsschiffe,12/3/2015,"277,518",Rostock,56,1,1,1,7
Tischlerei Eigenstetter GmbH,Förderung von Investitionen in FuEuI in Unternehmen,Maßgefertigte freigeformte Interieur-Element-Unikate aus farbigen Mineralwerkstoffen,8/10/2015,"99,832",Rehna,56,1,3,1,7
FutureTV Production GmbH,Förderung von Investitionen in FuEuI in Unternehmen,Automatische Videoinhaltsanalyse für neue Mediendienste,8/14/2015,"182,548",Rostock,56,1,1,1,13
tfc tools for composite GmbH,Förderung von Investitionen in FuEuI in Unternehmen,CompDeck - Realisierbarkeit von integralen Leichtbaudeckssektionen aus Compositewerkstoffen für Binnenfahrgastschiffe,8/14/2015,"158,87",Güstrow,56,1,2,1,7
ME-LE Energietechnik GmbH,Förderung von Investitionen in FuEuI in Unternehmen,Behandlungs- und Verwertungsmodule für Siedlungsabfall und landwirtschaftliche Reststoffe,10/29/2015,"203,802",Torgelow,56,1,2,1,14
Photonion GmbH,Förderung von Investitionen in FuEuI in Unternehmen,Technische Durchführbarkeitsstudie zur Evaluierung hochauflösender MS mit SPI Ionisierung,9/25/2015,"109,303",Schwerin,56,1,1,1,7
Planungsbüro Rossow Gesellschaft für Versorgungstechnik mbH,Förderung von Investitionen in FuEuI in Unternehmen,Entwicklung eines neuartigen Verfahrens zur Biogasspeicherung als Energie- und Wertstoffspeicher,10/9/2015,"195,192",Neubrandenburg,56,1,1,1,24
HAFF-Dichtungen GmbH,Förderung von Investitionen in FuEuI in Unternehmen,Teilautomatisierte Fertigung von Flachdichtungen mit Innenbördel in kleinen Losgrößen,9/28/2015,"166,582",Ueckermünde,56,1,2,1,7
Mineralit GmbH,Förderung von Investitionen in FuEuI in Unternehmen,Kolkschutzplatten aus Mineralguss für die Meerestechnik und den Wasserbau,8/14/2015,"119,503",Laage,56,1,2,1,7
Ausbaugenossenschaft Anklam e.G.,Förderung von Investitionen in FuEuI in Unternehmen,Entwicklung eines neuartigen Verfahrens zur gezielten Reduktion des Dextrangehaltes in Zuckersäften,9/2/2015,"170,735",Anklam,56,1,2,1,8
Koepke & Kasiske Möbel- und Ladenbau GmbH,Förderung von Investitionen in FuEuI in Unternehmen,Leitwarte 4.0,8/20/2015,"133,107",Garz,56,1,3,1,8
Sigro Parchim GmbH Korrosions- und Bautenschutz,Förderung von Investitionen in FuEuI in Unternehmen,Entwicklung eines Verfahrens für eine abschaltbare elektromagnetische Abschirmung von Türen,11/9/2015,"171,348",Parchim,56,1,2,1,8
HIT Hydraulik und Industrie-Technik GmbH,Förderung von Investitionen in FuEuI in Unternehmen,Entwicklung eines Anlagenkonzeptes zum automatisierten Kantenrunden von Flachbauteilen,11/5/2015,"198,551",Rostock,56,1,1,1,7
KIS Kran- und Industrieservice GmbH,Förderung von Investitionen in FuEuI in Unternehmen,"Flexibler und intelligenter Balancer ""FLINT""",11/26/2015,"199,961",Wismar,56,1,2,1,7
Ferrum Technik GmbH,Förderung von Investitionen in FuEuI in Unternehmen,Durchführbarkeitsstudie zur Entwicklung eines Fluidtilgers,11/3/2015,"65,327",Wendorf,56,1,3,1,7
Eisengießerei Torgelow GmbH,Förderung von Investitionen in FuEuI in Unternehmen,Ermittlung des Dauerfestigkeitsverhaltens von Gusseisen mit Kugelgraphit (Sphäroguss) im künstlichen Meerwasser,12/7/2015,"98,05",Torgelow,57,1,2,1,7
Ingenieurtechnik und Maschinenbau GmbH,Förderung von Investitionen in FuEuI in Unternehmen,Robotik für neue Anwendungsfelder im Umfeld von Industrie 4.0,12/14/2015,"198,283",Rostock,56,1,1,1,7
Ostseestaal GmbH,Förderung von Investitionen in FuEuI in Unternehmen,Machbarkeitsstudie für die Entwicklung eines Handlingsystems zur kaltplastischen Umformung,12/11/2015,"251,42",Stralsund,56,1,1,1,7
ELLCIE Industries GmbH,Förderung von Investitionen in FuEuI in Unternehmen,Low Energy Electron Beam Polisher,12/11/2015,"130,912",Grevesmühlen,56,1,2,1,7
"Webasto Thermo & Comfort SE, Werk Neubrandenburg",Förderung von Investitionen in FuEuI in Unternehmen,Skalierbare Hochvoltheizer für die Automobilindustrie,12/15/2015,"248,698",Neubrandenburg,57,1,1,1,7
AIRSENSE Analytics GmbH,Förderung von Investitionen in FuEuI in Unternehmen,Ionenmobilitätsspektrometer und Verfahren zur Restfeuchtekompensation,10/1/2015,"54,145",Schwerin,56,1,1,1,7
IT Dr. Gambert GmbH,Förderung von Investitionen in FuEuI in Unternehmen,PCT-Anmeldung des Patentes DE 10 2013 011 773.9 - Galvanischer Sauerstoffsensor für die Messung in Gasgemischen,10/1/2015,"63,844",Wismar,56,1,2,1,7
INNO HEAT GmbH,Förderung von Investitionen in FuEuI in Unternehmen,PCT - Neue induktionsgestützte Oberflächentechnik (u. a. Email),11/5/2015,"50,305",Schwerin,56,1,1,1,7
PLANET intelligent Systems GmbH,Förderung von Investitionen in FuEuI in Unternehmen,"Parsen, Suchen und Lesen von Texten in (gescannten) Images",10/28/2015,"106,263",Raben Steinfeld,56,1,3,1,13
Limbus Medical Technologies GmbH,Förderung von Investitionen in FuEuI in Unternehmen,Verteiltes Referenzdaten-Managementsystem,10/6/2015,"79,346",Rostock,56,1,1,1,13
Lang Metallwarenproduktion Neubrandenburg GmbH,Förderung von Investitionen in FuEuI in Unternehmen,Flexible automatisierte Bestückung von Stanz- und Tiefziehmaschinen,9/30/2015,"398,407",Woldegk,56,1,3,1,7
HAB Hallen- und Anlagenbau GmbH,Förderung von Investitionen in FuEuI in Unternehmen,Systemlösung - Digitalisierung Produktions- und Arbeitsprozesse im Hallen- und Anlagenbau - Industrie 4.0,11/13/2015,"255,827",Wusterhusen,56,1,3,1,8
Senspec GmbH,Förderung von Investitionen in FuEuI in Unternehmen,Monitoring des Parameters Totalhämoglobin (ctHb) mittels 2D-Spektroskopie,12/16/2015,"769,435",Rostock,56,1,1,1,7
GENIUS Venture Capital GmbH,Förderung von Investitionen in FuEuI in Unternehmen,Errichtung und Management eines Venture Capital Fonds Mecklenburg-Vorpommern sowie aktive Managementunterstützung auf Ebene der Beteiligungsunternehmen,12/20/2015,"10,000,000",Schwerin,56,3,1,1,16
Mittelständische Beteiligungs-gesellschaft M-V,Förderung von Investitionen in FuEuI in Unternehmen,"MVInnoSTART, Errichtung eines Beteiligungsfonds zur Finanzierung von FuEuI-Vorhaben (Risikokapital)",12/19/2014,"9,411,000",Schwerin,56,3,1,1,16
Human Med AG,Verbesserung der Zusammenarbeit von Unternehmen und öffentl. Forschungs-einrichtungen,Entwicklung eines Systems zur automatisierten Zellfraktionierung für regenerative Therapien,9/9/2015,"1,548,981",Schwerin,62,1,1,1,7
"Universität Rostock, Fakultät für Maschi-nenbau und Schiffstechnik, Lehrstuhl Fluidtechnik/ Mikrofluidtechnik",Verbesserung der Zusammenarbeit von Unternehmen und öffentl. Forschungs-einrichtungen,Entwicklung einer Methode zur kollagenasenfreien Separation von Stammzellen aus menschlichem Fettgewebe,9/21/2015,"477,192",Rostock,62,1,1,1,20
"Universitätsmedizin Rostock, Arbeitsbereich Zellbiologie",Verbesserung der Zusammenarbeit von Unternehmen und öffentl. Forschungs-einrichtungen,"Zellbiologische Untersuchungen zur Entwicklung eines Systems zur kollagenasefreien, automatisierten Zellfraktionierung aus humanem Fettgewebe",9/21/2015,"329,616",Rostock,62,1,1,1,20
EIKBOOM GmbH,Verbesserung der Zusammenarbeit von Unternehmen und öffentl. Forschungs-einrichtungen,Entwicklung eines modularen Maschinenhauses für große Windkraftanlagen,10/14/2015,"110,272",Rostock,62,1,1,1,7
"Universtität Rostock, Fakultät für Maschinenbau und Schiffstechnik Lehrstuhl für Windenergietechnik",Verbesserung der Zusammenarbeit von Unternehmen und öffentl. Forschungs-einrichtungen,MoMaWEA - Modulare Maschinenhäuser für Baustellenmontage für große WEA,10/14/2015,"81,743",Rostock,62,1,1,1,20
CORTRONIK GmbH,Verbesserung der Zusammenarbeit von Unternehmen und öffentl. Forschungs-einrichtungen,TheraVista: Neue Therapieplattformen für die Vaskuläre Intervention,10/15/2015,"3,029,669",Rostock,62,1,1,1,7
Institut für Implantattechnologie und Biomaterialien e.V. (IIB e.V.),Verbesserung der Zusammenarbeit von Unternehmen und öffentl. Forschungs-einrichtungen,"Charakterisierung, Entwicklung und Etablierung von neuartigen Prüf- und Analyseverfahren für Herzklappenprothesen",10/15/2015,"2,195,886",Rostock,62,1,1,1,24
"Universitätsmedizin Rostock, Institut für Biomedizinische Technik",Verbesserung der Zusammenarbeit von Unternehmen und öffentl. Forschungs-einrichtungen,Grundlegende Untersuchungen für die Entwicklung neuartiger Technologien für Herzklappenprothesen,10/15/2015,"384,946",Rostock,62,1,1,1,20
BluePoint Medical GmbH & Co. KG,Verbesserung der Zusammenarbeit von Unternehmen und öffentl. Forschungs-einrichtungen,Zerebro I - Zerebrales Monitoring zur Bestimmung der regionalen Sauerstoffsättigung,9/9/2015,"1,094,423",Selmsdorf,62,1,3,1,7
"Universität Rostock, Fakultät für Informatik und Elektrotechnik, Institut für Allgemeine Elektrotechnik",Verbesserung der Zusammenarbeit von Unternehmen und öffentl. Forschungs-einrichtungen,Zerebro II - Zerebrales Monitoring zur Bestimmung der regionalen Sauerstoffsättigung,9/9/2015,"761,103",Rostock,62,1,1,1,20
automation & software Günther Tausch GmbH,Verbesserung der Zusammenarbeit von Unternehmen und öffentl. Forschungs-einrichtungen,Entwicklung eines automatisierten Systems zur Unterstützung der Gesundheitskontrolle bei Rindern,9/28/2015,"760,823",Neubrandenburg,62,1,1,1,13
"Universität Rostock, Fakultät für Informatik und Elektrotechnik, Institut für Allgemeine Elektrotechnik",Verbesserung der Zusammenarbeit von Unternehmen und öffentl. Forschungs-einrichtungen,AUTOGERI-IAE - Automatisiertes System zur Unterstützung der Gesundheitskontrolle bei Rindern,9/30/2015,"318,065",Rostock,62,1,1,1,20
Leibniz-Institut für Nutztierbiologie,Verbesserung der Zusammenarbeit von Unternehmen und öffentl. Forschungs-einrichtungen,AUTOGERI-FBN - Automatisiertes System zur Unterstützung der Gesundheitskontrolle bei Rindern,9/28/2015,"244,998",Dummerstorf,62,1,2,1,24
Diabetes Service Center GmbH (DCC),Verbesserung der Zusammenarbeit von Unternehmen und öffentl. Forschungs-einrichtungen,"Erforschung und Entwicklung           ""Diabetes Home Care Monitor""",10/14/2015,"302,733",Karlsburg,62,1,3,1,20
"Institut für Diabetes ""G. Katsch"" Karlsburg e.V.",Verbesserung der Zusammenarbeit von Unternehmen und öffentl. Forschungs-einrichtungen,E-Health Diabetes Home Care Monitor,10/14/2015,"225,002",Karlsburg,62,1,3,1,24
BIOSERV Analytik- und Medizinprodukte GmbH,Verbesserung der Zusammenarbeit von Unternehmen und öffentl. Forschungs-einrichtungen,Produkentwicklung zum MD-2 Biomarker bei Herzinsuffizienz,12/10/2015,"832,42",Rostock,62,1,1,1,7
"Universitätsmedizin Greifswald, Klinik und Poliklinik für Innere Medizin B, Kardiologie",Verbesserung der Zusammenarbeit von Unternehmen und öffentl. Forschungs-einrichtungen,Klinisch validiertes und patentiertes Messverfahren zur Quantifizierung von MD-2,12/10/2015,"598,104",Greifswald,62,1,1,1,20
Sensatronic GmbH,Verbesserung der Zusammenarbeit von Unternehmen und öffentl. Forschungs-einrichtungen,Entwicklung eines Systems für das metabolische Monitoring von Patienten in der Post-Reanimationsphase,11/30/2015,"831,083",Wismar,62,1,2,1,7
"Universität Rostock, Fakultät für Informatik und Elektrotechnik, Institut für Allgemeine Elektrotechnik",Verbesserung der Zusammenarbeit von Unternehmen und öffentl. Forschungs-einrichtungen,MeMoMed II - Metabolisches Monitoring in der Notfallmedizin,11/30/2015,"458,998",Rostock,62,1,1,1,20
"Universitätsmedizin Rostock, Klinik & Poliklinik für Anästhesiologie und Intensivtherapie",Verbesserung der Zusammenarbeit von Unternehmen und öffentl. Forschungs-einrichtungen,MeMoMed III - Metabolisches Monitoring in der Notfallmedizin,11/30/2015,"165,449",Rostock,62,1,1,1,20
"IFQ GmbH Wismar Gesellschaft für Informationsverarbeitung, Fertigungssteuerung und Qualitätssicherung",Verbesserung der Zusammenarbeit von Unternehmen und öffentl. Forschungs-einrichtungen,Nachrichtenbasierte Kommunikation (NbK),12/17/2015,"170,414",Wismar,62,1,2,1,13
"Fraunhofer-Institut für Graphische Datenverarbeitung IGD, Standort Rostock",Verbesserung der Zusammenarbeit von Unternehmen und öffentl. Forschungs-einrichtungen,TwittsApp4Prod - In-situ Präsentation (IsP),12/17/2015,"127,325",Rostock,62,1,1,1,24
Dethloff & Lange GmbH,Verbesserung der Zusammenarbeit von Unternehmen und öffentl. Forschungs-einrichtungen,Entwicklung eines effizienten Rotors als Antrieb für eine Wasserkraft-Energiewandlungsanlage,12/15/2015,"217,116",Neubukow,62,1,3,1,7
"Universität Rostock, Fakultät für Maschinenbau und Schiffstechnik, Lehrstuhl Meerestechnik",Verbesserung der Zusammenarbeit von Unternehmen und öffentl. Forschungs-einrichtungen,Hydromechanische und -dynamische Grundlagen von Ringflügelstrukturen,12/15/2015,"144,36",Rostock,62,1,1,1,20
Ingenieurgesellschaft für maritime Sicherheitstechnik und Management mbH Warnemünde - MARSIG,Verbesserung der Zusammenarbeit von Unternehmen und öffentl. Forschungs-einrichtungen,Entwicklung von Daten-Management und Visualisierung des Lösungsansatzes,11/18/2015,"350,02",Rostock,62,1,1,1,13
Deutsches Zentrum für Luft- und Raumfahrt e.V. Zweigstelle Neustrelitz,Verbesserung der Zusammenarbeit von Unternehmen und öffentl. Forschungs-einrichtungen,Zuverlässige Erfassung und Bewertung der Verkehrssituation,11/18/2015,"127,223",Neustrelitz,62,1,2,1,24
Schiffahrtsinstitut Warnemünde - eingetragener Verein - (e.V.),Verbesserung der Zusammenarbeit von Unternehmen und öffentl. Forschungs-einrichtungen,Beschreibung der Methoden und Verfahren des Lösungsansatzes,11/18/2015,"131,398",Rostock,62,1,1,1,24
Hydyne GmbH,Verbesserung der Zusammenarbeit von Unternehmen und öffentl. Forschungs-einrichtungen,Hochdruck-Elektrolyseur Systementwicklung,11/10/2015,"595,957",Schwerin,62,1,1,1,7
H.I.A.T. gGmbH,Verbesserung der Zusammenarbeit von Unternehmen und öffentl. Forschungs-einrichtungen,Hochdruck-Elektrolyseur Stack,11/10/2015,"433,932",Schwerin,62,1,1,1,24
"aiDESIGNER, Inh. Thomas Rump",Verbesserung der Zusammenarbeit von Unternehmen und öffentl. Forschungs-einrichtungen,Entwicklung des Kernels für eine Software zur Simulation des Rotations-Sinterprozesses,12/22/2015,"296,634",Wismar,62,1,2,1,13
"Hochschule Wismar, Fakultät Ingenieurwissenschaften - Institut für Oberflächen- und Dünnschichttechnik (IFOD)",Verbesserung der Zusammenarbeit von Unternehmen und öffentl. Forschungs-einrichtungen,Erarbeitung von Modellen für das Trockenfließ- und Sinterverhalten von Polymerpulver in Abhängigkeit von lokalen thermischen Eigenschaften eines formgebenden Rotationswerkzeuges (MoTroSin),12/22/2015,"187,946",Wismar,62,1,2,1,20
DOT GmbH,Verbesserung der Zusammenarbeit von Unternehmen und öffentl. Forschungs-einrichtungen,Entwicklung von Beschichtungsverfahren zur Herstellung von geeigneten Trägerschichten für antimikrobielle Implantatoberflächen,12/14/2015,"735,425",Rostock,62,1,1,1,7
"Universitätsmedizin Greifswald, Institut für Hygiene und Umweltmedizin",Verbesserung der Zusammenarbeit von Unternehmen und öffentl. Forschungs-einrichtungen,Herstellung und Prüfung antimikrobiell beschichteter Implantat-Oberflächen mit hoher Zytokompatibilität,12/14/2015,"489,702",Greifswald,62,1,1,1,20
Diaspective Vision GmbH,Verbesserung der Zusammenarbeit von Unternehmen und öffentl. Forschungs-einrichtungen,HyperWound-CAM Systementwicklung,12/21/2015,"669,83",Am Salzhaff,62,1,3,1,13
"Universität Rostock, Fakultät für Informatik und Elektrotechnik, Institut für Informatik",Verbesserung der Zusammenarbeit von Unternehmen und öffentl. Forschungs-einrichtungen,Userinterfaces and Expertknowledge for Medical Research,12/21/2015,"299,971",Rostock,62,1,1,1,20
"Hochschule Wismar, Fakultät für Ingenieurwissenschaften, Angewandte Physik/ Antriebssysteme",Verbesserung der Zusammenarbeit von Unternehmen und öffentl. Forschungs-einrichtungen,HyperWound-CAM Auswertemethoden,12/21/2015,"151,433",Wismar,62,1,2,1,20
Betonwerk Ribnitz GmbH,Verbesserung der Zusammenarbeit von Unternehmen und öffentl. Forschungs-einrichtungen,Konstruktion und Dimensionierung eines modular aufgebauten Beton-Mehrzonenwärmespeichers,11/12/2015,"520,422",Pantelitz,62,1,3,1,7
Hochschule Wismar Fakultät für Ingenieur-wissenschaften Bereich Maschinen- bau/Verfahrens- und Umwelttechnik,Verbesserung der Zusammenarbeit von Unternehmen und öffentl. Forschungs-einrichtungen,Entwicklung eines Simulations- und Versuchsmodells für einen Beton-Mehrzonenwärmespeicher,11/12/2015,"265,833",Wismar,62,1,2,1,20
BaltiCo GmbH,Verbesserung der Zusammenarbeit von Unternehmen und öffentl. Forschungs-einrichtungen,Aktiver Schleppkörper mit adaptiven Steuerflossen (ASAS),11/20/2015,"488,961",Satow,62,1,2,1,7
"Universität Rostock, Fakultät für Maschinenbau und Schiffstechnik, Lehrstuhl Meerestechnik",Verbesserung der Zusammenarbeit von Unternehmen und öffentl. Forschungs-einrichtungen,Strömungs- und schallemissionsoptimierte Körpergestaltung,11/20/2015,"278,057",Rostock,62,1,1,1,20
Torney Landfleischerei Pripsleben GmbH,Verbesserung der Zusammenarbeit von Unternehmen und öffentl. Forschungs-einrichtungen,Erforschung der Verarbeitung von Hopfeninhaltsstoffen in Lebensmitteln (HopProd),12/21/2015,"400,806",Altentreptow,62,1,2,1,3
Zentrum für Lebensmitteltechnologie Mecklenburg-Vorpommern gGmbH (ZLT),Verbesserung der Zusammenarbeit von Unternehmen und öffentl. Forschungs-einrichtungen,Gewinnung und Charakterisierung von bioaktiven Hopfen-Extrakt-Fraktionen (HopFract),12/21/2015,"221,587",Neubrandenburg,62,1,1,1,24
"Hochschule Neubrandenburg - University of Applied Sciences, Fach-bereich Agrarwirt-schaft und Lebens-mittelwissenschaften",Verbesserung der Zusammenarbeit von Unternehmen und öffentl. Forschungs-einrichtungen,Erforschung der Eigenschaften von Lebensmitteln mit Hopfeninhaltsstoffen (HopSen),12/21/2015,"110,353",Neubrandenburg,62,1,1,1,20
Hochschule Neubrandenburg,Verbesserung der Zusammenarbeit von Unternehmen und öffentl. Forschungs-einrichtungen,Technologie- und Innovationsberater der Wirtschaftskammern und Hochschulen in M-V (TIB),9/9/2015,"258,138",Neubrandenburg,62,1,1,1,24
Universität Rostock Dezernat für Akademische Angelegenheiten,Verbesserung der Zusammenarbeit von Unternehmen und öffentl. Forschungs-einrichtungen,Innovationsberatungsdienst Maschinenbau (Universität Rostock / IHK zu Rostock),11/30/2015,"245,237",Rostock,62,1,1,1,20
"Hochschule Wismar, University of Applied Science, Technology, Business and Design",Verbesserung der Zusammenarbeit von Unternehmen und öffentl. Forschungs-einrichtungen,"Technologie- und Innovationsberatung ""Energie"" (TIBE)",10/15/2015,"245,237",Wismar,62,1,2,1,20
Fachhochschule Stralsund,Verbesserung der Zusammenarbeit von Unternehmen und öffentl. Forschungs-einrichtungen,Innovationsberatungsdienst Energie und Klima/Information und Kommunikation (Fachhochschule Stralsund / Handwerkskammer OMV),9/29/2015,"254,636",Stralsund,62,1,1,1,20
Universitätsmedizin Greifswald,Verbesserung der Zusammenarbeit von Unternehmen und öffentl. Forschungs-einrichtungen,Etablierung eines Technologie- und Innovationsberaters,12/9/2015,"270,468",Greifswald,62,1,1,1,20
"Ministerium für Wirtschaft, Bau und Tourismus",Verbesserung der Zusammenarbeit von Unternehmen und öffentl. Forschungs-einrichtungen,Betreiben eines Patentinformationszentrums Mecklenburg-Vorpommern (PIZ),5/13/2015,"900,137",Schwerin,62,1,1,1,18
Hotel Fischerwiege GmbH & Co. KG,Förderung von Investitionen in KMU,"Erweiterung des Hotels ""Fischerwiege""",9/7/2015,"5,427,035",Ahrenshoop,75,1,3,3,15
Brüning-Euromulch GmbH ,Förderung von Investitionen in KMU,Erweiterung einer Betriebsstätte zur Produktion und Vermarktung von Kaminholz,5/12/2015,"672,92",Röbel/Müritz,1,1,2,3,7
TamTec GmbH & Co. KG ,Förderung von Investitionen in KMU,Erweiterung einer Betriebsstätte zur Herstellung von Maschinenteilen und Schweißkonstruktionen,6/12/2015,"325,651",Boizenburg,1,1,2,3,7
Cup Candle GmbH ,Förderung von Investitionen in KMU,Errichtung einer Betriebsstätte zur Herstellung von Kerzen,7/1/2015,"2,494,941",Greven,1,1,3,3,7
"TAB Technologie- und Anlagen- Bau, Engineering- und",Förderung von Investitionen in KMU,"Errichtung einer Betriebsstätte zur Herstellung von Behältern und Apparaten
(hier: Verlagerung von 18069 Rostock, Werkstr. 3  nach 18182 Bentwisch, Am Soll)",7/27/2015,820,Bentwisch,1,1,3,3,7
Merxx Handels GmbH ,Förderung von Investitionen in KMU,Erweiterung einer Betriebsstätte zur Erbringung von logistischen Dienstleistungen ,5/23/2015,"1,482,500",Selmsdorf,1,1,3,3,12
Metallbau Wittenberg GmbH & Co. KG ,Förderung von Investitionen in KMU,Erweiterung einer Betriebsstätte der Blech- und Metallverarbeitung,6/3/2015,"536,353",Torgelow,1,1,2,3,7
"Moltzower Service- und Handels GmbH für Stahlbau,",Förderung von Investitionen in KMU,Erweiterung einer Betriebsstätte zur Herstellung von Stahlkonstruktionen,6/1/2015,634,Moltzow,1,1,3,3,7
CLEARUM GmbH ,Förderung von Investitionen in KMU,Errichtung einer Betriebsstätte zur Herstellung von Hohlfasermembranen für Dialysefilter,6/16/2015,"14,846,000",Poppendorf,1,1,3,3,7
"Thomas Dehn, Torsten Rhinow und Paul Dehn",Förderung von Investitionen in KMU,Errichtung einer Betriebsstätte des Fremdenverkehrs (Aussichtplattform mit Rutschen),5/15/2015,"625,138",Bergen auf Rügen,75,1,2,3,23
City Stone Design GmbH ,Förderung von Investitionen in KMU,Errichtung einer Betriebsstätte zur Herstellung von Betonerzeugnissen,9/29/2015,"1,180,000",Demmin,1,1,2,3,7
BGT Boizenburger Gummitechnik GmbH & Co. KG,Förderung von Investitionen in KMU,Erweiterung einer Betriebsstätte zur Herstellung von Gummiprofilen ,11/17/2015,"1,178,500",Boizenburg,1,1,2,3,7
RoweMed AG - Medical 4 Life ,Förderung von Investitionen in KMU,Erweiterung einer Betriebsstätte zur Herstellung und zum Vertrieb von Spezial-Medical Produkten für die Medizintechnik  ,10/8/2015,"1,160,000",Parchim,1,1,2,3,7
"Touristik GmbH ""Liebeslaube"" Gramkow",Förderung von Investitionen in KMU,Erweiterung einer Betriebsstätte (Campingplatz),12/2/2015,"1,457,033",Hohenkirchen,75,1,3,3,15
Bürgschaftsbank M-V,Förderung von Investitionen in KMU,KMU-Darlehensfonds,5/13/2014,"10,000,000",Schwerin,66,4,1,3,16
Förderverein Stiftung Kulturerbe,Wirtschaftsnahe Infrastruktur,Erschließung Wasserschloss Quilow,7/7/2015,"3,540,861",Groß Polzin,92,1,3,3,18
Zoologischer Garten Schwerin,Wirtschaftsnahe Infrastruktur,Modernisierung und Erweiterung der bestehenden Nashornanlage,7/8/2015,"645,345",Schwerin,93,1,1,3,23
Landeshauptstadt Schwerin,Wirtschaftsnahe Infrastruktur,"Innere Erschließung Industrie- und Gewerbepark Schwerin, 6. Bauabschnitt",9/22/2015,"4,800,000",Schwerin,72,1,1,3,18
Gemeinde Süderholz,Wirtschaftsnahe Infrastruktur,Grundhafte Erneuerung Schloss Griebenow,8/25/2015,"1,860,321",Süderholz,92,1,3,3,18
Invest in MV GmbH,Wirtschaftsnahe Infrastruktur,Ausweitung des Standortmarketings im Sinne der Investorenakquisition,3/18/2015,"2,945,000",Schwerin,66,1,1,3,18
"Ministerium für Wirtschaft, Bau und Tourismus",Förderung der Gesundheitswirtschaft,Vertrag zwischen dem Land Mecklenburg-Vorpommern und der BioCon Valley® GmbH,3/10/2014,"5,816,244",Greifswald,66,1,1,3,20
Agrarmarketing Mecklenburg-Vorpommern,Förderung der Gesundheitswirtschaft,Dienstleistungen für die Koordinierung zur Stärkung regionaler Lebensmittel für eine Ernährung für die Gesundheit in Großversorgungseinrichtungen,6/4/2015,"195,564",Bentwisch,66,1,3,3,24
Verein zur Förderung der Betrieblichen Eingliederung,Förderung der Gesundheitswirtschaft,Ganzheitliches betriebliches Gesundheitsmanagement im Handwerk        in M-V (GabeGe Handwerk MV),6/8/2015,"203,486",Stavenhagen,66,1,2,3,24
"""Haus der Begegnung"" Schwerin e.V.",Förderung der Gesundheitswirtschaft,"Schaffung einer ""Koordinierungsstelle zur Umsetzung barrierearmer Großereignisse in Mecklenburg-Vorpommern""",7/31/2015,"187,316",Schwerin,66,1,1,3,20
Fachhochschule Stralsund,Förderung der Gesundheitswirtschaft,"Schaffung einer ""Koordinierungsstelle zur Umsetzung barrierearmer Großereignisse in Mecklenburg-Vorpommern""",9/11/2015,200,Stralsund,66,1,1,3,20
"Institut für Diabetes ""Gerhardt Katsch"" Karlsburg e. V.",Förderung der Gesundheitswirtschaft,Blutstillende Wundauflage,12/30/2015,"199,424",Karlsburg,66,1,3,3,24
W2E Wind To Energy GmbH,Teilnahme an Messen und Ausstellungen,Messeteilnahme: WindEnergy 2014,10/19/2015,"12,65",Hamburg,66,1,7,3,24
Haveltourist GmbH,Teilnahme an Messen und Ausstellungen,Messeteilnahme: CARAVAN SALON 2014,10/19/2015,"4,005",Düsseldorf,66,1,7,3,15
BluePoint Medical GmbH & Co. KG,Teilnahme an Messen und Ausstellungen,Messeteilnahme: GPEC - CCExpo  2014,11/6/2015,"2,2",Leipzig,66,1,7,3,7
BluePoint Medical GmbH & Co. KG,Teilnahme an Messen und Ausstellungen,Messeteilnahme: MEDICA 2014,11/6/2015,"8,064",Düsseldorf,66,1,7,3,7
Reha-Technik Möller GmbH ,Teilnahme an Messen und Ausstellungen,Messeteilnahme: REHACARE International 2014,10/22/2015,"3,2",Düsseldorf,66,1,7,3,7
American Commercial Agency GmbH,Teilnahme an Messen und Ausstellungen,Messeteilnahme: Mercado Paula Gourmet,10/22/2015,"2,855",Santiago (Chile),66,1,7,3,14
American Commercial Agency GmbH,Teilnahme an Messen und Ausstellungen,Messeteilnahme: Evento ECHINUCO,10/22/2015,"2,493",Santiago (Chile),66,1,7,3,14
American Commercial Agency GmbH,Teilnahme an Messen und Ausstellungen,Messeteilnahme: BAZAR ED,10/16/2015,"4,988",Vitacura (Chile),66,1,7,3,14
Norditec-Antriebtechnik,Teilnahme an Messen und Ausstellungen,Messeteilnahme: HANNOVER MESSE 2015,10/16/2015,"9,019",Hannover,66,1,7,3,7
Henkel Beiz-u. Elektropolier- technik GmbH & Co. KG,Teilnahme an Messen und Ausstellungen,Messeteilnahme: ACHEMA 2015,10/22/2015,"13,188",Frankfurt am Main,66,1,7,3,7
Copendia GmbH & Co KG,Teilnahme an Messen und Ausstellungen,Messeteilnahme: LEARNTEC 2015,10/19/2015,"2,151",Karlsruhe,66,1,7,3,13
MeWa Waagenservice und Getreidetechnik GmbH,Teilnahme an Messen und Ausstellungen,Messeteilnahme: FachPack 2015,10/22/2015,"5,31",Nürnberg,66,1,7,3,7
MeWa Waagenservice und Getreidetechnik GmbH,Teilnahme an Messen und Ausstellungen,Messeteilnahme: Agritechnika 2015,10/27/2015,"5,74",Hannover,66,1,7,3,7
D&W Handelsges. Feuerfest- und Isoliertechnik mbH,Teilnahme an Messen und Ausstellungen,Messeteilnahme: THERMPROCESS  2015,10/23/2015,"7,128",Düsseldorf,66,1,7,3,7
Henkel Beiz-u. Elektropolier- technik GmbH & Co. KG,Teilnahme an Messen und Ausstellungen,Messeteilnahme: LOUNGES 2015,10/22/2015,"2,098",Stuttgart,66,1,7,3,7
Christian Schreiber,Teilnahme an Messen und Ausstellungen,Messeteilnahme: Alles für den Gast Herbst 2015,11/3/2015,"3,847",Salzburg (Österreich),66,1,7,3,14
PLANET intelligent Systems GmbH,Teilnahme an Messen und Ausstellungen,Messeteilnahme: Post Expo 2015,11/17/2015,"4,995",Paris (Frankreich),66,1,7,3,13
Stieblich Hallenbau GmbH,Teilnahme an Messen und Ausstellungen,Messeteilnahme: HANNOVER MESSE 2015,10/19/2015,"4,62",Hannover,66,1,7,3,7
Henkel Beiz-u. Elektropolier- technik GmbH & Co. KG,Teilnahme an Messen und Ausstellungen,Messeteilnahme: Pharma-Kongress 2015,10/22/2015,3,Düsseldorf,66,1,7,3,7
Spica Verlags- & Vertriebs GmbH,Teilnahme an Messen und Ausstellungen,Messeteilnahme: Leipziger Buchmesse 2015,10/19/2015,"2,244",Leipzig,66,1,7,3,13
Astech Angewandte Sensortechnik GmbH,Teilnahme an Messen und Ausstellungen,Messeteilnahme: HANNOVER MESSE - Industrial Automation 2015,10/26/2015,"5,05",Hannover,66,1,7,3,7
CABINNET GmbH ,Teilnahme an Messen und Ausstellungen,Messeteilnahme: World Travel Catering Expo 2015,10/20/2015,"3,375",Hamburg,66,1,7,3,24
Werner Lauenroth Fischfeinkost GmbH ,Teilnahme an Messen und Ausstellungen,Messeteilnahme: Anuga Chilled & Fresh Food 2015,12/8/2015,"8,88",Köln,66,1,7,3,3
GreenLife Gesellschaft mbH,Teilnahme an Messen und Ausstellungen,Messeteilnahme: spoga+gafa 2015,10/16/2015,"7,6",Köln,66,1,7,3,14
Enzymicals AG ,Teilnahme an Messen und Ausstellungen,Messeteilnahme: ACHEMA 2015,10/22/2015,"4,198",Frankfurt am Main,66,1,7,3,24
Enzymicals AG ,Teilnahme an Messen und Ausstellungen,Messeteilnahme: CPhI worldwide 2015,11/6/2015,"13,525",Madrid (Spanien),66,1,7,3,24
Bernhard Ritschard,Teilnahme an Messen und Ausstellungen,Messeteilnahme: Mondomusica 2015,10/15/2015,"1,52",Cremona (Italien),66,1,7,3,7
Carsten Nell,Teilnahme an Messen und Ausstellungen,Messeteilnahme: IAA 2015,10/16/2015,"3,312",Frankfurt am Main,66,1,7,3,14
Berdt Schulze,Teilnahme an Messen und Ausstellungen,Messeteilnahme: EUROBIKE 2015,11/9/2015,"4,2",Friedrichshafen,66,1,7,3,7
Karlhans Lehmann KG ,Teilnahme an Messen und Ausstellungen,Messeteilnahme: ISSA INTERCLEAN 2015,12/10/2015,"9,457",Las Vegas (USA),66,1,7,3,7
Karlhans Lehmann KG ,Teilnahme an Messen und Ausstellungen,Messeteilnahme: CMS 2013,12/10/2015,"10,8",Berlin,66,1,7,3,7
Thüringer Kristallhof GmbH ,Teilnahme an Messen und Ausstellungen,Messeteilnahme: Bundesgartenschau Havelregion 2015,11/17/2015,"9,9",Brandenburg,66,1,7,3,14
Isenthal Industrieausrüstung GmbH,Teilnahme an Messen und Ausstellungen,Messeteilnahme: COMOSITES EUROPE 2015,10/16/2015,"8,68",Stuttgart,66,1,7,3,14
MFG Mecklenburger Freizeitmöbel,Teilnahme an Messen und Ausstellungen,Messeteilnahme: spoga+gafa 2015,10/19/2015,"20,8",Köln,66,1,7,3,7
SAFETY SEAL Reifenreparatur-Zubehör- Vertriebsgesellschaft mbH,Teilnahme an Messen und Ausstellungen,Messeteilnahme: NUFAM 2015,10/20/2015,"3,34",Karlsruhe,66,1,7,3,14
SAFETY SEAL Reifenreparatur-Zubehör- Vertriebsgesellschaft mbH,Teilnahme an Messen und Ausstellungen,Messeteilnahme: AGRITECHNICA 2015,10/27/2015,"3,28",Hannover,66,1,7,3,14
ENITECH Energietechnik - Elektronik GmbH ,Teilnahme an Messen und Ausstellungen,Messeteilnahme: Hannover Messe - InwaterSolutions 2015,11/11/2015,"6,391",Hannover,66,1,7,3,7
Uta Erichson,Teilnahme an Messen und Ausstellungen,Messeteilnahme: Handwerk & Design 2015,12/15/2015,"2,051",München ,66,1,7,3,14
Thomas Brokopp,Teilnahme an Messen und Ausstellungen,Messeteilnahme: Internationale Handwerksmesse 2015,10/16/2015,"4,101",München ,66,1,7,3,7
LWS systems GmbH & Co.KG,Teilnahme an Messen und Ausstellungen,Messeteilnahme: INTERSOLAR EUROPE 2015,10/19/2015,"3,564",München ,66,1,7,3,7
PRIMACYT Cell Culture Technology GmbH,Teilnahme an Messen und Ausstellungen,Messeteilnahme: EUROTOX 2015,11/2/2015,"2,9",Porto (Portugal),66,1,7,3,24
SAFETY SEAL Reifenreparatur-Zubehör- Vertriebsgesellschaft mbH,Teilnahme an Messen und Ausstellungen,Messeteilnahme: VmA Technika 2015,10/20/2015,"3,2",Nürnberg,66,1,7,3,14
Uta Erichson,Teilnahme an Messen und Ausstellungen,Messeteilnahme: mitteldeutsche handwerksmesse 2015,12/14/2015,"1,16",Leipzig,66,1,7,3,14
VSP Direktmarketing KG ,Teilnahme an Messen und Ausstellungen,Messeteilnahme: CO-REACH 2015,10/26/2015,"6,485",Nürnberg,66,1,7,3,13
HNP Mikrosysteme GmbH ,Teilnahme an Messen und Ausstellungen,Messeteilnahme: Motek 2015,10/23/2015,"4,6",Stuttgart,66,1,7,3,7
Strandkorbfabrik Heringsdorf GmbH ,Teilnahme an Messen und Ausstellungen,Messeteilnahme: Beach & Boat 2015,12/23/2015,"1,071",Leipzig,66,1,7,3,7
Strandkorbfabrik Heringsdorf GmbH ,Teilnahme an Messen und Ausstellungen,Messeteilnahme: Internationale Handwerksmesse 2015,12/23/2015,"2,474",München ,66,1,7,3,7
Poseidon Watercooler Wasservertriebs- und Dienstleistungsgesellschaft mbH,Teilnahme an Messen und Ausstellungen,Messeteilnahme: Nord Gastro & Hotel 2015,10/26/2015,"1,414",Husum,66,1,7,3,14
folian gmbh ,Teilnahme an Messen und Ausstellungen,Messeteilnahme: FachPack 2015,10/22/2015,"14,399",Nürnberg,66,1,7,3,7
BLUEVITA GmbH & Co. KG ,Teilnahme an Messen und Ausstellungen,Messeteilnahme: TerraTec 2015,12/17/2015,"2,058",Leipzig,66,1,7,3,7
Yamaton Paper GmbH ,Teilnahme an Messen und Ausstellungen,Messeteilnahme: FachPack 2015,10/26/2015,"6,372",Nürnberg,66,1,7,3,7
acriba Service GmbH ,Teilnahme an Messen und Ausstellungen,Messeteilnahme: REHACARE 2015,11/9/2015,"3,006",Düsseldorf,66,1,7,3,13
Karlhans Lehmann KG ,Teilnahme an Messen und Ausstellungen,Messeteilnahme: HYGIENALIA + PULIRE,12/15/2015,3,Madrid (Spanien),66,1,7,3,7
Ralf Töpfer,Teilnahme an Messen und Ausstellungen,"Messeteilnahme: ""mitteldeutsche Handwerksmesse""2015",11/17/2015,"1,006",Leipzig,66,1,7,3,7
morewind engineering solutions GmbH,Teilnahme an Messen und Ausstellungen,Messeteilnahme: HUSUM Wind 2015,10/16/2015,"1,74",Husum,66,1,7,3,24
DST Diagnostische Systeme und Technologien GmbH,Teilnahme an Messen und Ausstellungen,Messeteilnahme: MEDICA 2015,11/6/2015,"2,772",Düsseldorf,66,1,7,3,24
Tischlerei Eigenstetter GmbH,Teilnahme an Messen und Ausstellungen,Messeteilnahme: Internationale Handwerksmesse 2015,10/26/2015,"2,051",München ,66,1,7,3,8
Cornelia Radsack,Teilnahme an Messen und Ausstellungen,Messeteilnahme: IHM 2015,10/26/2015,"1,367",München ,66,1,7,3,7
WaterCamper KG (GmbH & Co.) ,Teilnahme an Messen und Ausstellungen,Messeteilnahme: CARAVAN SALON 2015,10/27/2015,"6,483",Düsseldorf,66,1,7,3,7
Wolfram und Andreas Höhne CAMPMOBIL Schwerin GbR,Teilnahme an Messen und Ausstellungen,Messeteilnahme: CARAVAN SALON 2015,10/19/2015,"11,345",Düsseldorf,66,1,7,3,7
LaSi24 GmbH ,Teilnahme an Messen und Ausstellungen,Messeteilnahme: Transporter Tage 2015,10/28/2015,"1,225",Schönefeld,66,1,7,3,14
argus electronic Gesellschaft,Teilnahme an Messen und Ausstellungen,Messeteilnahme: Deutsche Baumpflegetage 2015,10/19/2015,"1,155",Augsburg,66,1,7,3,7
Backofenbau GmbH Parchim ,Teilnahme an Messen und Ausstellungen,Messeteilnahme: iba 2015,10/26/2015,"22,442",München ,66,1,7,3,7
BluePoint Medical GmbH & Co. KG,Teilnahme an Messen und Ausstellungen,Messeteilnahme: MEDICA 2015,12/9/2015,"8,316",Düsseldorf,66,1,7,3,7
BLUEVITA GmbH & Co. KG ,Teilnahme an Messen und Ausstellungen,Messeteilnahme: HAUS 2015,12/22/2015,"1,545",Dresden,66,1,7,3,7
Christian Herlt,Teilnahme an Messen und Ausstellungen,Messeteilnahme: AGRITECHNICA 2015,11/5/2015,"3,28",Hannover,66,1,7,3,7
RoweMed AG - Medical 4 Life ,Teilnahme an Messen und Ausstellungen,Messeteilnahme: Medica/Compamed 2015,10/28/2015,"9,498",Düsseldorf,66,1,7,3,7
Karin Horn,Teilnahme an Messen und Ausstellungen,Messeteilnahme: Nordstil Sommer 2015,10/22/2015,"4,506",Hamburg,66,1,7,3,14
Amun best of Orient GmbH ,Teilnahme an Messen und Ausstellungen,Messeteilnahme: TrendSet Sommer 2015,10/26/2015,"2,698",München ,66,1,7,3,14
Boizenburg Fliesen GmbH ,Teilnahme an Messen und Ausstellungen,Messeteilnahme: CERSAIE 2015,12/11/2015,"11,356",Bologna (Italien),66,1,7,3,7
LaSi24 GmbH ,Teilnahme an Messen und Ausstellungen,Messeteilnahme: ABENTEUER & ALLRAD 2015,10/28/2015,1,Bad Kissingen,66,1,7,3,14
LaSi24 GmbH ,Teilnahme an Messen und Ausstellungen,Messeteilnahme: KEP-together 2015,11/3/2015,"4,5",Berlin,66,1,7,3,14
TUR Therapietechnik GmbH ,Teilnahme an Messen und Ausstellungen,Messeteilnahme: MEDICA 2015,11/4/2015,"7,02",Düsseldorf,66,1,7,3,7
Uwe Bibrach,Teilnahme an Messen und Ausstellungen,Messeteilnahme: infa 2015,11/16/2015,"1,584",Hannover,66,1,7,3,7
Uwe Bibrach,Teilnahme an Messen und Ausstellungen,Messeteilnahme: Consumenta 2015,11/16/2015,"1,082",Nürnberg,66,1,7,3,7
Jens Gärtner,Teilnahme an Messen und Ausstellungen,"Messeteilnahme: OUTDOOR - Jagd, Fisch & Natur 2015",10/16/2015,1,Neumünster,66,1,7,3,24
EIKBOOM GmbH,Teilnahme an Messen und Ausstellungen,Messeteilnahme: transport logistic 2015,10/16/2015,"6,048",München ,66,1,7,3,7
Reiner Treulieb,Teilnahme an Messen und Ausstellungen,Messeteilnahme: hanseboot 2015,10/28/2015,"11,4",Hamburg,66,1,7,3,14
SMEA IT Services GmbH ,Teilnahme an Messen und Ausstellungen,Messeteilnahme: CeBIT 2015,10/20/2015,"4,9",Hannover,66,1,7,3,13
Andreas Manski,Teilnahme an Messen und Ausstellungen,Messeteilnahme: Pferd & Jagd 2015,12/23/2015,"12,218",Hannover,66,1,7,3,14
Thomas Schulz,Teilnahme an Messen und Ausstellungen,Messeteilnahme: hanseboot 2015,11/9/2015,"1,38",Hamburg,66,1,7,3,23
Thomas Schulz,Teilnahme an Messen und Ausstellungen,Messeteilnahme: BOOT & FUN 2015,11/30/2015,"2,1",Berlin,66,1,7,3,23
Hotel Am Ring GmbH,Teilnahme an Messen und Ausstellungen,Messeteilnahme: RDA-Workshop 2015,10/15/2015,"1,99",Köln,66,1,7,3,15
PRIMACYT Cell Culture Technology GmbH,Teilnahme an Messen und Ausstellungen,Messeteilnahme: 13TH EUROPEAN ISSX MEETING 2015,10/19/2015,"2,609",Glasgow (GB und Nordirland),66,1,7,3,24
ENEOS & Friends Design GmbH ,Teilnahme an Messen und Ausstellungen,Messeteilnahme: Home & Garden 2015,12/7/2015,"2,55",Hamburg,66,1,7,3,14
IMAGE Information Systems Europe GmbH,Teilnahme an Messen und Ausstellungen,Messeteilnahme: RSNA 2015,11/20/2015,"6,671",Chicago (USA),66,1,7,3,13
Technus KG (GmbH & Co.) ,Teilnahme an Messen und Ausstellungen,Messeteilnahme: BOOT & FUN 2015,11/20/2015,"3,922",Berlin,66,1,7,3,7
Torsten Ott,Teilnahme an Messen und Ausstellungen,Messeteilnahme: Modellbau-Messe 2015,11/5/2015,"4,584",Wien (Österreich),66,1,7,3,7
Thüringer Kristallhof GmbH ,Teilnahme an Messen und Ausstellungen,Messeteilnahme: Consumenta 2015 ,11/12/2015,"3,6",Nürnberg,66,1,7,3,14
Sinus-Nachrichtentechnik GmbH ,Teilnahme an Messen und Ausstellungen,Messeteilnahme: PMRExpo Professioneller Mobilfunk und Leitstellen,10/22/2015,"9,24",Köln,66,1,7,3,13
Sebastian Hentschel,Teilnahme an Messen und Ausstellungen,Messeteilnahme: hanseboot 2015,10/26/2015,"4,95",Hamburg,66,1,7,3,7
MOLA Yachting GmbH ,Teilnahme an Messen und Ausstellungen,Messeteilnahme: hanseboot 2015,12/22/2015,"4,158",Hamburg,66,1,7,3,23
YellKreativ GmbH ,Teilnahme an Messen und Ausstellungen,Messeteilnahme: Norla 2015,10/26/2015,"1,35",Rendsburg,66,1,7,3,24
Lothar Schritt,Teilnahme an Messen und Ausstellungen,Messeteilnahme: hanseboot 2015,11/16/2015,"9,614",Hamburg,66,1,7,3,7
Karl-Heinz Rehbock,Teilnahme an Messen und Ausstellungen,Messeteilnahme: CARAVAN SALON 2015,10/26/2015,"1,483",Düsseldorf,66,1,7,3,14
Dirk Teuscher,Teilnahme an Messen und Ausstellungen,Messeteilnahme: Modell-Hobby-Spiel 2015,11/2/2015,"1,998",Leipzig,66,1,7,3,14
Markus Pigard,Teilnahme an Messen und Ausstellungen,Messeteilnahme: Pferd & Jagd 2015,12/11/2015,"2,304",Hannover,66,1,7,3,24
Markus Pigard,Teilnahme an Messen und Ausstellungen,Messeteilnahme: infa 2015,11/4/2015,"3,744",Hannover,66,1,7,3,24
HEYMANN - Moden GmbH ,Teilnahme an Messen und Ausstellungen,Messeteilnahme: Panorama 2015,10/26/2015,"9,52",Berlin,66,1,7,3,4
Sicher-im-Inter.net eG ,Teilnahme an Messen und Ausstellungen,Messeteilnahme: (Aus) Bildungskongress der Bundeswehr 2015,12/11/2015,"1,76",Hamburg,66,1,7,3,13
Kristine Hamann,Teilnahme an Messen und Ausstellungen,Messeteilnahme: 15. Art Bodensee 2015,10/27/2015,"2,88",Dornbirn (Österreich),66,1,7,3,14
Stralsunder Möbelwerke GmbH ,Teilnahme an Messen und Ausstellungen,Messeteilnahme: M.O.W. 2015,10/23/2015,11,Bad Salzuflen,66,1,7,3,7
CiS GmbH ,Teilnahme an Messen und Ausstellungen,Messeteilnahme: AGRITECHNICA 2015,11/2/2015,"1,968",Hannover,66,1,7,3,13
Solarlite CSP Technology GmbH,Teilnahme an Messen und Ausstellungen,Messeteilnahme: Arabian Sea Region Oil & Gas Summit 2015,10/19/2015,"12,046",Muscat (Oman),66,1,7,3,7
neoplas GmbH ,Teilnahme an Messen und Ausstellungen,Messeteilnahme: DVG-VET- Congress 2015,10/27/2015,"2,2",Berlin,66,1,7,3,24
EURO-P LUZ GmbH,Teilnahme an Messen und Ausstellungen,Messeteilnahme: AGRITECHNICA 2015,10/15/2015,"7,74",Hannover,66,1,7,3,7
Strandkorbfabrik Heringsdorf GmbH ,Teilnahme an Messen und Ausstellungen,Messeteilnahme: spoga+gafa 2015,12/23/2015,"2,64",Köln,66,1,7,3,7
ErVisio GmbH ,Teilnahme an Messen und Ausstellungen,Messeteilnahme: SOLE COMMERCE 2015,11/4/2015,"9,428",New York (USA),66,1,7,3,14
CiS GmbH ,Teilnahme an Messen und Ausstellungen,Messeteilnahme: INTERGEO 2015,11/12/2015,"2,088",Stuttgart,66,1,7,3,13
CiS GmbH ,Teilnahme an Messen und Ausstellungen,Messeteilnahme: gat/wat - IT goes Energy - 2015,11/20/2015,3,Essen,66,1,7,3,13
Gummifabrik Lubeca GmbH & Co. Mecklenburg KG,Teilnahme an Messen und Ausstellungen,Messeteilnahme: MEDICA 2015,12/9/2015,"2,916",Düsseldorf,66,1,7,3,7
Timo Weisbrich,Teilnahme an Messen und Ausstellungen,Messeteilnahme: SalleMesse,10/23/2015,"1,41",Halle,66,1,7,3,15
Bootsbau Schubert GmbH ,Teilnahme an Messen und Ausstellungen,Messeteilnahme: Interboot 2015,10/22/2015,"5,94",Friedrichshafen,66,1,7,3,7
Jörg Starke,Teilnahme an Messen und Ausstellungen,Messeteilnahme: IAW Interationale Aktionswaren- und Importmesse,10/21/2015,"7,092",Köln,66,1,7,3,14
Clement Germany GmbH ,Teilnahme an Messen und Ausstellungen,Messeteilnahme: METS 2015,12/2/2015,"3,835",Amsterdam (Niederlande),66,1,7,3,8
neoplas tools GmbH ,Teilnahme an Messen und Ausstellungen,Messeteilnahme: 6. Interdisziplinäres Wundsymposium 2015,12/15/2015,"1,5",München ,66,1,7,3,24
Hubert Schwarz,Teilnahme an Messen und Ausstellungen,Messeteilnahme: POSITIONS Berlin 2015,12/7/2015,"6,6",Berlin,66,1,7,3,14
SkenData GmbH,Teilnahme an Messen und Ausstellungen,Messeteilnahme: DKM,10/16/2015,"5,4",Dortmund,66,1,7,3,13
Wassersport-Center Stockmann GmbH ,Teilnahme an Messen und Ausstellungen,Messeteilnahme: INTERBOOT 2015,11/9/2015,"7,2",Friedrichshafen,66,1,7,3,24
Copendia GmbH & Co KG,Teilnahme an Messen und Ausstellungen,Messeteilnahme: Zukunft Personal 2015,11/2/2015,"2,905",Köln,66,1,7,3,13
Eike Sadewater,Teilnahme an Messen und Ausstellungen,Messeteilnahme: hanseboot 2015,12/3/2015,"2,875",Hamburg,66,1,7,3,23
Eike Sadewater,Teilnahme an Messen und Ausstellungen,Messeteilnahme: BOOT & FUN 2015,12/8/2015,"1,5",Berlin,66,1,7,3,23
Dirk Teuscher,Teilnahme an Messen und Ausstellungen,Messeteilnahme: Faszination Modellbau Friedrichshafen,11/17/2015,"1,89",Sinsheim,66,1,7,3,14
IMEX Yachting GmbH ,Teilnahme an Messen und Ausstellungen,Messeteilnahme: hanseboot 2015,11/6/2015,"7,027",Hamburg,66,1,7,3,14
Sicher-im-Inter.net eG ,Teilnahme an Messen und Ausstellungen,Messeteilnahme: LEARNTEC 2016,12/10/2015,"9,684",Karlsruhe,66,1,7,3,13
IMAGE Information Systems Europe GmbH,Teilnahme an Messen und Ausstellungen,Messeteilnahme: Arab Health 2016,10/28/2015,"7,632",Dubai (VAE),66,1,7,3,13
Loick Biowertstoff GmbH ,Teilnahme an Messen und Ausstellungen,Messeteilnahme: 67. Spielwarenmesse 2016,11/11/2015,"6,887",Nürnberg,66,1,7,3,7
Gut Grambow Fieldsports GmbH ,Teilnahme an Messen und Ausstellungen,"Messeteilnahme: ""Jagd & Hund"" Dortmund",10/28/2015,"15,3",Dortmund,66,1,7,3,14
Masson-Wawer Decoration GmbH ,Teilnahme an Messen und Ausstellungen,Messeteilnahme: christmasworld 2016,10/29/2015,"15,75",Frankfurt am Main,66,1,7,3,14
RoweMed AG - Medical 4 Life ,Teilnahme an Messen und Ausstellungen,Messeteilnahme: PharmaPack Messe 2016,10/27/2015,"6,632",Paris (Frankreich),66,1,7,3,7
Wolfram und Andreas Höhne CAMPMOBIL Schwerin GbR,Teilnahme an Messen und Ausstellungen,Messeteilnahme: CMT 2016 Stuttgart,12/3/2015,"5,76",Stuttgart,66,1,7,3,7
August Hildebrandt GmbH ,Teilnahme an Messen und Ausstellungen,Messeteilnahme: wire 2016,12/23/2015,"15,68",Düsseldorf,66,1,7,3,7
Ronny Weisbrich,Teilnahme an Messen und Ausstellungen,"Messeteilnahme: ""Reisen & Caravaning"" 2016",12/11/2015,"1,575",Chemnitz,66,1,7,3,15
Ronny Weisbrich,Teilnahme an Messen und Ausstellungen,Messeteilnahme: Reisemesse Dresden 2016,11/16/2015,"1,368",Dresden,66,1,7,3,15
Bootsbau Schubert GmbH ,Teilnahme an Messen und Ausstellungen,Messeteilnahme: boot 2016,12/8/2015,"10,164",Düsseldorf,66,1,7,3,7
Reiner Spiegl,Teilnahme an Messen und Ausstellungen,Messeteilnahme: boot 2016,12/22/2015,"8,47",Düsseldorf,66,1,7,3,14
Tourismusverband Mecklenburg-Vorpommern,Werbemaßnahmen Tourismus,Werbemaßnahmen für den Tourismus durch Unterstützung des Tourismusverbandes in 2015,01/01/2015,"2,150,000",Rostock,75,1,1,3,23
"Staatskanzlei, Projektgruppe Landesmarketing",Landesmarketing,Maßnahmen im Rahmen der Förderung des Landesmarketings in 2015,01/01/2015,"441,383",Schwerin,66,1,7,3,24
Stadtwerke Grewesmühlen GmbH,Klimaschutzinvestition,Installation einer Absorptionskältemaschine zur Kälteerzeugung als Ersatz für die vorhandenen Klimaanlagen im Verwaltungsgebäude der Stadtwerke in 23936 Grevesmühlen,5/7/2015,"198,7",Grevesmühlen,70,1,2,4,10
Gemeinde Dümmer,Klimaschutzinvestition,Installation einer Sole-Wasser-Wärmepumpe für das EUROPA-HAUS in 19073 Dümmer,5/6/2015,"74,567",Dümmer,70,1,3,4,18
Neubrandenburger Wohnungsgesellschaft GmbH,Klimaschutzinvestition,Ersatz veralteter Regeltechnik durch innovative Technik zur direkten Einsparung von Wärme und Steigerung der Energieeffizienz,11/20/2015,"356,7",Neubrandenburg,70,1,1,4,17
Tischlerei Kleine GmbH,Klimaschutzinvestition,Errichtung einer Biomasseheizungsanlage für die Tischlerei,6/5/2015,"49,86",Dümmer,68,1,3,4,7
SWS Energie GmbH,Klimaschutzinvestition,Errichtung und Betreibung von 2 Schnellladestationen für Elektrofahrzeuge in 18439 Stralsund,10/5/2015,115,Stralsund,70,1,1,4,10
Uwe Schmidt,Klimaschutzinvestition,Errichtung und Betreibung des 2. Bauabschnittes des Nahwärmenetzes in 17207 Kambs,9/7/2015,"378,667",Bollewick,68,1,3,4,10
Landtechnik und Bauhof GmbH,Klimaschutzinvestition,Errichtung eines Nahwärmenetzes in Hohenzieritz,9/23/2015,"623,42",Hohenzieritz,68,1,3,4,10
WIRO Wohnen in Rostock,Klimaschutzinvestition,Oberflächennahe Geothermie in Verbindung mit Wärmepumpen zur Beheizung der Wohnungsneubauten auf der Holzhalbinsel in Rostock,10/8/2015,"865,635",Rostock,70,1,1,4,17
Energieversorgung Schwerin GmbH & Co.,Klimaschutzinvestition,Thermische Nutzung der vorhandenen Thermalsohle zur Fernwärmeversorgung in der Stadt Schwerin,12/4/2015,"14,132,000",Schwerin,70,1,1,4,10
Stadtwerke Demmin GmbH,Klimaschutzinvestition,Erweiterung des Fernwärmenetzes mit Anschluß des Kreiskrankenhauses Demmin,11/24/2015,"1,383,373",Demmin,70,1,2,4,10
Gemeinde Verchen,Klimaschutzinvestition,Umrüstung der Straßen- und Parkbeleuchtung Verchen auf LED-Technik,7/9/2015,"252,808",Verchen,13,1,3,4,18
Stadt Lübz,Klimaschutzinvestition,"Umbau Schulkomplex Lübz,
IV.BA Energetische Sanierung der Regionalschule Lübz",4/22/2015,"2,193,135",Lübz,13,1,2,4,18
Gemeinde Stolpe,Klimaschutzinvestition,Energieeffiziente Sanierung der Straßenbeleuchtung Ortslage Stolpe,6/17/2015,30,Stolpe,13,1,3,4,18
Gemeinde Elmenhorst/Lichtenhagen,Klimaschutzinvestition,Umrüstung der Straßenbeleuchtung in der Gemeinde Elmenhorst Ortsteil Lichtenhagen auf energieeffiziente LED Technik ,5/5/2015,"162,439",Elmenhorst/Lichtenhagen,13,1,3,4,18
Gemeinde Ducherow,Klimaschutzinvestition,Energieeffiziente Sanierung der Straßenbeleuchtung Neuer Weg in 17398 Ducherow,9/22/2015,"33,242",Ducherow,13,1,3,4,18
Gemeinde Spantekow,Klimaschutzinvestition,Energieeffiziente Sanierung der Straßenbeleuchtung Brennereistraße in 17392 Spantekow,10/2/2015,"20,52",Spantekow,13,1,3,4,18
Stadt Marlow,Klimaschutzinvestition,Erneuerung der Straßenbeleuchtungsanlage im OT Völkshagen,5/5/2015,"57,6",Marlow,13,1,3,4,18
Gemeinde Zarrendorf,Klimaschutzinvestition,Umrüstung der Straßenbeleuchtung auf energieeffiziente LED-Technik in der Gemeinde Zarrendorf,5/29/2015,"134,612",Zarrendorf,13,1,3,4,18
Gemeinde Samtens,Klimaschutzinvestition,Austausch der maroden Straßenbeleuchtung und Umrüstung auf LED-Leuchten in der Ringstraße Samtens,5/7/2015,"33,582",Samtens,13,1,3,4,18
Gemeinde Dabel,Klimaschutzinvestition,Erneuerung der Straßenbeleuchtung der Dorfstraße in 19406 Dabel OT Holzendorf,6/22/2015,"42,584",Dabel,13,1,3,4,18
Gemeinde Kobrow,Klimaschutzinvestition,Erneuerung der Straßenbeleuchtung in der Gemeinde Kobrow OT Dessin,8/21/2015,"46,921",Kobrow,13,1,3,4,18
Stadt Marlow,Klimaschutzinvestition,"Umrüstung der Innen- und Außenbeleuchtungsanlage der Feuerwehrgerätehäuser mit LED-Leuchtmitteln in den OT Marlow, Jahnkendorf, Bartelshagen I und Gresenhorst",6/26/2015,"21,9",Marlow,13,1,3,4,18
Stadt Ludwigslust,Klimaschutzinvestition,"Umrüstung der Beleuchtungsanlagen auf LED-Technik in 19288 Ludwigslust, Westliche Schloßfreiheit und Uhlenhorst",10/8/2015,"52,103",Ludwigslust,13,1,2,4,18
Stadt Ludwigslust,Klimaschutzinvestition,"Umrüstung der Beleuchtungsanlagen auf LED-Technik in 19288 Ludwigslust, Rosenstraße",10/19/2015,"71,758",Ludwigslust,13,1,2,4,18
Gemeinde Kalkhorst,Klimaschutzinvestition,Energetische Erneuerung der Straßenbeleuchtung in 23942 Kalkhorst,12/17/2015,"295,576",Kalkhorst,13,1,3,4,18
Tierpark Ueckermünde e.V.,Klimaschutzinvestition,Energieeinsparung durch Umrüstung auf LED-Beleuchtung im Tierpark Ueckermünde,6/5/2015,"120,432",Ueckermünde,13,1,2,4,23
Gemeinde Dettmannsdorf,Klimaschutzinvestition,Umrüstung der Straßenbeleuchtung auf energieeffiziente LED-Technik in der Gemeinde Dettmannsdorf,12/1/2015,"50,336",Dettmannsdorf,13,1,3,4,18
Gemeinde Alt Tellin,Klimaschutzinvestition,Umrüstung der Straßenbeleuchtung auf LED-Technik in der Gemeinde Alt Tellin,5/5/2015,84,Alt Tellin,13,1,3,4,18
Gemeinde Daberkow,Klimaschutzinvestition,Umrüstung der Straßenbeleuchtung auf LED-Technik in der Gemeinde Daberkow,5/12/2015,59,Daberkow,13,1,3,4,18
Gemeinde Kruckow,Klimaschutzinvestition,Umrüstung der Straßenbeleuchtung auf LED-Technik in der Gemeinde Kruckow,6/8/2015,155,Kruckow,13,1,3,4,18
Gemeinde Bartow,Klimaschutzinvestition,Erneuerung der straßenbegleitenden Beleuchtung in Bartow OT Pritzenow im Zuge des Straßenneubaus,9/11/2015,"25,192",Bartow,13,1,3,4,18
Gemeinde Brenz,Klimaschutzinvestition,"Erneuerung der Geh- und Radwegbeleuchtung auf energieeffiziente LED-Beleuchtung in 19306 Brenz, OT Neu Brenz",8/5/2015,"89,747",Brenz,13,1,3,4,18
Stadt Lübtheen,Klimaschutzinvestition,Erneuerung der Straßenbeleuchtung in Lübtheen Gipsstraße,8/21/2015,"60,3",Lübtheen,13,1,3,4,18
Gemeinde Pripsleben,Klimaschutzinvestition,Umstellung der Straßenbeleuchtung Pripsleben von Natriumdampfleuchten auf LED-Technik,7/21/2015,"72,78",Pripsleben,13,1,3,4,18
Hansestadt Wismar,Klimaschutzinvestition,Erneuerung der Straßenbeleuchtung durch Einsatz von LED-Technik am Knotenpunkt Schweriner Tor in 23966 Wismar,7/28/2015,"120,626",Wismar,13,1,2,4,18
Gemeinde Seehof,Klimaschutzinvestition,Umstellung der gesamten Straßenbeleuchtung auf LED-Technik in der Ortslage Seehof und im Ortsteil Hundorf,10/8/2015,"419,043",Seehof,13,1,3,4,18
Stadt Gadebusch,Klimaschutzinvestition,Umrüstung der Beleuchtung Roggendorfer Chaussee in 19205 Gadebusch,7/10/2015,52,Gadebusch,13,1,2,4,18
Stadt Dargun,Klimaschutzinvestition,Umrüstung der Straßenbeleuchtung Demminer Straße auf LED-Technik in 17159 Dargun,7/10/2015,103,Dargun,13,1,3,4,18
Gemeinde Userin,Klimaschutzinvestition,Umrüstung der Straßenbeleuchtung Gemeinde Userin auf LED-Leuchten ,12/18/2015,"163,5",Userin,13,1,3,4,18
Gemeinde Dalberg-Wendelstorf,Klimaschutzinvestition,"Umrüstung der gesamten Ortsbeleuchtung auf energiesparende LED Straßenbeleuchtung der Gemeinde Dalberg Wendelstorf, PLZ 19071, bestehend aus der Ortslage Dalberg und den Ortsteilen Wendelstorf und Seefeld",6/26/2015,"99,723",Dalberg-Wendelstorf,13,1,3,4,18
Gemeinde Roggendorf,Klimaschutzinvestition,"Erneuerung der Straßenbeleuchtung
Gemeinde Roggendorf, OT Breesen",9/17/2015,62,Roggendorf,13,1,3,4,18
Gemeinde Tramm,Klimaschutzinvestition,Umrüstung der Straßenbeleuchtung der Gemeinde Tramm auf energieeffiziente LED-Technik ,10/16/2015,160,Tramm,13,1,3,4,18
Gemeinde Gägelow,Klimaschutzinvestition,Erneuerung der Straßenbeleuchtung in den Ortsteilen Weitendorf und Jamel auf energieeffiziente LED-Leuchten,10/12/2015,"114,928",Gägelow,13,1,3,4,18
Gemeinde Ostseebad Insel Poel,Klimaschutzinvestition,LED-Umstellung der Straßenbeleuchtung in den Ortslagen der Insel Poel,12/16/2015,100,Insel Poel,13,1,3,4,18
Gemeinde Roggentin,Klimaschutzinvestition,Erneuerung der Straßenbeleuchtung/Umrüstung auf LED-Technink in der Gemeinde Roggentin / OT Unterkösterbeck,12/16/2015,"28,139",Roggentin,13,1,3,4,18
Stadt Neubrandenburg,Verbesserung des ÖPNV,Bahnhofstunnel Neubrandenburg - Neubau Tunneldurchstich und Ausgangsbauwerk Nord,8/3/2015,"4,545,815",Neubrandenburg,43,1,1,4,18
Straßenbauamt Neustrelitz,Radwegebau,Neubau Radweg L 282 Strasburg - Schönhausen,8/6/2015,"767,36",Strasburg,90,1,3,4,18
Straßenbauamt Schwerin,Radwegebau,Neubau Radweg L 071 Wöbbelin - Neustadt-Glewe,7/30/2015,111,Wöbbelin,90,1,3,4,18
Straßenbauamt Neustrelitz,Radwegebau,Neubau Radweg L 205 Nossentin - Jabel  TA 1: Weg Am Gutshaus bis Blücher Denkmal  TA 2: Bauwerk Loppiner Kanal bis Beginn der Ortsdurchfahrt Jabel      ,9/28/2015,388,Silz,90,1,3,4,18
Straßenbauamt Neustrelitz,Radwegebau,L 20 Neubau Radweg A 19 - Malchow,10/23/2015,"400,674",Rostock,90,1,1,4,18
Straßenbauamt Neustrelitz,Radwegebau,L 241 Neubau Radweg B 198 - MÜR 14,10/23/2015,202,Röbel/Müritz,90,1,2,4,18
Straßenbauamt Schwerin,Radwegebau,Neubau Radweg L 041 Neu Bauhof - Gadebusch,12/21/2015,"379,5",Gadebusch,90,1,2,4,18
"Ministerium für Wirtschaft, Bau und Tourismus",Maßnahmen der Technischen Hilfe,"Maßnahmen zur Vorbereitung, Durchführung, Begleitung und Kontrolle in 2015",01/01/2015,"187,994",Schwerin,121,1,7,-,0
DGB Bezirk Nord,Maßnahmen der Technischen Hilfe,"Maßnahmen zur Vorbereitung, Durchführung, Begleitung und Kontrolle in 2015",12/9/2015,"202,636",Schwerin,121,1,7,-,0
"Ministerium für Wirtschaft, Bau und Tourismus",Maßnahmen der Technischen Hilfe,Maßnahmen zur Bewertung und Studien in 2015,01/01/2015,"78,907",Schwerin,122,1,7,-,0
"Ministerium für Wirtschaft, Bau und Tourismus",Maßnahmen der Technischen Hilfe,Maßnahmen zur Information und Kommunikation in 2015,01/01/2015,"388,089",Schwerin,123,1,7,-,0
"Staatskanzlei, Gemeinsame Verwaltungsbehörde",Maßnahmen der Technischen Hilfe,"Maßnahmen zur Vorbereitung, Durchführung, Begleitung und Kontrolle in 2015",01/01/2015,6,Schwerin,121,1,7,-,0
