"Name des Begünstigten / beneficiary name","Bezeichnung des Vorhabens / operation name","Zusammenfassung des Vorhabens / operation summary","Datum des Beginns des Vorhabens / operation start date","Datum des Endes des Vorhabens / operation end date","Gesamtbetrag der förderfähigen Ausgaben des Vorhabens / total eligible expenditure allocated to the operation","Unions-Kofinanzierungssatz pro Prioritätsachse / Union co-financing rate, as per priority axis","Postleitzahl des Vorhabens / operation postcode","Land / country","Interventionsbereich / intervention field","Finanzierungsform / form of finance","Art des Gebiets / territorial dimension","Territoriale Umsetzungsmechanismen / territorial delivery mechanism","Thematisches Ziel / thematic objective dimension"
APM GmbH und Anita Ramerseder,Neuansiedlung,"Neuansiedlung, APM GmbH und Anita Ramerseder IN Waldkirchen , Niederbay",27.05.2014,31.03.2015,459000,25%*,94065,"Waldkirchen , Niederbay",001 - Allgemeine produktive Investitionen in kleine und mittlere Unternehmen („KMU“),01 - Nicht rückzahlbare Finanzhilfe,04 - Gebiete der makroregionalen Zusammenarbeit,07 - Nicht zutreffend,03 - Stärkung der Wettbewerbsfähigkeit von kleinen und mittleren Unternehmen
ATP Autoteile Pöllath Handels GmbH u. Peter Pöllath gewerbliche Vermietung und Verpachtung e.K.,Erweiterung,"Erweiterung, ATP Autoteile Pöllath Handels GmbH u. Peter  Pöllath gewerbliche Vermietung und Verpachtung e.K. IN Kirchenthumbach",01.07.2015,31.12.2017,35518400,25%*,92690,Pressath,001 - Allgemeine produktive Investitionen in kleine und mittlere Unternehmen („KMU“),01 - Nicht rückzahlbare Finanzhilfe,03 - Ländliche Gebiete (dünn besiedelt),07 - Nicht zutreffend,03 - Stärkung der Wettbewerbsfähigkeit von kleinen und mittleren Unternehmen
"Bayer. Staatsministerium des Innern, für Bau und Verkehr, vertreten durch das Staatliche Bauamt Erlangen-Nürnberg",Energetische Sanierung des Lehrsaalgebäudes und des Flachbaus zum Hochhaus der IV. Bereitschaftspolizeiabteilung Nürnberg,Energetische Sanierung der Hüllflächen und Austausch der Lüftungsanlage mit Anbindung an die zentrale GLT-Technik,18.02.2016,31.12.2019,4226000,50%*,90469,Nürnberg,"013 - Energieeffiziente Renovierung öffentlicher Infrastrukturen, Demonstrationsprojekte und Begleitmaßnahmen",01 - Nicht rückzahlbare Finanzhilfe,"01 - Städtische Ballungsgebiete (dicht besiedelt, Bevölkerung > 50 000)",07 - Nicht zutreffend,04 - Förderung der Bestrebungen zur Verringerung der CO2-Emissionen in allen Branchen der Wirtschaft
"Bayer. Staatsministerium des Innern, für Bau und Verkehr, vertreten durch das Staatliche Bauamt Erlangen-Nürnberg",Energetische Sanierung des Stabsgebäudes und der Kleiderkammer der IV. Bereitschaftspolizeiabteilung Nürnberg,Energetische Sanierung der Hüllflächen sowie Arbeiten an der MSR-Technik,18.02.2016,31.12.2020,2717000,50%*,90469,Nürnberg,"013 - Energieeffiziente Renovierung öffentlicher Infrastrukturen, Demonstrationsprojekte und Begleitmaßnahmen",01 - Nicht rückzahlbare Finanzhilfe,"01 - Städtische Ballungsgebiete (dicht besiedelt, Bevölkerung > 50 000)",07 - Nicht zutreffend,04 - Förderung der Bestrebungen zur Verringerung der CO2-Emissionen in allen Branchen der Wirtschaft
"Bayer. Staatsministerium für Ernährung, Landwirtschaft und Forsten, vertreten durch das Staatliche Bauamt Rosenheim",Errichtung einer Hackschnitzelanlage mit Nahwärmeversorgung in der Landesanstalt für Landwirtschaft in Grub (LfL),Errichtung einer Hackschnitzelanlage mit Nahwärmeversorgung,22.03.2016,31.12.2019,2950000,50%*,85586,Poing b München,"013 - Energieeffiziente Renovierung öffentlicher Infrastrukturen, Demonstrationsprojekte und Begleitmaßnahmen",01 - Nicht rückzahlbare Finanzhilfe,"02 - Kleinstädtische Gebiete (mittlere Bevölkerungsdichte, Bevölkerung > 5 000)",07 - Nicht zutreffend,04 - Förderung der Bestrebungen zur Verringerung der CO2-Emissionen in allen Branchen der Wirtschaft
Bayerische Beteiligungsgesellschaft mbH (BayBG),EFRE-Projekt 2014 B,"Mit dem EFRE-Projekt 2014 B soll die BayBG geeignete bayerische KMU mit Eigenkapital versorgen und so das weitere Wachstum dieser KMU unterstützen. Die Projektmittel sollen dabei vorrangig in innovative KMU in der Start-up und Expansionsphase, insbes. im EFRE-Schwerpunktgebiet, investiert werden.",01.01.2015,31.12.2023,20000000,25%*,,,001 - Allgemeine produktive Investitionen in kleine und mittlere Unternehmen („KMU“),"03 - Unterstützung durch Finanzinstrumente: Risikokapital, Beteiligungskapital oder Gleichwertiges",03 - Ländliche Gebiete (dünn besiedelt),07 - Nicht zutreffend,03 - Stärkung der Wettbewerbsfähigkeit von kleinen und mittleren Unternehmen
Bayerisches Landesamt für Umwelt,BodenAtlas Bayern,"Aufbau eines Kompetenzzentrums zur Bereitstellung anforderungsgerechter, wissensbasierter Geoinformationen als Grundlage für die Entscheidungsfindung und Beantwortung aktueller praxisrelevanter Fragestellungen vieler Nutzergruppen in Wirtschaft und Politik sowie Wissenschaft und Forschung.",01.01.2016,31.12.2020,14400000,50%*,95030,"Hof , Saale",058 - Forschungs- und Innovationsinfrastruktur (öffentlich),01 - Nicht rückzahlbare Finanzhilfe,"02 - Kleinstädtische Gebiete (mittlere Bevölkerungsdichte, Bevölkerung > 5 000)",07 - Nicht zutreffend,"01 - Stärkung von Forschung, technologischer Entwicklung und Innovation"
"Bayerisches Staatsministerium für Wirtschaft und Medien, Energie und Technologie, Ref. 51",Technische Hilfe Ziel IWB - Projekt TH 1,"Vorbereitung, Durchführung, Überwachung und Prüfung; im Wesentlichen Personalkosten und Datenbankkosten",01.01.2014,31.12.2023,16000000,50%*,,,"121 - Vorbereitung, Durchführung, Begleitung und Kontrolle",01 - Nicht rückzahlbare Finanzhilfe,03 - Ländliche Gebiete (dünn besiedelt),07 - Nicht zutreffend,12 - Nicht zutreffend (nur technische Hilfe)
"Bayerisches Staatsministerium für Wirtschaft und Medien, Energie und Technologie, Ref. 51",Technische Hilfe Ziel IWB - Projekt TH 2,"Evaluation und Studien, BGA; im Wesentlichen Kosten für die Vorbereitung und Durchführung des BGA und für die Erstellung der Jahresberichte und weiterer Gutachten,
Studien und Bewertungen",01.01.2014,31.12.2023,1200000,50%*,,,122 - Bewertung und Studien,01 - Nicht rückzahlbare Finanzhilfe,03 - Ländliche Gebiete (dünn besiedelt),07 - Nicht zutreffend,12 - Nicht zutreffend (nur technische Hilfe)
"Bayerisches Staatsministerium für Wirtschaft und Medien, Energie und Technologie, Ref. 51",Technische Hilfe Ziel IWB - Projekt TH 3,"Information und Kommunikation, Sitzungen und Veranstaltungen; im Wesentlichen Internet- und Druckkosten, Kosten für IuK-Maßnahmen und Besprechungen",01.01.2014,31.12.2023,566332,50%*,,,123 - Information und Kommunikation,01 - Nicht rückzahlbare Finanzhilfe,03 - Ländliche Gebiete (dünn besiedelt),07 - Nicht zutreffend,12 - Nicht zutreffend (nur technische Hilfe)
Berg & Tal GmbH & Co. KG,Neuansiedlung,"Neuansiedlung, Berg & Tal GmbH & Co. KG IN Pfronten",06.02.2015,30.06.2016,2800000,25%*,87459,Pfronten,001 - Allgemeine produktive Investitionen in kleine und mittlere Unternehmen („KMU“),01 - Nicht rückzahlbare Finanzhilfe,"02 - Kleinstädtische Gebiete (mittlere Bevölkerungsdichte, Bevölkerung > 5 000)",07 - Nicht zutreffend,03 - Stärkung der Wettbewerbsfähigkeit von kleinen und mittleren Unternehmen
Berufliche Fortbildungszentren der Bayerischen Wirtschaft (bfz) gemeinnützige GmbH,Neubau und Ausstattung eines Schulungsgebäudes des Beruflichen Fortbildungszentrums gGmbH am Standort Marktredwitz,Neubau und Ausstattung eines Schulungsgebäudes des Beruflichen Fortbildungszentrums gGmbH am Standort Marktredwitz,01.08.2015,30.06.2017,3029400,25%*,95615,Marktredwitz,"066 - Fortgeschrittene Unterstützungsdienste für KMU und KMU-Zusammenschlüsse (einschließlich Dienstleistungen für Management, Marketing und Design)",01 - Nicht rückzahlbare Finanzhilfe,"02 - Kleinstädtische Gebiete (mittlere Bevölkerungsdichte, Bevölkerung > 5 000)",07 - Nicht zutreffend,03 - Stärkung der Wettbewerbsfähigkeit von kleinen und mittleren Unternehmen
BIHK Service GmbH,"""Export Bavaria 3.0"" - Außenwirtschaftsportal (Verwaltung)","Ausbau und Weiterentwicklung eines webbasierten, auf das Tagesgeschäft von KMU ausgerichteten bay. Außwirtschaftsportals unter Einbeziehung der außenwirtschaftlich aktiven bay. Verbände und Institutionen, das den KMU-spezifischen Außenwirtschaftsinformationsbedarf komplett und aktuell abbildet.",01.01.2015,31.12.2020,626800,25%*,90402,Nürnberg,"066 - Fortgeschrittene Unterstützungsdienste für KMU und KMU-Zusammenschlüsse (einschließlich Dienstleistungen für Management, Marketing und Design)",01 - Nicht rückzahlbare Finanzhilfe,04 - Gebiete der makroregionalen Zusammenarbeit,07 - Nicht zutreffend,03 - Stärkung der Wettbewerbsfähigkeit von kleinen und mittleren Unternehmen
BIHK Service GmbH,"""Export Bavaria 3.0"" - Go International (Verwaltung)","Verwaltung und Abwicklung des parallel beantragten Förderprojektes ""Go International"" zur Unterstützung von bay. KMUs bei der Erschließung neuer Zielmärkte.",01.01.2015,31.12.2020,508800,25%*,90402,Nürnberg,"066 - Fortgeschrittene Unterstützungsdienste für KMU und KMU-Zusammenschlüsse (einschließlich Dienstleistungen für Management, Marketing und Design)",01 - Nicht rückzahlbare Finanzhilfe,04 - Gebiete der makroregionalen Zusammenarbeit,07 - Nicht zutreffend,03 - Stärkung der Wettbewerbsfähigkeit von kleinen und mittleren Unternehmen
Bio Strohhalme GmbH,Markterschließung Italien,"Export von Natur-Strohhalme, Papier-Trinkhalme und nachhaltige PLA Halme.",12.05.2015,11.05.2016,55000,25%*,83064,Raubling,"066 - Fortgeschrittene Unterstützungsdienste für KMU und KMU-Zusammenschlüsse (einschließlich Dienstleistungen für Management, Marketing und Design)",01 - Nicht rückzahlbare Finanzhilfe,04 - Gebiete der makroregionalen Zusammenarbeit,07 - Nicht zutreffend,03 - Stärkung der Wettbewerbsfähigkeit von kleinen und mittleren Unternehmen
Byodo Naturkost GmbH,Erweiterung,"Erweiterung, Byodo Naturkost GmbH IN Mühldorf a Inn",01.06.2015,31.12.2016,6042000,25%*,84453,Mühldorf a Inn,001 - Allgemeine produktive Investitionen in kleine und mittlere Unternehmen („KMU“),01 - Nicht rückzahlbare Finanzhilfe,"02 - Kleinstädtische Gebiete (mittlere Bevölkerungsdichte, Bevölkerung > 5 000)",07 - Nicht zutreffend,03 - Stärkung der Wettbewerbsfähigkeit von kleinen und mittleren Unternehmen
CERA GmbH,Anbau Produktionsgebäude,Anbau eines Produktionsebäudes sowie der Kauf von Maschinen und Einrichtung zur Betriebserweiterung der Fa. CERA GmbH IN Ruderatshofen,15.06.2015,30.09.2016,2711000,25%*,87674,Ruderatshofen,001 - Allgemeine produktive Investitionen in kleine und mittlere Unternehmen („KMU“),01 - Nicht rückzahlbare Finanzhilfe,03 - Ländliche Gebiete (dünn besiedelt),07 - Nicht zutreffend,03 - Stärkung der Wettbewerbsfähigkeit von kleinen und mittleren Unternehmen
Christian Geiger e. K.,Erweiterung,"Erweiterung, Christian Geiger e.K. IN Drachselsried",11.08.2015,01.12.2016,1148000,25%*,94256,Drachselsried,001 - Allgemeine produktive Investitionen in kleine und mittlere Unternehmen („KMU“),01 - Nicht rückzahlbare Finanzhilfe,04 - Gebiete der makroregionalen Zusammenarbeit,07 - Nicht zutreffend,03 - Stärkung der Wettbewerbsfähigkeit von kleinen und mittleren Unternehmen
Daffner & Nielsen GbR / Betriebs GmbH,Modernisierung,"Modernisierung, Daffner & Nielsen GbR / Betriebs GmbH IN Viechtach",25.08.2014,31.12.2016,725000,25%*,94234,Viechtach,001 - Allgemeine produktive Investitionen in kleine und mittlere Unternehmen („KMU“),01 - Nicht rückzahlbare Finanzhilfe,04 - Gebiete der makroregionalen Zusammenarbeit,07 - Nicht zutreffend,03 - Stärkung der Wettbewerbsfähigkeit von kleinen und mittleren Unternehmen
die printzen GmbH und Nemmer Neudecker Grundstücks GbR,Neuansiedlung,"Neuansiedlung, die printzen GmbH und Nemmer Neudecker Grundstücks GbR IN Amberg , Oberpf",01.06.2015,30.09.2016,5582000,25%*,92289,Ursensollen,001 - Allgemeine produktive Investitionen in kleine und mittlere Unternehmen („KMU“),01 - Nicht rückzahlbare Finanzhilfe,03 - Ländliche Gebiete (dünn besiedelt),07 - Nicht zutreffend,03 - Stärkung der Wettbewerbsfähigkeit von kleinen und mittleren Unternehmen
Dlubal Software GmbH,Markterschließung USA,Vertrieb von Software auf dem amerikanischen Markt.,16.06.2015,15.06.2017,25000,25%*,93464,"Tiefenbach , Oberpf","066 - Fortgeschrittene Unterstützungsdienste für KMU und KMU-Zusammenschlüsse (einschließlich Dienstleistungen für Management, Marketing und Design)",01 - Nicht rückzahlbare Finanzhilfe,04 - Gebiete der makroregionalen Zusammenarbeit,07 - Nicht zutreffend,03 - Stärkung der Wettbewerbsfähigkeit von kleinen und mittleren Unternehmen
Dlubl Software GmbH,Markerschließung Italien,Vertrieb von Software auf dem italienischen Markt.,02.06.2015,01.06.2016,20000,25%*,93464,"Tiefenbach , Oberpf","066 - Fortgeschrittene Unterstützungsdienste für KMU und KMU-Zusammenschlüsse (einschließlich Dienstleistungen für Management, Marketing und Design)",01 - Nicht rückzahlbare Finanzhilfe,04 - Gebiete der makroregionalen Zusammenarbeit,07 - Nicht zutreffend,03 - Stärkung der Wettbewerbsfähigkeit von kleinen und mittleren Unternehmen
Eiscafe Cappuccini Dwyer GmbH und Monika Dwyer,Modernisierung,"Modernisierung, Eiscafe Cappuccini Dwyer GmbH und Monika Dwyer IN Vilshofen , Niederbay",11.11.2015,15.01.2016,372935,25%*,94474,"Vilshofen , Niederbay",001 - Allgemeine produktive Investitionen in kleine und mittlere Unternehmen („KMU“),01 - Nicht rückzahlbare Finanzhilfe,"02 - Kleinstädtische Gebiete (mittlere Bevölkerungsdichte, Bevölkerung > 5 000)",07 - Nicht zutreffend,03 - Stärkung der Wettbewerbsfähigkeit von kleinen und mittleren Unternehmen
Ergo-Tec GmbH,Markterschließung Schweiz,Export medizintechnischer Geräte in das Zielland Schweiz,19.06.2015,18.06.2016,40000,25%*,91489,"Wilhelmsdorf , Mittelfr","066 - Fortgeschrittene Unterstützungsdienste für KMU und KMU-Zusammenschlüsse (einschließlich Dienstleistungen für Management, Marketing und Design)",01 - Nicht rückzahlbare Finanzhilfe,04 - Gebiete der makroregionalen Zusammenarbeit,07 - Nicht zutreffend,03 - Stärkung der Wettbewerbsfähigkeit von kleinen und mittleren Unternehmen
Erich Schweiger Werkzeug- und Formenbau GmbH & Co. KG,Modernisierung und Erweiterung,"Modernisierung und Erweiterung, Erich Schweiger Werkzeug- und Formenbau GmbH & Co. KG IN Uffing a Staffelsee",15.04.2015,15.12.2016,4575000,25%*,82449,Uffing a Staffelsee,001 - Allgemeine produktive Investitionen in kleine und mittlere Unternehmen („KMU“),01 - Nicht rückzahlbare Finanzhilfe,03 - Ländliche Gebiete (dünn besiedelt),07 - Nicht zutreffend,03 - Stärkung der Wettbewerbsfähigkeit von kleinen und mittleren Unternehmen
Faltenbacher Jalousienbau GmbH & Co. KG,Erweiterung,Erweiterung der Firma Faltenbacher Jalousienbau GmbH & Co. KG in Erbendorf durch Neubau eines Produktions- und Verwaltungsgebäudes im Gewerbegebiet mit entsprechenden Maschinen und Einrichtungsgegenständen.,30.07.2015,29.07.2018,6030000,25%*,92681,Erbendorf,001 - Allgemeine produktive Investitionen in kleine und mittlere Unternehmen („KMU“),01 - Nicht rückzahlbare Finanzhilfe,"02 - Kleinstädtische Gebiete (mittlere Bevölkerungsdichte, Bevölkerung > 5 000)",07 - Nicht zutreffend,03 - Stärkung der Wettbewerbsfähigkeit von kleinen und mittleren Unternehmen
Freudenstein OHG,Modernisierung,"Modernisierung, Freudenstein OHG IN Bad Füssing",30.06.2014,30.04.2015,1100000,25%*,94072,Bad Füssing,001 - Allgemeine produktive Investitionen in kleine und mittlere Unternehmen („KMU“),01 - Nicht rückzahlbare Finanzhilfe,04 - Gebiete der makroregionalen Zusammenarbeit,07 - Nicht zutreffend,03 - Stärkung der Wettbewerbsfähigkeit von kleinen und mittleren Unternehmen
Friedrich-Alexander-Universität Erlangen-Nürnberg (Lehrstuhl f. Fertigungsautomatisierung u. Produktionssystematik - FAPS),"MagLab (Magnetfeldmesslabor für die ""Entwicklung automatisierter Systemlösungen zur Prüfung und Charakterisierung magnetischer Materialien, Komponenten und Baugruppen"")","Aufbau eines Kompetenzzentrums durch die Friedrich-Alexander-Universität Erlangen-Nürnberg um kleine und mittlere Unternehmen bei der Untersuchung und Entwicklung von Magnetfeldprüfsystemen, sowie der Fertigung von automatisierten inlinefähigen Prüfprozessen zu unterstützen.",01.05.2015,30.04.2018,1091300,50%*,91054,Erlangen,"062 - Technologietransfer und Zusammenarbeit zwischen Hochschulen und Unternehmen, vor allem zugunsten von KMU",01 - Nicht rückzahlbare Finanzhilfe,04 - Gebiete der makroregionalen Zusammenarbeit,07 - Nicht zutreffend,"01 - Stärkung von Forschung, technologischer Entwicklung und Innovation"
Gottschaller Biohofbäckerei GmbH & Co. KG und Nikodemus Gottschaller,Erweiterung,"Erweiterung, Gottschaller Biohofbäckerei GmbH & Co. KG und Nikodemus Gottschaller IN Malching , Niederbay",22.10.2015,30.10.2017,500000,25%*,94094,"Malching , Niederbay",001 - Allgemeine produktive Investitionen in kleine und mittlere Unternehmen („KMU“),01 - Nicht rückzahlbare Finanzhilfe,04 - Gebiete der makroregionalen Zusammenarbeit,07 - Nicht zutreffend,03 - Stärkung der Wettbewerbsfähigkeit von kleinen und mittleren Unternehmen
Grünwald GmbH und GbR,Erweiterung,"Erweiterung, Grünwald GmbH und GbR IN Luhe-Wildenau",20.08.2015,31.12.2016,2215928,25%*,92706,Luhe-Wildenau,001 - Allgemeine produktive Investitionen in kleine und mittlere Unternehmen („KMU“),01 - Nicht rückzahlbare Finanzhilfe,03 - Ländliche Gebiete (dünn besiedelt),07 - Nicht zutreffend,03 - Stärkung der Wettbewerbsfähigkeit von kleinen und mittleren Unternehmen
"Hermann Reischl, Reischlhof",Modernisierung,"Modernisierung, Reischlhof Hermann Reischl IN Wegscheid , Niederbay",08.07.2015,31.05.2019,10000000,25%*,84323,Massing im Rottal,001 - Allgemeine produktive Investitionen in kleine und mittlere Unternehmen („KMU“),01 - Nicht rückzahlbare Finanzhilfe,04 - Gebiete der makroregionalen Zusammenarbeit,07 - Nicht zutreffend,03 - Stärkung der Wettbewerbsfähigkeit von kleinen und mittleren Unternehmen
Hochschule Aschaffenburg,Open Innovation Lab für Angewandte Lasertechnik und Photonik,"Vor dem Hintergrund zunehmender Nachfrage der Wirtschaft nach innovativen Fertigungstechniken zur Realisierung neuer Produkte und Prozesse stellt Open Innovation Lab Angebote im Bereich ressourceneffizienter, laserbasierter Fertigungstechnologien zur Verfügung.",24.07.2015,31.12.2020,5700388,50%*,63739,Aschaffenburg,"062 - Technologietransfer und Zusammenarbeit zwischen Hochschulen und Unternehmen, vor allem zugunsten von KMU",01 - Nicht rückzahlbare Finanzhilfe,04 - Gebiete der makroregionalen Zusammenarbeit,07 - Nicht zutreffend,"01 - Stärkung von Forschung, technologischer Entwicklung und Innovation"
Hochschule Coburg,"Innovationsterminal für Unternehmen in der ehemaligen nordbayerischen Grenzregion (""InnoTerm"")",Es soll in Zusammenarbeit mit kleinen und mittleren Unternehmen auf dem Gebiet der Sensor- und Aktortechnik eine regionale Plattform für einen kontinuierlichen Technologietransfer eingerichtet werden.,21.12.2015,31.12.2020,4164000,50%*,96450,Coburg,"062 - Technologietransfer und Zusammenarbeit zwischen Hochschulen und Unternehmen, vor allem zugunsten von KMU",01 - Nicht rückzahlbare Finanzhilfe,04 - Gebiete der makroregionalen Zusammenarbeit,07 - Nicht zutreffend,"01 - Stärkung von Forschung, technologischer Entwicklung und Innovation"
"Hochschule für angewandte Wissenschaften Ansbach (HAW Ansbach), Ingenieurwissenschafltiche Fakultät",TZM (Technologie-Transferzentrum für den Mittelstand),"Das Technologie-Transferzentrum für den Mittelstand (TZM) ist ein lehrstuhlübergreifendes Gemeinschaftsprojekt der ingenieurwissen-schaftlichen Fakultät (Studiengänge Energie- und Umweltsystemtechnik, Biomedizinische Technik und Wirtschaftsingenieurswesen) für Westmittelfranken.",01.01.2016,31.12.2020,3300000,50%*,91522,"Ansbach , Mittelfr","062 - Technologietransfer und Zusammenarbeit zwischen Hochschulen und Unternehmen, vor allem zugunsten von KMU",01 - Nicht rückzahlbare Finanzhilfe,04 - Gebiete der makroregionalen Zusammenarbeit,07 - Nicht zutreffend,"01 - Stärkung von Forschung, technologischer Entwicklung und Innovation"
Hochschule für angewandte Wissenschaften Würzburg-Schweinfurt (FHWS),Technologietransfer Hochschule - Mittelstand Mainfranken,"Mit dem Projekt „Technologietransfer Hochschule – Mittelstand Mainfranken” an
der Hochschule Würzburg-Schweinfurt soll über innovative Informations- und
Kommunikationstechnologien die Vernetzung von Wissenschaft und Wirtschaft in
der Region Mainfranken weiterentwickelt werden.",16.10.2015,31.12.2018,414413,50%*,97070,Würzburg,"062 - Technologietransfer und Zusammenarbeit zwischen Hochschulen und Unternehmen, vor allem zugunsten von KMU",01 - Nicht rückzahlbare Finanzhilfe,04 - Gebiete der makroregionalen Zusammenarbeit,07 - Nicht zutreffend,"01 - Stärkung von Forschung, technologischer Entwicklung und Innovation"
Hohenberger Tapeten Manufaktur GmbH,Markterschließung USA,Umsetzung der Markteintrittsstrategie für die USA. Webseite wird an den amerikanischen Makt angepasst um die Podrukte auch an die amerikanischen Kunden zu vertreiben.,23.07.2015,22.07.2016,40000,25%*,95691,Hohenberg a d Eger,"066 - Fortgeschrittene Unterstützungsdienste für KMU und KMU-Zusammenschlüsse (einschließlich Dienstleistungen für Management, Marketing und Design)",01 - Nicht rückzahlbare Finanzhilfe,04 - Gebiete der makroregionalen Zusammenarbeit,07 - Nicht zutreffend,03 - Stärkung der Wettbewerbsfähigkeit von kleinen und mittleren Unternehmen
Hotel Drei Quellen Therme GmbH & Co.KG,Modernisierung,"Modernisierung, Hotel Drei Quellen Therme GmbH & Co.KG IN Griesbach i Rottal",08.09.2015,31.12.2018,1150000,25%*,94086,Griesbach i Rottal,001 - Allgemeine produktive Investitionen in kleine und mittlere Unternehmen („KMU“),01 - Nicht rückzahlbare Finanzhilfe,04 - Gebiete der makroregionalen Zusammenarbeit,07 - Nicht zutreffend,03 - Stärkung der Wettbewerbsfähigkeit von kleinen und mittleren Unternehmen
Hotel Eibl-Brunner KG,Erweiterung,"Erweiterung, Hotel Eibl-Brunner KG IN Frauenau , Bayerischer Wald",23.12.2014,31.12.2016,6635000,25%*,94258,"Frauenau , Bayerischer Wald",001 - Allgemeine produktive Investitionen in kleine und mittlere Unternehmen („KMU“),01 - Nicht rückzahlbare Finanzhilfe,04 - Gebiete der makroregionalen Zusammenarbeit,07 - Nicht zutreffend,03 - Stärkung der Wettbewerbsfähigkeit von kleinen und mittleren Unternehmen
Huber & Ranner GmbH,Rationalisierung,"Rationalisierung, Huber & Ranner GmbH IN Pocking",04.09.2015,31.12.2016,2700000,25%*,94060,Pocking,001 - Allgemeine produktive Investitionen in kleine und mittlere Unternehmen („KMU“),01 - Nicht rückzahlbare Finanzhilfe,04 - Gebiete der makroregionalen Zusammenarbeit,07 - Nicht zutreffend,03 - Stärkung der Wettbewerbsfähigkeit von kleinen und mittleren Unternehmen
Hummelsberger Schlosserei GmbH,Erschließung des Zielmarktes Großbritannien,Markterschließung für Solartank.,10.08.2015,09.08.2016,32550,25%*,84453,Mühldorf a Inn,"066 - Fortgeschrittene Unterstützungsdienste für KMU und KMU-Zusammenschlüsse (einschließlich Dienstleistungen für Management, Marketing und Design)",01 - Nicht rückzahlbare Finanzhilfe,04 - Gebiete der makroregionalen Zusammenarbeit,07 - Nicht zutreffend,03 - Stärkung der Wettbewerbsfähigkeit von kleinen und mittleren Unternehmen
Hummelsberger Schlosserei GmbH,Erschließung des Zielmarktes Italien,Markterschließung für Solartank.,10.08.2015,09.08.2016,38350,25%*,84453,Mühldorf a Inn,"066 - Fortgeschrittene Unterstützungsdienste für KMU und KMU-Zusammenschlüsse (einschließlich Dienstleistungen für Management, Marketing und Design)",01 - Nicht rückzahlbare Finanzhilfe,04 - Gebiete der makroregionalen Zusammenarbeit,07 - Nicht zutreffend,03 - Stärkung der Wettbewerbsfähigkeit von kleinen und mittleren Unternehmen
Hydewa GmbH,Markterschließung Italien,Vertrieb von hygienischen Decken- und Wandsystemen auf dem italienischen Markt.,18.05.2015,17.05.2017,40000,25%*,95466,"Weidenberg , Fichtelgeb","066 - Fortgeschrittene Unterstützungsdienste für KMU und KMU-Zusammenschlüsse (einschließlich Dienstleistungen für Management, Marketing und Design)",01 - Nicht rückzahlbare Finanzhilfe,04 - Gebiete der makroregionalen Zusammenarbeit,07 - Nicht zutreffend,03 - Stärkung der Wettbewerbsfähigkeit von kleinen und mittleren Unternehmen
Josef Allgaier GmbH & Co. KG und Allgaier Kunststoffverarbeitung GmbH & Co. KG,Erweiterung,"Erweiterung, Josef Allgaier GmbH & Co. KG und Allgaier Kunststoffverarbeitung GmbH & Co. KG IN Nesselwang",16.03.2015,30.04.2016,3970000,25%*,87484,Nesselwang,001 - Allgemeine produktive Investitionen in kleine und mittlere Unternehmen („KMU“),01 - Nicht rückzahlbare Finanzhilfe,03 - Ländliche Gebiete (dünn besiedelt),07 - Nicht zutreffend,03 - Stärkung der Wettbewerbsfähigkeit von kleinen und mittleren Unternehmen
Josef Ziegler GmbH,inErweiterung,"inErweiterung, Josef Ziegler GmbH IN Plößberg , Oberpf",03.02.2015,31.12.2015,2200000,25%*,95703,"Plößberg , Oberpf",001 - Allgemeine produktive Investitionen in kleine und mittlere Unternehmen („KMU“),01 - Nicht rückzahlbare Finanzhilfe,03 - Ländliche Gebiete (dünn besiedelt),07 - Nicht zutreffend,03 - Stärkung der Wettbewerbsfähigkeit von kleinen und mittleren Unternehmen
Lang Cajetan GmbH & Co. KG,Rationalisierung,"Rationalisierung, Lang Cajetan GmbH & Co. KG IN Eggenfelden",14.07.2014,31.12.2015,"880879,34",25%*,84307,Eggenfelden,001 - Allgemeine produktive Investitionen in kleine und mittlere Unternehmen („KMU“),01 - Nicht rückzahlbare Finanzhilfe,04 - Gebiete der makroregionalen Zusammenarbeit,07 - Nicht zutreffend,03 - Stärkung der Wettbewerbsfähigkeit von kleinen und mittleren Unternehmen
LCTech Ges. für Chromatographie und Automatisierung mbH,Erweiterung,"Erweiterung, LCTech Ges. für Chromatographie und Automatisierung mbH IN Dorfen , Stadt",11.08.2015,31.03.2017,4609100,25%*,84419,Obertaufkirchen ,001 - Allgemeine produktive Investitionen in kleine und mittlere Unternehmen („KMU“),01 - Nicht rückzahlbare Finanzhilfe,03 - Ländliche Gebiete (dünn besiedelt),07 - Nicht zutreffend,03 - Stärkung der Wettbewerbsfähigkeit von kleinen und mittleren Unternehmen
Lemonstorm GmbH,Markterschliessung Frankreich,Internationale Online-Shops innerhalb der EU.,14.07.2015,13.07.2016,66667,25%*,90429,Nürnberg,"066 - Fortgeschrittene Unterstützungsdienste für KMU und KMU-Zusammenschlüsse (einschließlich Dienstleistungen für Management, Marketing und Design)",01 - Nicht rückzahlbare Finanzhilfe,04 - Gebiete der makroregionalen Zusammenarbeit,07 - Nicht zutreffend,03 - Stärkung der Wettbewerbsfähigkeit von kleinen und mittleren Unternehmen
LfA Förderbank Bayern - Bayern Kapital,Bayern Kapital Innovationsfonds EFRE,"Die Fondsmittel des Bayern Kapital Innovationsfonds EFRE sollen vorrangig in innovative, technologieorientierter KMU in den Schwerpunktfeldern gemäß der regionalen Innovationsstrategie für Bayern in der Seed- und Start-up-Phase investiert werden.",01.10.2015,31.12.2023,20000000,25%*,,,001 - Allgemeine produktive Investitionen in kleine und mittlere Unternehmen („KMU“),"03 - Unterstützung durch Finanzinstrumente: Risikokapital, Beteiligungskapital oder Gleichwertiges",03 - Ländliche Gebiete (dünn besiedelt),07 - Nicht zutreffend,03 - Stärkung der Wettbewerbsfähigkeit von kleinen und mittleren Unternehmen
Maintal Konfitüren GmbH,Markterschließung Spanien,"Markterschließung Spanien inkl. Marktstudien, Beratungen, Adressrecherchen und Messeteilnahme.",29.07.2015,27.08.2016,29550,25%*,97437,Haßfurt,"066 - Fortgeschrittene Unterstützungsdienste für KMU und KMU-Zusammenschlüsse (einschließlich Dienstleistungen für Management, Marketing und Design)",01 - Nicht rückzahlbare Finanzhilfe,04 - Gebiete der makroregionalen Zusammenarbeit,07 - Nicht zutreffend,03 - Stärkung der Wettbewerbsfähigkeit von kleinen und mittleren Unternehmen
MARAWE GmbH & Co. KG,Markterschließung Schweiz,"Vertrieb der Produkte aus dem Bereich der Galvanotechnik, der Veredelung von Oberflächen sowie der Analytik von Edelmetallen auf dem schweizer Markt.",18.12.2015,17.12.2016,37000,25%*,93055,Regensburg,"066 - Fortgeschrittene Unterstützungsdienste für KMU und KMU-Zusammenschlüsse (einschließlich Dienstleistungen für Management, Marketing und Design)",01 - Nicht rückzahlbare Finanzhilfe,04 - Gebiete der makroregionalen Zusammenarbeit,07 - Nicht zutreffend,03 - Stärkung der Wettbewerbsfähigkeit von kleinen und mittleren Unternehmen
Markt Eschlkam,Errichtung des „Mehr-Blick-Hauses“ im Markt Eschlkam,Errichtung des „Mehr-Blick-Hauses“ im Markt Eschlkam mit einer neuen Tourist-Info und einem Veranstaltungssaal für Gäste in Eschlkam und der Umgebung,02.07.2015,31.12.2016,"108986,76",25%*,93458,Eschlkam,"092 - Schutz, Entwicklung und Förderung öffentlicher touristischer Ressourcen",01 - Nicht rückzahlbare Finanzhilfe,03 - Ländliche Gebiete (dünn besiedelt),07 - Nicht zutreffend,03 - Stärkung der Wettbewerbsfähigkeit von kleinen und mittleren Unternehmen
Mikro Präzision GmbH und Albert Schwarzfischer,Erweiterung,"Erweiterung, Mikro Präzision GmbH und Albert Schwarzfischer IN Roding , Regen",16.02.2015,31.12.2017,2050000,25%*,93426,"Roding , Regen",001 - Allgemeine produktive Investitionen in kleine und mittlere Unternehmen („KMU“),01 - Nicht rückzahlbare Finanzhilfe,04 - Gebiete der makroregionalen Zusammenarbeit,07 - Nicht zutreffend,03 - Stärkung der Wettbewerbsfähigkeit von kleinen und mittleren Unternehmen
MK-Tools-Service GmbH,Erweiterung,"Erweiterung, MK-Tools-Service GmbH IN Hauzenberg , Niederbayern",21.05.2015,19.06.2018,4114000,25%*,94051,"Hauzenberg , Niederbay",001 - Allgemeine produktive Investitionen in kleine und mittlere Unternehmen („KMU“),01 - Nicht rückzahlbare Finanzhilfe,04 - Gebiete der makroregionalen Zusammenarbeit,07 - Nicht zutreffend,03 - Stärkung der Wettbewerbsfähigkeit von kleinen und mittleren Unternehmen
Neue Materialien Bayreuth GmbH,Institutionelle Förderung der Neue Materialien Bayreuth GmbH,Förderung der Neue Materialien Bayreuth GmbH,01.01.2016,31.12.2016,2500000,50%*,95448,Bayreuth,058 - Forschungs- und Innovationsinfrastruktur (öffentlich),01 - Nicht rückzahlbare Finanzhilfe,"01 - Städtische Ballungsgebiete (dicht besiedelt, Bevölkerung > 50 000)",07 - Nicht zutreffend,"01 - Stärkung von Forschung, technologischer Entwicklung und Innovation"
Oberhaizinger GmbH und Oberhaizinger Immobilien GmbH & Co. KG,Verlagerung,"Verlagerung, Oberhaizinger GmbH und Oberhaizinger Immobilien GmbH & Co. KG IN Marktl , Inn",19.08.2013,31.12.2018,4004300,25%*,84387,"Julbach , Niederbay",001 - Allgemeine produktive Investitionen in kleine und mittlere Unternehmen („KMU“),01 - Nicht rückzahlbare Finanzhilfe,04 - Gebiete der makroregionalen Zusammenarbeit,07 - Nicht zutreffend,03 - Stärkung der Wettbewerbsfähigkeit von kleinen und mittleren Unternehmen
"Oberste Baubehörde im Bayer. Staatsministerium des Innern, für Bau und Verkehr, vertreten durch das Staatliche Bauamt Würzburg","Energetische Sanierung des Staatlichen Bauamtes Würzburg, Dienstgebäude Weißenburgstr. 6","Energetische Sanierung des Staatlichen Bauamtes Würzburg, Dienstgebäude Weißenburgstr. 6; Fassaden- und Dachsanierung sowie Austausch der Heizungsregelung",18.06.2015,31.12.2018,5595000,50%*,97082,Würzburg,"013 - Energieeffiziente Renovierung öffentlicher Infrastrukturen, Demonstrationsprojekte und Begleitmaßnahmen",01 - Nicht rückzahlbare Finanzhilfe,"01 - Städtische Ballungsgebiete (dicht besiedelt, Bevölkerung > 50 000)",07 - Nicht zutreffend,04 - Förderung der Bestrebungen zur Verringerung der CO2-Emissionen in allen Branchen der Wirtschaft
Oskar Müller GmbH & Co. KG (Betr.ges.) und HHSG Müller GbR (Bes.fa.),Rationalisierung,"Rationalisierung, Oskar Müller GmbH & Co. KG (Betr.ges.) und HHSG Müller GbR (Bes.fa.) IN Hauzenberg , Niederbayern",02.12.2014,31.12.2015,2000000,25%*,94051,"Hauzenberg , Niederbay",001 - Allgemeine produktive Investitionen in kleine und mittlere Unternehmen („KMU“),01 - Nicht rückzahlbare Finanzhilfe,04 - Gebiete der makroregionalen Zusammenarbeit,07 - Nicht zutreffend,03 - Stärkung der Wettbewerbsfähigkeit von kleinen und mittleren Unternehmen
"Quadrus Metalltechnik GmbH, Gsödl und Prüfling GmbH",Modernisierung und Erweiterung,"Modernisierung und Erweiterung, Quadrus Metalltechnik GmbH ( Betr.fa.) und Gsödl und Prüfling GmbH (Besitzfa.) IN Schmidgaden",03.12.2014,31.12.2016,10374000,25%*,92546,Schmidgaden,001 - Allgemeine produktive Investitionen in kleine und mittlere Unternehmen („KMU“),01 - Nicht rückzahlbare Finanzhilfe,03 - Ländliche Gebiete (dünn besiedelt),07 - Nicht zutreffend,03 - Stärkung der Wettbewerbsfähigkeit von kleinen und mittleren Unternehmen
Richstein e.K. Hotel zur Post,Modernisierung,"Modernisierung, Richstein e.K. Hotel zur Post IN Bad Füssing",06.08.2015,10.11.2016,1195000,25%*,94072,Bad Füssing,001 - Allgemeine produktive Investitionen in kleine und mittlere Unternehmen („KMU“),01 - Nicht rückzahlbare Finanzhilfe,04 - Gebiete der makroregionalen Zusammenarbeit,07 - Nicht zutreffend,03 - Stärkung der Wettbewerbsfähigkeit von kleinen und mittleren Unternehmen
Rita Witt,Errichtung eines Hotels,Errichtung eines Hotels durch Frau Witt in Weihermammer,15.03.2015,15.04.2016,2000000,25%*,92729,Weiherhammer,001 - Allgemeine produktive Investitionen in kleine und mittlere Unternehmen („KMU“),01 - Nicht rückzahlbare Finanzhilfe,03 - Ländliche Gebiete (dünn besiedelt),07 - Nicht zutreffend,03 - Stärkung der Wettbewerbsfähigkeit von kleinen und mittleren Unternehmen
Rofitec Maschinen- und Anlagenbau (Betriebsges.) und ALBATEC Immobilien GmbH (Besitzges.),Erweiterung,"Erweiterung, Rofitec Maschinen- und Anlagenbau (Betriebsges.) und ALBATEC Immobilien GmbH (Besitzges.) IN Störnstein",15.12.2014,14.12.2017,3800000,25%*,92721,Störnstein,001 - Allgemeine produktive Investitionen in kleine und mittlere Unternehmen („KMU“),01 - Nicht rückzahlbare Finanzhilfe,03 - Ländliche Gebiete (dünn besiedelt),07 - Nicht zutreffend,03 - Stärkung der Wettbewerbsfähigkeit von kleinen und mittleren Unternehmen
Schera GmbH /Schellenberger Immobilien GmbH,Verlagerung,"Verlagerung, Schera GmbH /Schellenberger Immobilien GmbH IN Wörth a Main",03.09.2015,01.04.2017,5426392,25%*,63868,Großwallstadt,001 - Allgemeine produktive Investitionen in kleine und mittlere Unternehmen („KMU“),01 - Nicht rückzahlbare Finanzhilfe,03 - Ländliche Gebiete (dünn besiedelt),07 - Nicht zutreffend,03 - Stärkung der Wettbewerbsfähigkeit von kleinen und mittleren Unternehmen
Schreinerhof Betriebs GmbH und G. Schon UG & Co. Besitz KG,Erweiterung,"Erweiterung, Schreinerhof Betriebs GmbH und G. Schon UG & Co. Besitz KG IN Schönberg , Niederbay",21.05.2015,28.02.2019,18300000,25%*,94513,"Schönberg , Niederbay",001 - Allgemeine produktive Investitionen in kleine und mittlere Unternehmen („KMU“),01 - Nicht rückzahlbare Finanzhilfe,04 - Gebiete der makroregionalen Zusammenarbeit,07 - Nicht zutreffend,03 - Stärkung der Wettbewerbsfähigkeit von kleinen und mittleren Unternehmen
S-Refit AG,EFRE-Projekt 2014 C,"Mit dem EFRE-Projekt 2014 C soll die S-Refit geeignete bayerische KMU mit Eigenkapital versorgen und so das weitere Wachstum dieser KMU unterstützen. Die Projektmittel sollen dabei vorrangig in innovative KMU in der Start-up und Expansionsphase, insbes. im EFRE-Schwerpunktgebiet, investiert werden.",01.04.2015,31.12.2023,15000000,25%*,,,001 - Allgemeine produktive Investitionen in kleine und mittlere Unternehmen („KMU“),"03 - Unterstützung durch Finanzinstrumente: Risikokapital, Beteiligungskapital oder Gleichwertiges",03 - Ländliche Gebiete (dünn besiedelt),07 - Nicht zutreffend,03 - Stärkung der Wettbewerbsfähigkeit von kleinen und mittleren Unternehmen
Stadt Bad Kötzting,Neueinrichtung der Tourist-Info mit Kur- und Gästeservice in Bad Kötzting,"Die Tourist-Information der Stadt Bad Kötzting, die derzeit in der Herrenstraße 10 untergebracht ist, wird in das neu entstehenden „Prophylaxe-Zentrum“ umziehen und vollkommen neu eingerichtet.",31.07.2015,30.09.2016,75075,25%*,93444,Kötzting,"092 - Schutz, Entwicklung und Förderung öffentlicher touristischer Ressourcen",01 - Nicht rückzahlbare Finanzhilfe,"02 - Kleinstädtische Gebiete (mittlere Bevölkerungsdichte, Bevölkerung > 5 000)",07 - Nicht zutreffend,03 - Stärkung der Wettbewerbsfähigkeit von kleinen und mittleren Unternehmen
Stadt Bayreuth,Landesgartenschau Bayreuth 201^6,Förderung von Grün- und Erholungsanlagen aus Anlass der Landesgartenschau in Bayreuth 2016,13.05.2013,31.10.2016,7200000,50%*,95444,Bayreuth,"085 - Schutz und Verbesserung der biologischen Vielfalt, des Naturschutzes und grüner Infrastrukturen",01 - Nicht rückzahlbare Finanzhilfe,"01 - Städtische Ballungsgebiete (dicht besiedelt, Bevölkerung > 50 000)",05 - Sonstige integrierte Ansätze für nachhaltige städtische/ländliche Entwicklung,06 - Erhaltung und Schutz der Umwelt sowie Förderung der Ressourceneffizienz
Stadt Bayreuth,Tierpark Röhrensee,Naherholungsgebiet Tierpark Röhrensee - Grün- und Erholungsanlage,20.10.2015,31.12.2016,140000,50%*,95444,Bayreuth,"085 - Schutz und Verbesserung der biologischen Vielfalt, des Naturschutzes und grüner Infrastrukturen",01 - Nicht rückzahlbare Finanzhilfe,"01 - Städtische Ballungsgebiete (dicht besiedelt, Bevölkerung > 50 000)",05 - Sonstige integrierte Ansätze für nachhaltige städtische/ländliche Entwicklung,06 - Erhaltung und Schutz der Umwelt sowie Förderung der Ressourceneffizienz
Stela Laxhuber GmbH und I-Lax GmbH (Dienstleistungen),Erweiterung,"Erweiterung, Stela Laxhuber GmbH und I-Lax GmbH (Dienstleistungen) IN Massing im Rottal",10.12.2013,28.02.2016,22184940,25%*,84323,Massing im Rottal,001 - Allgemeine produktive Investitionen in kleine und mittlere Unternehmen („KMU“),01 - Nicht rückzahlbare Finanzhilfe,04 - Gebiete der makroregionalen Zusammenarbeit,07 - Nicht zutreffend,03 - Stärkung der Wettbewerbsfähigkeit von kleinen und mittleren Unternehmen
Universität Bayreuth,Glas-Technologie-Allianz Oberfranken-Ostbayern,"Das Projekt zielt darauf ab, mit Industriepartnern, die entlang der gesamten Prozesskette der Glasproduktion angesiedelt sind, durch Technologietransfer in den Querschnittsthemen ""Effiziente Produktionstechnologien - Green factory"" und ""Clean technology"" Innovationen zu erzielen.",01.03.2016,29.02.2020,5328585,50%*,95447,Bayreuth,"062 - Technologietransfer und Zusammenarbeit zwischen Hochschulen und Unternehmen, vor allem zugunsten von KMU",01 - Nicht rückzahlbare Finanzhilfe,04 - Gebiete der makroregionalen Zusammenarbeit,07 - Nicht zutreffend,"01 - Stärkung von Forschung, technologischer Entwicklung und Innovation"
Universität Bayreuth,Oberfranken 4.0,"Durch das Projekt sollen oberfränkische KMUs befähigt werden, Industrie 4.0-Technologien kennenzulernen, effizient einzuführen und nachhaltig zu nutzen. Der Schwerpunkt liegt auf den Technologiefeldern Produktionsverfahren, Produkte und Dienstleistungen.",01.04.2016,31.03.2020,3998880,50%*,95447,Bayreuth,"062 - Technologietransfer und Zusammenarbeit zwischen Hochschulen und Unternehmen, vor allem zugunsten von KMU",01 - Nicht rückzahlbare Finanzhilfe,04 - Gebiete der makroregionalen Zusammenarbeit,07 - Nicht zutreffend,"01 - Stärkung von Forschung, technologischer Entwicklung und Innovation"
Universität Würzburg,ASMET - Autonomes Sensornetzwerk zur Detektion und Beobachtung von Meteoren,"Sensoren-Netzwerk mit real time-Alarmfunktion und sicherer, multipler
Datenübertragung wird immer wichtiger für Industrie 4.0 und Digitalisierung, also in
Bereichen, in denen eine Daten-Hochverfügbarkeit für Automation sowie Produktions- und
Gebäudesicherheit verlangt wird.",03.12.2015,31.12.2018,463090,50%*,97074,Würzburg,"062 - Technologietransfer und Zusammenarbeit zwischen Hochschulen und Unternehmen, vor allem zugunsten von KMU",01 - Nicht rückzahlbare Finanzhilfe,04 - Gebiete der makroregionalen Zusammenarbeit,07 - Nicht zutreffend,"01 - Stärkung von Forschung, technologischer Entwicklung und Innovation"
Universität Würzburg,Bienen Komplex HOBOS,Erfassung von Vitalwerten hochkomplex organisierter Systeme mit Schwerpunkt Bienenvölker: BIENEN-KOMPLEX,09.12.2015,31.12.2019,2507990,50%*,97074,Würzburg,"062 - Technologietransfer und Zusammenarbeit zwischen Hochschulen und Unternehmen, vor allem zugunsten von KMU",01 - Nicht rückzahlbare Finanzhilfe,04 - Gebiete der makroregionalen Zusammenarbeit,07 - Nicht zutreffend,"01 - Stärkung von Forschung, technologischer Entwicklung und Innovation"
Universität Würzburg,Zentrum für Bewegungsforschung,Einrichtung eines Zentrums für Bewegungsforschung da allen KMU als Kooperationspartner offensteht.,17.12.2015,30.06.2019,3051300,50%*,97074,Würzburg,"062 - Technologietransfer und Zusammenarbeit zwischen Hochschulen und Unternehmen, vor allem zugunsten von KMU",01 - Nicht rückzahlbare Finanzhilfe,04 - Gebiete der makroregionalen Zusammenarbeit,07 - Nicht zutreffend,"01 - Stärkung von Forschung, technologischer Entwicklung und Innovation"
ViscoTec Pumpen- u. Dosiertechnik GmbH,Markterschließung Indien,Premium-Inserate auf B2B Online Plattformen zur Generierung von Neukundenanfragen.,05.10.2015,04.10.2016,"4149,52",25%*,84513,Töging a Inn,"066 - Fortgeschrittene Unterstützungsdienste für KMU und KMU-Zusammenschlüsse (einschließlich Dienstleistungen für Management, Marketing und Design)",01 - Nicht rückzahlbare Finanzhilfe,04 - Gebiete der makroregionalen Zusammenarbeit,07 - Nicht zutreffend,03 - Stärkung der Wettbewerbsfähigkeit von kleinen und mittleren Unternehmen
ViscoTec Pumpen und Dosierungstechnik GmbH,Markterschließung Malaysia,Premium-Inserate auf B2B Online-Plattformen zur Generierung von Neukundenanfragen.,05.10.2015,04.10.2016,"5292,14",25%*,84513,Töging a Inn,"066 - Fortgeschrittene Unterstützungsdienste für KMU und KMU-Zusammenschlüsse (einschließlich Dienstleistungen für Management, Marketing und Design)",01 - Nicht rückzahlbare Finanzhilfe,04 - Gebiete der makroregionalen Zusammenarbeit,07 - Nicht zutreffend,03 - Stärkung der Wettbewerbsfähigkeit von kleinen und mittleren Unternehmen
VR Equitypartner GmbH,EFRE-Projekt 2014 A,"Mit dem EFRE-Projekt 2014 A soll die VREP geeignete bayerische KMU mit Eigenkapital versorgen und so das weitere Wachstum dieser KMU unterstützen. Die Projektmittel sollen dabei vorrangig in relativ junge, innovative KMU, insbes. im EFRE-Schwerpunktgebiet, investiert werden.",01.04.2015,31.12.2023,15000000,25%*,,,001 - Allgemeine produktive Investitionen in kleine und mittlere Unternehmen („KMU“),"03 - Unterstützung durch Finanzinstrumente: Risikokapital, Beteiligungskapital oder Gleichwertiges",03 - Ländliche Gebiete (dünn besiedelt),07 - Nicht zutreffend,03 - Stärkung der Wettbewerbsfähigkeit von kleinen und mittleren Unternehmen
WeButex Kunststoffbearbeitung GmbH,Erweiterung,"Erweiterung, WeButex Kunststoffbearbeitung GmbH in Roding , Regen",01.01.2015,31.03.2017,2072725,25%*,93426,"Roding , Regen",001 - Allgemeine produktive Investitionen in kleine und mittlere Unternehmen („KMU“),01 - Nicht rückzahlbare Finanzhilfe,"02 - Kleinstädtische Gebiete (mittlere Bevölkerungsdichte, Bevölkerung > 5 000)",07 - Nicht zutreffend,03 - Stärkung der Wettbewerbsfähigkeit von kleinen und mittleren Unternehmen
