Name der Begünstigten,Vorhaben,Jahr der Bewilligung,Jahr der Restzahlung,Gewährte Beträge (insgesamt),Bei Abschluss des Vorhabens gezahlte Gesamtbeträge
"Abwasserzweckverband Illtal (AVI), Illingen",Einführung eines Umwelt- Managementsystems,2010,,"5.696,05 €","5.677,64 €"
"Ackermann + Hertel GbR, Ackermann + Hertel GmbH, A + H Laserschneidtechnik GmbH, St. Ingbert",Erweiterung der Betriebsstätte in 66386 St. Ingbert,2011,2013,"465.138,00 €","465.138,00 €"
"Adolf Peiffer GmbH, Freisen",Beschäftigung eines Forschungsmitarbeiters,2009,,"12.750,00 €","12.750,00 €"
"Advanced Medical Technologies AG, Nonnweiler","Technische Durchführbarkeitsstudie zur Erforschung und Entwicklung eines bewe- gungserhaltenden, minimal-invasiven Implan- tat-Systems für die Indikationen der lumbalen Wirbelsäule",2010,,"77.350,00 €","62.580,29 €"
"Advanced Medical Technologies AG, Nonnweiler","Erlangung gewerblicher Schutzrechte für Komponenten eines bewegungserhaltenden, minimal-invasiven Implantat-Systems für die Indikationen der lumbalen Wirbelsäule",2011,,"50.000,00 €",
"AGILOS GmbH, Sulzbach",Externe Antragsredaktion für Antragstellung im ZIM-Programm des Bundes,2009,,"10.000,00 €","7.971,75 €"
"Alarmtechnik Norbert Theis GmbH & Co. KG, Friedrichsthal",Entwicklung einer impulsgesteuerten Türver- riegelung mit Funkanbindung an eine Ein- bruchmeldeanlage,2011,,"166.363,00 €","158.488,35 €"
"Albert Heib GmbH, St. Ingbert",Einführung eines Umwelt- Managementsystems,2011,,"4.145,05 €","4.108,65 €"
"Alfred Becker GmbH, Saarbrücken",Entwicklung eines gruppenweiten Kunden- beziehungsmanagementsystems und Con- trollingportals (Becker Management System- BMS),2008,,"118.968,00 €","118.484,56 €"
"Alfred Becker GmbH, Saarbrücken",Technische Durchführbarkeitsstudie im Vorfeld der geplanten Entwicklung eines Luftreinigungsgerätes auf Basis der Photoka- talyse (Clean Air Photokatalyse),2009,,"54.695,00 €","41.600,31 €"
"Alfred Becker GmbH, Becker Gruppe, Saarbrücken",Beschäftigung eines Forschungsmitarbeiters,2011,,"18.000,00 €","18.000,00 €"
"Allard GmbH, St. Ingbert","Diversifizierung der Produktion der Betriebs- stätte in neue, zusätzliche Produkte",2011,2012,"26.517,00 €","26.517,00 €"
"Anette+GottfriedHares Grundstücksgesellschaft BostalseealsMitunter- nehmerderGolfpark BostalseeGmbH,Hei- dehof 3, 66625 Nohfel- den",Neubau eines Clubheims und Umbau beste- hender Gebäude am Golfpark Bostalsee,2014,,"420.312,50 €",
"A. Müller GmbH, Nonnweiler",Beschäftigung eines Forschungsmitarbeiters,2011,,"15.499,98 €","15.499,98 €"
"Arbeitskammer des Saarlandes, Saarbrücken",Errichtung einer Pellets-Kesselanlage und einer Solaranlage im Bildungszentrum der Arbeitskammer in Kirkel,2009,,"89.001,87 €","85.704,09 €"
"ARGUS concept GmbH, Saarbrücken",Beschäftigung eines Forschungsmitarbeiters,2009,,"15.600,00 €","15.600,00 €"
"ARGUS concept GmbH, Saarbrücken",Beschäftigung eines Forschungsmitarbeiters,2011,,"15.600,00 €",
"Arnold Bedachungen GmbH, Schmelz",Revalidierung des Umwelt- Managementsystems,2009,,"1.000,00 €","1.000,00 €"
"Arnold Dach und Solar GmbH, Schmelz",Einführung eines Umwelt- Managementsystems,2011,,"1.722,00 €",
"Arnold Dach und Solar GmbH, Schmelz",Einführung EMAS,2014,,"1.440,53 €",
"AS Feinmechanik GmbH, Heusweiler",Erweiterung der Betriebsstätte in 66265 Heusweiler,2011,2014,"196.534,00 €","196.534,00 €"
"ASMC GmbH, HBDD GmbH & Co. KG, Saarbrücken",Erweiterung der Betriebsstätte in 66578 Schiffweiler,2010,2012,"260.000,00 €","260.000,00 €"
Backes & Müller GmbH,EntwicklunSgsprojekt zeitrichtige Audioda- tenübertragung,2013,,"89.347,00 €",
"BahnLog Bahnlogistik und Service GmbH, St. Ingbert",Einführung eines Umwelt- Managementsystems,2012,,"16.948,75 €",
"BBL cranes GmbH, Friedrichsthal",Entwicklung eines montage- und transport- freundlichen Turmkrans mit energieeffizienter Antriebstechnik,2012,,"216.237,00 €","200.652,36 €"
"b. burgard Gips Stuck Verputz und Trocken- ausbau GmbH, Homburg",Einführung eines Umwelt- Managementsystems,2009,,"4.129,12 €","3.887,98 €"
"Benediktinerabtei St. Mauritius Tholey e. V., Tholey","Schaffung zusätzlicher Gästezimmer (Dach- geschoss) und Einrichtung von Seminarräu- men (Obergeschoss) im Kapitelsaalgebäude sowie Erweiterung des Gästehauses St. Lioba um einen Anbau (Schaffung zusätzli- cher Gastronomie- und Seminarräume, Empfangsbereich)",2010,2013,"525.000,00 €","525.000,00 €"
Bernhard & Reiner GmbH,Einführung EMAS,2013,,"4.195,10 €","4.195,10 €"
"Berthold Kunrath GmbH, 66636 Tholey",Erweiterung der Betriebsstätte,2014,,"97.101,00 €","97.101,00 €"
"BioKryo GmbH, Sulzbach",Beschäftigung eines Forschungsmitarbeiter,2013,,"19.200,00 €","19.200,00 €"
"BK Stanz- und Umform- technik GmbH, Tholey","Diversifizierung der Produktion der Betriebs- stätte in neue, zusätzliche Produkte",2012,2014,"135.838,00 €","135.838,00 €"
"Blass und Ziegler GmbH, Besitzgesell- schaft Blass und Ziegler GbR, Saarbrücken",Erweiterung der Betriebsstätte in 66115 Saarbrücken,2012,2014,"47.503,20 €","47.503,20 €"
"Bodtländer GmbH Dachdeckerei, Schwalbach",Einführung eines Umwelt- Managementsystems,2009,,"5.303,00 €","3.471,65 €"
"Bodtländer GmbH Dachdeckerei, Schwalbach",Revalisierung des Umwelt- Managementsystems,2012,,"1.697,00 €","1.531,75 €"
"Braun CarTec GmbH, B & B Holding GmbH, B & B Beteiligungsgesell- schaft mbH, Schwalbach",Erweiterung der Betriebsstätte in 66773 Schwalbach,2012,2014,"347.884,00 €","347.884,00 €"
"Braun CarTec GmbH, B & B Holding GmbH, B & B Beteiligungsgesell- schaft mbH, Schwalbach",Einführung EMAS,2014,,"7.411,95 €","7.411,95 €"
"Braun + Klein Siebdruck Vertriebs GmbH, Saarbrücken",Erweiterung der Betriebsstätte in 66131 Saarbrücken,2010,2013,"200.000,00 €","200.000,00 €"
"Braun + Klein Siebdruck Vertriebs GmbH, Saarbrücken","Diversifizierung der Produktion der Betriebs- stätte in neue, zusätzliche Produkte",2013,2015,"100.883,00 €","100.883,00 €"
"BSB Industrieservice GmbH, Völklingen",Einführung eines Umwelt- Managementsystems,2011,,"5.105,10 €","4.638,72 €"
"BSW Zerspanungs- werkzeuge GmbH, Saarwellingen",Erweiterung der Betriebsstätte in 66793 Saarwellingen,2012,2013,"262.500,00 €","262.500,00 €"
"Buchholz Fachinforma- tionsdienst GmbH, Bexbach",Erweiterung der Betriebsstätte in 66450 Bexbach,2010,2014,"358.524,00 €","358.524,00 €"
"Buchholz Fachinforma- tionsdienst GmbH, Bexbach",Entwicklung des Fachinformationssystems bfd-online,2010,,"250.000,00 €","250.000,00 €"
"Burger Pumpen GmbH, Spiesen-Elversberg",Revalisierung des Umwelt- Managementsystems,2009,,"1.114,75 €","1.114,75 €"
Car i.t.a. GmbH & Co. KG,Entwicklung eines neuen Herstellungsverfah- ren,2013,,"182.203,00 €",
"Centigrade GmbH, Saarbrücken",Beschäftigung eines Forschungsmitarbeiters,2008,,"19.200,00 €","19.200,00 €"
"CNC Zerspanung Nicole Sicks GmbH, Nicole Sicks Besitzunterneh- men, Marpingen",Erweiterung der Betriebsstätte in 66646 Marpingen,2011,2014,"143.268,00 €","143.268,00 €"
"Consistec Engineering & Consulting GmbH, Saarbrücken",Beschäftigung eines Forschungsmitarbeiters,2011,,"18.765,00 €","18.642,42 €"
"Consistec Engineering & Consulting GmbH, Saarbrücken",Entwicklung einer plattformunabhängigen Synchronisierungsbibliothek für SQL- Datenbank (SYNC-BIB),2012,,"66.793,00 €","66.774,24 €"
"Consistec Engineering & Consulting GmbH, Saarbrücken",Entwicklungsprojekt SUCH,2013,,"181.468,23 €",
"creaTable Por- zellanHaus GmbH, Kleinblittersdorf","Diversifizierung der Produktion der Betriebs- stätte in neue, zusätzliche Produkte in 66271 Kleinblittersdorf",2012,2013,"242.875,00 €","242.875,00 €"
"Dacos Software GmbH, Saarbrücken",Entwicklung Preiscockpit 2010,2010,,"250.000,00 €","227.268,91 €"
"Data One GmbH, Saarbrücken",Beschäftigung von drei Forschungsmitarbei- tern,2009,,"50.400,00 €","50.400,00 €"
"Data One GmbH, Saarbrücken",Erweiterung der Betriebsstätte in 66115 Saarbrücken,2011,2014,"35.536,00 €","35.536,00 €"
"Deuba e. K. Jörg Deutschbauer, Merzig",Errichtung einer weiteren Betriebsstätte in 66679 Losheim,2009,2011,"400.000,00 €","400.000,00 €"
"Deutsches Forschungs- zentrum für Künstliche Intelligenz GmbH (DFKI), Kaiserslautern",Errichtung eines Erweiterungsbaus – III. Bauabschnitt (Riegelschluss) – für das Deut- sche Forschungszentrum für Künstliche Intelligenz (DFKI) in Saarbrücken,2009,,"2.244.750,00 €",
"Deutsches Forschungs- zentrum für Künstliche Intelligenz GmbH (DFKI), Centre for e- Learning Technology der DFKI GmbH, Saarbrücken",„CROMEX – CrossMedia E-Examination“ (in Kooperation mit der O.E.M GmbH),2011,,"337.554,00 €",
"Deutsches Forschungs- zentrum für Künstliche Intelligenz GmbH (DFKI), Centre for e- Learning Technology der DFKI GmbH, Saarbrücken",Entwicklung einer portablen Applikation für innovatives Lernen und Kollaboration im Klassenzimmer in 66123/66115 Saarbrücken (in Kooperation mit der imc information mul- timedia communication AG),2012,,"105.219,00 €",
"Deutsches Forschungs- zentrum für Künstliche Intelligenz GmbH (DFKI), Centre for e- Learning Technology der DFKI GmbH, Saarbrücken",Entwicklungsprojekt SUCH,2013,,"303.890,84 €",
"Deutsch-Französische Begegnungsstätte Schaumberg GmbH, Tholey",Touristische Inwertsetzung des Schaumberg- turmes und des Schaumbergplateaus in der Gemeinde Tholey,2010,2014,"2.721.919,83 €",
"Deutsch-Französische Begegnungsstätte Schaumberg GmbH, Tholey",Touristische Inwertsetzung des Schaumberg- turmes und des Schaumbergplateaus in der Gemeinde Tholey,2013,,"763.194,43 €",
"DeVeTec GmbH, Saarbrücken",Beschäftigung eines Forschungsmitarbeiters,2009,,"19.200,00 €","19.200,00 €"
"DKT Thielgen GmbH, Lebach",Beschäftigung eines Forschungsmitarbeiters,2008,,"19.200,00 €","9.600,00 €"
"Do it 4 you, Die Ideenwerkstatt, Kleinblittersdorf",Einführung eines Umwelt- Managementsystems,2009,,"11.124,75 €","11.124,75 €"
"DRS Innomis AG, Saarbrücken",Beschäftigung eines Innovationsassistenten,2008,,"18.000,00 €","18.000,00 €"
"DRS Innomis AG, Saarbrücken",Weiterentwicklung bzw. Erweiterung der Innomis Systemplattform,2009,,"182.000,00 €","181.882,25 €"
"DRS Consulting & Services AG, Saarbrücken",Entwicklungsvorhaben DRS Dataspace,2011,,"93.706,00 €",
"D & W Profilblechbau GmbH, Spiesen-Elversberg",Erweiterung der Betriebsstätte in 66583 Spiesen-Elversberg,2011,2013,"93.126,00 €","93.126,00 €"
"Egon Simon GmbH, St. Ingbert","Diversifizierung der Produktion einer Be- triebsstätte in neue, zusätzliche Produkte",2009,2012,"18.466,00 €","18.466,00 €"
"ENHA GmbH, Nonnweiler",Entwicklung eines Arbeitsschutzhelms mit Crash-Box,2009,,"82.219,00 €","61.002,61 €"
"ERGOSIGN GmbH, Saarbrücken",Realisierung eines Prototyping-Werkzeuges zum flexiblen Entwurf interaktiver User Inter- faces auf Basis umfassender Widget- Bibliotheken,2009,,"96.089,00 €","96.089,00 €"
"ERGOSIGN GmbH, Saarbrücken",Entwicklungsprojekt COTYPE: Konzeption und Implementierung eines kollaborativen User-Interface Spezifikationswerkzeugs für Nicht-Experten,2011,,"180.487,00 €","179.889,00 €"
"ERGOSIGN GmbH, Saarbrücken",Erwerb von Schutzrechten betreffend User Interface-Spezifikationswerkzeug COTYPE für Nicht-Experten,2011,,"5.500,00 €",
ESC Elektronic,Entwicklung eines Nagelclips für Porenbeton,2013,,"13.622,00 €",
European Research and Projekt Office GmbH (EURICE) Saarbrücken,AITS-AIDS/TB-Saar – Initiative zur Bünde- lung und Stärkng von AIDS/TB- Forschungskompetenzen im Saarland,2010,,"200.000,00 €",
"Eurokey Software GmbH, Saarbrücken",Beschäftigung eines Forschungsmitarbeiters,2008,,"16.500,00 €","16.500,00 €"
"Eurokey Software GmbH, Saarbrücken",Beschäftigung eines Innovationsassistenten,2008,,"16.800,00 €","16.800,00 €"
"Eurokey Software GmbH, Saarbrücken",Beschäftigung eines Forschungsmitarbeiters,2009,,"16.500,00 €","16.500,00 €"
"Eurokey Software GmbH, Saarbrücken",Beschäftigung eines Forschungsmitarbeiters,2010,,"14.400,00 €","14.400,00 €"
"Eurokey Software GmbH, Saarbrücken",FuE-Vorhaben „Multimodaler Interaktions- raum (MIR)“,2012,,"64.013,00 €","63.145,65 €"
"Eurokey Software GmbH, Saarbrücken",FuE-Vorhaben „Change List Optimizer (CLO)“,2012,,"38.935,00 €","37.965,00 €"
"Eurokey Software GmbH, Saarbrücken",Beschäftigung eines Forschungsmitarbeiters,2013,,"19.200,00 €","19.159,70 €"
Europäische Akademie Otzenhausen,Einführung EMAS,2013,,"9.327,50 €","9.233,95 €"
"Evangelische Kirchen- gemeinde Uchtelfangen, Illingen","Energetische Sanierung von zwei Bestands- gebäuden, verbunden mit der Nahwärmever- sorgung eines Neubaus (Kindergarten) mit Hilfe einer geothermischen Gasabsorptions- pumpe und einer Solarthermieanlage",2010,,"37.250,06 €","33.166,07 €"
"Evangelische Kirchen- gemeinde Saarlouis, Saarlouis",Sanierung des Daches des Gemeindehaus mit Dämmmaßnahmen,2011,,"46.862,88 €","46.279,65 €"
"Evangelische Kirchen- gemeinde Landsweiler, Schiffweiler",Dachsanierung des Pfarrhauses,2011,,"28.431,76 €","28.431,76 €"
"Evangelische Kirche im Rheinland, Düsseldorf",Energetische Sanierung der Fassaden der ESG Saarbrücken,2011,,"370.601,81 €","370.601,81 €"
Evangelische Kirchen- gemeinde Neuweiler,Dachdämmung,2014,,"9.245,46 €","9.229,00 €"
Evangelische Kirchen- gemeinde Riegelsberg- Güchenbach,Pelletheizung,2014,,"86.390,18 €","86.390,18 €"
Evangelische Kirchen- gemeinde Saarlouis,Energetische Sanierung,2015,,"72.068,78 €",
Evangelische Kirchen- gemeinde Dillingen,Fenstererneuerung,2018,,"115.217,44 €",
"Eyled GmbH, Saarbrücken",Entwicklung eines barrierefreien Indoor- Navigationssystems für Sehbehinderte,2008,,"77.208,00 €","73.861,17 €"
"Eyled GmbH, Saarbrücken",Entwicklung einer effizienten Sprachsteue- rung für mobile Endgeräte,2010,,"42.035,00 €","40.290,55 €"
Eyeled GmbH,Entwicklungsprojekt mobiPlan,2013,,"68.426,00 €","65.112,26 €"
"Fistec AG, Saarbücken",Beschäftigung eines Forschungsmitarbeiters,2008,,"16.470,00 €","16.470,00 €"
"Fistec AG, Saarbrücken",Beschäftigung eines Forschungsmitarbeiters,2009,,"16.200,00 €","16.200,00 €"
"Fitt gGmbH, Institut für Technologie- transfer an der HTW des Saarlandes, Saarbrücken",Unternehmensplanung gewerblicher Leer- stand 2014,2014,,"74.159,04 €","52.419,04 €"
Flexperto GmbH,"Beschäftigung des Forschungsmitarbeiters Felix Camernik, Dipl. Ing.",2014,,"16.800,00",
"Fobec/3D Formtec GmbH & Co. KG, 66538 Neunkirchen",Erweiterung der Betriebsstätte,2013,2015,"40.875,00 €","40.875,00 €"
"Franz Fensterbau GmbH & Co. KG, Boris Franz Sonderbetriebs- vermögen, Rehlingen",Erweiterung der Betriebsstätte in 66780 Rehlingen,2011,2014,"277.357,00 €","277.357,00 €"
"Fraunhofer-Gesellschaft zur Förderung der angewandten For- schung e. V., Fraunhof- er-Institut für Biomedizi- nische Technik (IBMT), St. Ingbert",Biomat-Centre (Projektteil B),2008,,"2.394.081,00 €",
"Fraunhofer-Gesellschaft zur Förderung der angewandten For- schung e. V., Fraunhof- er-Institut für Zerstö- rungsfreie Prüfverfahren (lzfP), Saarbrücken","Automotive Quality Saar (AQS) - Baumaß- nahme, Geräte und Erstausstattung",2008,,"9.000.000,00 €",
"Fraunhofer-Gesellschaft zur Förderung der angewandten For- schung e. V., Fraunhof- er-Institut für Biomedizi- nische Technik (IBMT), St. Ingbert",AITS – AIDS/TB Saar – Initiative zur Bünde- lung und Stärkung von AIDS/TH- Forschungskompetenzen im Saarland,2010,,"91.372,33 €",
"Fraunhofer-Gesellschaft zur Förderung der angewandten For- schung e. V., Fraunhof- er-Institut für Zerstö- rungsfreie Prüfverfahren (lzfP), Saarbrücken",Errichtung eines Prototypen-Fertigungslabors für das in vitro-Tissue Engineering für das Frauenhofer Institut für Biomedizinische Technik am Standort Sulzbach,2013,,"750.000,00 €","750.000,00 €"
"Fraunhofer-Gesellschaft zur Förderung der angewandten For- schung e. V., Fraunhof- er-Institut für Zerstö- rungsfreie Prüfverfahren (lzfP), Saarbrücken",AITS-AIDS/TB-Saar Initiative zur Bündelung und Stärkung von AIDS/TB- Forschungskompetenzen im Saarland,2013,,"165.404,00 €",
"Fuchs & Tausend GmbH, Saarbrücken",Erweiterung der Betriebsstätte in 66130 Saarbrücken,2012,2013,"60.550,00 €","60.550,00 €"
"Gemeinde Eppelborn, Freizeit- und Hallenbe- trieb, Beckingen",Einführung eines Umwelt- Managementsystems,2011,,"4.004,00 €","4.004,00 €"
"Gemeinde Beckingen, Wasserwerk Beckingen, Beckingen",Wärmedämmmaßnahmen am Verwaltungs- gebäude des Wasserwerks Beckingen,2010,,"42.752,61 €","42.752,61 €"
"Gemeinde Bous, Bous","Einbau von hochwärmegedämmten Alufens- tern im Rahmen der Sanierung der Grund- schule Mühlenscheib, Bous",2011,,"49.363,78 €","49.363,78 €"
"Gemeinde Bous, Bous",Energetische Sanierung des Flachdachs am Clubheim SV 08 Bous,2013,,"7.077,76 €","7.077,76 €"
"Gemeinde Bous, Bous",Dachdämmung,2014,,"52.842,54 €","42.204,71 €"
"Gemeinde Bous, Bous",Energetische Sanierung,2014,,"28.831,53 €","28.216,46 €"
"Gemeinde Bous, Bous",Energetische Sanierung,2015,,"17.003,85 €",
"Gemeinde Eppelborn, Eppelborn",Austausch der vorhandenen Glasfassaden des Hellbergbades durch eine neue Pfosten- Riegelkonstruktion mit Wärmeschutzvergla- sung,2011,,"34.625,81 €","34.625,81 €"
"Gemeinde Freisen, Freisen",Forschungsauftrag zur Steigerung der Ge- bäudeeffizienz und dem Einsatz von erneu- erbaren Energien in der Gemeinde Freisen,2011,,"1.193,36 €","1.193,36 €"
"Gemeinde Gersheim, Gersheim",Fenstererneuerung mit Sonnenschutz am Rathaus in Gersheim,2010,,"11.513,57 €","10.414,26 €"
"Gemeinde Gersheim, Gersheim",Wärmedämmfassade an der Mehrzweckhalle im Ortsteil Bliesdalheim,2010,,"5.109,99 €","5.109,99 €"
"Gemeinde Gersheim, Gersheim",Fenstererneuerung an der ehemaligen Schu- le in Niedergailbach,2010,,"15.146,73 €","14.719,75 €"
"Gemeinde Gersheim, Gersheim",Fenstererneuerung am Feuerwehrgerä- tehaus in Rubenheim,2010,,"9.170,05 €","9.170,05 €"
"Gemeinde Gersheim, Gersheim",Fenstererneuerung an der ehemaligen Schu- le in Bliesdahlheim,2011,,"11.988,58 €","11.988,58 €"
"Gemeinde Heusweiler, Heusweiler",Dämmung der Außenfassade des Bürger- hauses in Niedersalbach mit einer zusätzli- chen Wärmedämmung von mind. 10 cm und einer Teilfläche des Flachdaches mit einer Wärmedämmung von mind. 20 cm,2011,,"29.798,65 €","26.555,38 €"
"Gemeinde Heusweiler, Heusweiler",Dämmung der Außenfassade der Großwald- halle in Eiweiler,2011,,"16.717,27 €","4.862,73 €"
"Gemeinde Heusweiler, Heusweiler",Dämmung der Außenfassade der Sport- und Kulturhalle in Wahlschied,2011,,"10.666,45 €","10.133,13 €"
"Gemeinde Heusweiler, Heusweiler",Dämmung der Außenfassade der Glück-auf- Halle Holz mit einer zusätzlichen Wärme- dämmung von 10 cm,2011,,"10.038,71 €","10.038,71 €"
"Gemeinde Heusweiler, Heusweiler",Energetische Sanierung der Decke im Bür- gerhaus Niedersalbach,2013,,"38.783,78 €","13.457,40 €"
"Gemeinde Heusweiler, Heusweiler",Energetische Sanierung der Decke Glück- Auf-Halle Holz,2013,,"34.766,79 €","34.766,79 €"
"Gemeinde Heusweiler, Heusweiler",Energetische Sanierung der Decke der Großwaldhalle in Eiweiler,2013,,"33.272,20 €","21.914,00 €"
"Gemeinde Illingen Freizeit-, Hallen- und Bäderbetrieb, Illingen",Einführung eines Umwelt- Managementsystems,2010,,"17.842,01 €","14.972,36"
"Gemeinde Illingen, Illingen",Energetische Sanierung des Daches und Erneuerung der Fenster an der Illtalhalle,2013,,"61.143,96 €","61.143,96 €"
"Gemeinde Kleinblitters- dorf, Kleinblittersdorf",Energetische Sanierung Kindertagesstätte St. Walfried in Rilchingen-Hanweiler,2013,,"61.909,88 €","50.153,16 €"
"Gemeinde Merchweiler, Merchweiler",Energetische Sanierung der Vordächer der Allenfeldhalle Merchweiler,2013,,"133.498,74 €","133.654,51 €"
"Gemeinde Nalbach, Nalbach","Umbau der ehemaligen Grundschule zum Rathaus der Gemeinde, Einsatz einer PV- Anlage im Bereich der Südfassade (transluzente Fassadenelemenete, sowie PV-Elemenete im Bereich der Fenster) im neuen Rathaus",2013,,"41.936,32 €",
"Gemeinde Nalbach, Nalbach","Umbau der ehemaligen Grundschule zum Rathaus der Gemeinde, Einsatz von LED- Beleuchtung und Lichtlenklamellen",2013,,"136.378,54 €",
"Gemeinde Namborn, Namborn",Wärmedämmmaßnahmen an der Annen- schule in Furschweiler,2010,,"9.377,71 €","5.749,09 €"
"Gemeinde Nohfelden, Nohfelden",Dämmung der oberen Geschossdecke und Einbau neuer Fenster im Amtshaus Nohfel-,2010,,"28.900,21 €","28.900,21 €"
"Gemeinde Nonnweiler, Nonnweiler",Fenstererneuerung an der Kurhalle Nonnwei- ler und am Aussiedlerhaus Schwarzenbach,2010,,"23.662,13 €","23.662,13 €"
"Gemeinde Nonnweiler, Nonnweiler",Touristische Erschließung des Keltenparks Otzenhausen,2011,,"369.915,00 €",
"Gemeinde Nonnweiler, Nonnweiler",Rekonstruktion eines Keltengehöfts im Kel- tenpark  Otzenhausen (I. BA),2013,,"219.100,00 €","193.706,64 €"
Gemeinde Nonnweiler Trierer Straße 5 66620 Nonnweiler,Rekonstruktion eines Keltengehöfts im Kel- tenpark Otzenhausen (II. BA),2014,,"176.050,00 €",
Gemeinde Nonnweiler Trierer Straße 5 66620 Nonnweiler,Rekonstruktion eines Keltengehöfts im Kel- tenpark Otzenhausen (III. BA),2014,,"230.405,00 €",
Gemeinde Nonnweiler Trierer Straße 5 66620 Nonnweiler,Rekonstruktion eines Keltengehöfts im Kel- tenpark Otzenhausen (IV. BA),2015,,"241.080,00 €","214.761,30 €"
"Gemeinde Oberthal, Oberthal",Einbau einer Holzhackschnitzel-Heizung im Kindergarten Güdesweiler,2013,,"108.991,25 €",
"Gemeinde Quierschied, Quierschied",Einbau eines Pelletkessels mit Solarkollekt- oren zur Trinkwassererwärmung beim Bau- hof der Gemeinde,2013,,"12.305,78 €","12.305,78 €"
"Gemeinde Saarwellin- gen, Saarwellingen",Fenster- und Türerneuerung,2014,,"48.671,73 €","48.671,73 €"
"Gemeinde Saarwellin- gen, Saarwellingen",Fenster- undTürerneuerung,2014,,"60.075,02 €","58.721,59 €"
"Gemeinde Schiffweiler, Schiffweiler",Energetische Sanierung der Löschpfadschu- le in Landsweiler-Reden,2013,,"78.431,12 €","78.431,12 €"
"Gemeinde Schiffweiler, Schiffweiler",Engergetische Sanierung der Fenster der Grundschule Wiesengrund,2013,,"100.290,90 €","100.290,90 €"
"Gemeinde Schiffweiler, Schiffweiler",Dachdämmung,2014,,"12.929,21 €","12.929,21 €"
"Gemeinde Schmelz, Schmelz",Wärmedämmung am Hauptgebäude der Johannesschule in Hüttersdorf,2010,,"56.722,65 €","56.722,65 €"
"Gemeinde Schmelz, Schmelz",Dämmung der obersten Geschossdecke an der Stefanschule Schmelz,2013,,"22.788,19 €","22.788,19 €"
"Gemeinde Schmelz, Schmelz",Energetische Sanierung der Talbach- Grundschule in Schmelz,2013,,"81.656,13 €","81.656,13 €"
"Gemeinde Schmelz, Schmelz",Prims-Theel-Erlebnisweg,2014,,"647.575,60 €",
Gemeinde Spiesen- Elversberg,Fenstererneuerung und Wärmedämmung an der Pestalozzischule,2013,,"244.466,69 €","209.026,71 €"
Gemeinde Spiesen- Elversberg,Dachdämmung,2015,,"131.748,62 €",
"Gemeinde Tholey, Tholey",Um- und Neugestaltung der Eingangszone und der Parkplätze zum Herzweg am Schaumberg,2009,,"342.202,00 €","342.202,00 €"
"Gemeinde Tholey, Tholey",Fenstererneuerung an der Grundschule in Theley,2010,,"24.806,43 €","24.806,43 €"
"Gemeinde Tholey, Tholey",Sanierung und Instandsetzung des Dorfge- meinschaftshauses im Ortsteil Überroth- Niederhofen,2011,,"63.757,49 €","58.834,92 €"
"Gemeinde Tholey, Tholey",Wärmedämmmaßnahme am Feuerwehrgerä- tehaus in Theley,2011,,"7.747,40 €","6.195,24 €"
Gemeinde Überherrn,Dachdämmung,2014,,"6.359,50 €","6.359,50 €"
"Gemeinde Wallerfan- gen, Wallerfangen",Erstellung einer Machbarkeitsstudie für das „Bioenergiedorf Gisingen“,2010,,"7.543,65 €","7.543,65 €"
"Gemeinde Weiskirchen, Weiskirchen",Errichtung eines Blockheizkraftwerkes an der Grundschule Kornfeld,2011,,"10.328,67 €","10.328,67 €"
"Gemeinde Weiskirchen, Weiskirchen","Erschließung des Gewerbegebiets „Auf der Heide“, 3.Erweiterung, Weiskirchen (1.FA)",2012,2015,"1.866.233,00 €",
"Gemeinde Weiskirchen, Weiskirchen",Außenwanddämmung des Dorfgemein- schaftshauses in Thailen,2013,,"19.493,85 €","19.493,85 €"
"Gesellchen GmbH, Illingen",Revalidierung des Umwelt- Managementsystems,2009,,"1.092,00 €","1.001,00 €"
"GHMT AG, Bexbach",Beschäftigung eines Forschungsmitarbeiters,2010,,"16.680,00 €","16.670,05 €"
"GHMT AG, Bexbach",Beschäftigung eines Forschungsmitarbeiters,2012,,"18.000,00 €","18.000,00 €"
"GIU - Gesellschaft für Innovation und Unter- nehmensförderung mbH & Co. Flächenmanage- ment Saarbrücken KG, Saarbrücken","Revitalisierung „Ehemaliges Ausbesse- rungswerk Burbach - awhandwerkerzentrum“ im Stadtteil Burbach der Landeshauptstadt Saarbücken (4. BA, 1. FA)",2009,,"669.900,00 €","378.443,00 €"
"GIU - Gesellschaft für Innovation und Unter- nehmensförderung mbH & Co. Flächenmanage- ment Saarbrücken KG, Saarbrücken","IT-Park Saarland – Erweiterung der Kit@ im Stadtteil Burbach der Landeshauptstadt Saarbrücken (2. BA, 1. und 2. FA)",2009,2011,"495.591,92 €","495.591,92 €"
"GIU - Gesellschaft für Innovation und Unter- nehmensförderung mbH & Co. Flächenmanage- ment Saarbrücken KG, Saarbrücken",IT-Park Saarland – Restmaßnahmen in der Landeshauptstadt Saarbrücken (1. und 2. FA),2010,2014,"1.064.283,00 €",
"GIU - Gesellschaft für Innovation und Unter- nehmensförderung mbH & Co. Flächenmanage- ment Saarbrücken KG, Saarbrücken","Eurobahnhof Saarbrücken – Erschließung Nordfläche (2. BA, 1. und 2. FA)",2010,2014,"5.633.214,00 €",
"GIU - Gesellschaft für Innovation und Unter- nehmensförderung mbH & Co. Flächenmanage- ment Saarbrücken KG, Saarbrücken",aw-Burbach – Restmaßnahmen in der Lan- deshauptstadt Saarbrücken (1. FA),2011,2015,"489.988,00 €",
"GIU - Gesellschaft für Innovation und Unter- nehmensförderung mbH & Co. Flächenmanage- ment Saarbrücken KG, Saarbrücken",Erweiterung Gewerbegebiet Wiesenstraße,2013,2014,"1.434.251,00 €",
"Gräf & Meyer GmbH, Homburg",Entwicklung einer elektronischen Einrichtung zur Kurzschlussisolation für hochohmige Lautsprecherleitungen in elektroakustischen Gefahrenmeldesystemen,2009,,"41.596,00 €","41.596,00 €"
"Gräf & Meyer GmbH, Homburg",Beschäftigung eines Forschungsmitarbeiters,2013,,"17.100,00 €","16.967,00 €"
"Gräf & Meyer GmbH, Homburg","Beschäftigung des Forschungsmitarbeiters Michael Ehrlich, Bachelor of Science",2014,,"24.000,00 €",
"grebitex GmbH, Klarenthal","Externe technische Dienstleistungen, Prü- fungen und Zulassungen im Zusammenhang mit der Umsetzung der notstandby- Technologie in SMD-Technik",2010,,"10.341,00 €","3.298,46 €"
"GUBSE AG, Schiffweiler",Beschäftigung eines Forschungsmitarbeiters,2011,,"18.845,00 €","18.844,99 €"
"GUBSE AG, GUBSE Immobiliengesellschaft I GbR, Schiffweiler",Erweiterung der Betriebsstätte in 66578 Schiffweiler,2012,2015,"283.476,00 €","283.476,00 €"
"Güth GmbH & Co. KG, Saarbrücken",Einführung eines Umwelt- Managementsystems,2011,,"2.664,00 €","2.166,25 €"
"GVT Gesellschaft für Vakuum-Technik mbH, Heusweiler",Einführung eines Umwelt- Managementsystems,2009,,"2.229,50 €","2.214,48 €"
"gwSaar Gesellschaft für Wirtschaftsförderung Saar mbH, Saarbrücken","Erschließung des Industriegebiets „Lisdorfer Berg“, Saarlouis (1. BA, 1. FA)",2012,2013,"20.820.153,00 €",
Haag Marketing & Design GmbH,"Beschäftigung des Forschungsmitarbeiters Niklas Hawener, Bachelor of Science",2014,,"13.200,00 €",
Hager Electro GmbH & Co. KG,Entwicklungsprojekt „Saarland- Stromsparland 1000 Plus“,2013,,"339.280,00 €",
"Handwerkskammer des Saarlandes, Saarbrücken",Aufbau eines Kompetenzzentrums für Metall- technik im Fachbereich Metall der Hand- werkskammer des Saarlandes – Bereich Ausstattung,2009,,"1.651.666,88 €","1.651.666,88 €"
"Handwerkskammer des Saarlandes, Saarbrücken",Aufbau eines Kompetenzzentrums für Metall- technik im Fachbereich Metall der Hand- werkskammer des Saarlandes – Bereich Bau,2010,,"1.817.846,18 €","1.817.846,18 €"
"Handy Man Handelsge- sellschaft mbH, Dirmingen","Softwaretool / Vertriebsmodul zur kanalge- steuerten Angebotserstellung, -Vorhaltung und -Abrechnung  von Hardware in Verbin- dung mit Mobilfunk-Vertragsprodukten im Online- und Offlinehandel",2008,,"53.994,00 €","44.036,77 €"
"Hans Zewe GmbH, Tholey",Einführung eines Umwelt- Managementsystems,2010,,"3.564,93 €","1.775,68 €"
"HDW Werbeagentur GmbH, Saarbrücken",Beschäftigung eines Forschungsmitarbeiters,2012,,"16.740,00 €","16.740,00 €"
"Heinz & Feld GmbH, Heinz & Feld GbR, Saarwellingen","Diversifizierung der Produktion der Betriebs- stätte in Saarwellingen in neue, zusätzliche Produkte",2010,2013,"150.000,00 €",
Helmholtz-Zentrum für Infektionsforschung GmbH,Errichtung eines Neubaus für das Helmholtz- Institut für Pharmazeutische Forschung Saarland (HIPS),2013,,"22.494.875,00 €",
"Helmut Dörr GmbH, Püttlingen",Einführung eines Umwelt- Managementsystems,2009,,"1.638,00 €","1.567,48 €"
"Helmut Dörr GmbH, Püttlingen",Revalidierung des Umwelt- Managementsystems,2012,,"1.756,00 €","1600,46 €"
"Helmut Zimmer GmbH, St. Wendel",Einführung eines Umwelt- Managementsystems,2009,,"4.620,52 €","3.376,10 €"
"Herweck AG, Philippi & Herweck GmbH & Co. KG, Kirkel",Erweiterung der Betriebsstätte in 66459 Kirkel,2009,2011,"150.060,00 €","150.060,00 €"
"Hochschule für Technik und Wirtschaft (HTW) des Saarlandes, Saarbrücken",EMF-Kataster Saar der 2. Generation,2009,,"407.835,48 €","284.882,53"
"Hochschule für Technik und Wirtschaft (HTW) des Saarlandes, Saarbrücken",Untersuchungen und Modellierung der Struk- turbildung durch Aktivierung in nanoporösen Aktivkohlefasern (UMSANA),2010,,"171.371,28 €",
"Hochschule für Technik und Wirtschaft (HTW) des Saarlandes, Projektbüro GPFS, Saarbrücken",Gründungspraxis für Studierende aus dem Bereich der Hochschule für Technik und Wirtschaft (HTW) des Saarlandes (2009).,2009,,"56.600,00 €","53.249,21 €"
"Hochschule für Technik und Wirtschaft (HTW) des Saarlandes, Projektbüro GPFS, Saarbrücken",Gründungspraxis für Studierende aus dem Bereich der Hochschule für Technik und Wirtschaft (HTW) des Saarlandes (2010).,2010,,"52.000,00 €","50.246,52 €"
"Hochschule für Technik und Wirtschaft (HTW) des Saarlandes, Projektbüro GSG, Saarbrücken",GSG Management Akademie,2012,,"14.650,00 €","11.945,95 €"
"Hochschule für Technik und Wirtschaft (HTW) des Saarlandes, Projektbüro UpS, Saarbrücken",Unternehmensplanung für Studierende,2012,,"77.780,00 €","71.584,60 €"
"Hochschule für Technik und Wirtschaft (HTW) des Saarlandes, Projektbüro UpS, Saarbrücken",Unternehmensplanung für Studierende 2.0 (UpS 2.0),2013,,"75.600,00 €","72.000,00 €"
"Hochschule für Technik und Wirtschaft (HTW) des Saarlandes, Projektbüro UpS, Saarbrücken",Schulpraxis Selbstständigkeit (SpS),2013,,"24.650,00 €","3.630,00 €"
"Hoffmann & Ollinger GmbH, Mettlach",Einführung eines Umwelt- Managementsystems,2009,,"1.296,75 €","1.294,47 €"
"Hoffmann & Ollinger GmbH, Mettlach",Revalidierung des Umwelt- Managementsystems,2012,,"1.319,50 €","1.300,16 €"
"Homburger Bedachungs GmbH, Homburg",Einführung eines Umwelt- Managementsystems,2011,,"1.296,00 €","1.281,73 €"
"Homburger Bedachungs GmbH, Homburg",Einführung EMAS,2014,,"848,34 €",
"Horst Walle Dreherei und Maschinenbau GmbH, Blieskastel",Erweiterung der Betriebsstätte in 66440 Blieskastel,2009,2011,"32.000,00 €","32.000,00 €"
"Hotel am Triller Hotelbe- triebs-GmbH,Trillerweg 57, 66117 Saarbrücken",Ausbau und Erneuerung des Hotel am Triller,2014,,"184.017,52 €",
"Hydac Fluidtechnik GmbH, Sulzbach",FuE-Vorhaben „Digitalhydraulik“ (in Koopera- tion mit ZeMA - Zentrum für Mechatronik und Automatisierungstechnik gemeinnützige GmbH),2012,,"114.839,00 €",
Hydac Filter Systems GmbH,Entwicklungsprojekt ICM Hydraulik,2013,,"207.165,00 €",
"IBP GmbH, Saarbücken",Entwicklung eines High-End-Korrelators auf Mikroprozessorbasis,2008,,"27.843,00 €","22.055,40 €"
"ICS Innovation Coating Systems UG, Lebach",Beschäftigung eines Forschungsmitarbeiters,2011,,"19.200,00 €","19.200,00 €"
"i-Deal Technologies GmbH, Saarbrücken",Entwicklung einer Messtechnik und eines Systemprototyps zur Kerngrößenbestimmung mittels Ultraschall mit der Bezeichnung „KORN-US“,2011,,"38.968,00 €","26.502,54 €"
"i-Deal technologies GmbH, Saarbrücken",Entwicklung einer universellen Ultraschall- Prüfgeräteplattform für „Low Cost“- Prüfanwendungen,2012,,"112.471,00 €",
"Ifal GmbH, Beckingen",Entwicklung einer Software „JDIA-FERT unter Java mit eigenem Ifal Look & Feel“,2011,,"186.828,00 €","172.154,03 €"
"imc information multi- media communication AG, Saarbrücken","Entwicklung einer portablen Applikation für innovatives Lernen und Kollaboration im Klassenzimmer (in Kooperation mit der Deutschen Forschungszentrum für Künstli- che Intelligenz GmbH (DFKI), Centre for e- Learning Technology der DFKI GmbH)",2012,,"226.290,00 €","224.191,23 €"
"imc information multi- media communication AG, Saarbrücken",Entwicklung eines Lernnavigators,2013,,"118.190,00 €",
"Inexio KGaA, Merzig",Beschäftigung eines Innovationsassistenten,2008,,"18.000,00 €","16.049,77 €"
INFOsys Kommunal GmbH,"Beschäftigung des Forschungsmitarbeiters Christian Müller, Fachinformatiker für An- wendungsentwicklung",2014,,"16.800,00",
"Ingenieurbüro Leibfried GmbH, Eppelborn",Einführung eines Umwelt- Managementsystems,2010,,"1.456,00 €","1.365,90 €"
"INM Leibniz Institut für Neue Materialien gGmbH, Saarbrücken",Technische Durchführbarkeitsstudie betref- fend die Herstellung und Entwicklung von core / shell-Nanopartikeln auf der Basis von Kupfer und Silber zur Anwendung als kos- tengünstige leitfähige Schicht mittels Druck- verfahren (in Kooperation mit der sarastro GmbH),2010,,"120.060,00 €","113.595,32 €"
"inomat GmbH, Neunkirchen",Entwicklung eines Verfahrens zur Nanokap- selung von chemisch instabilen Pigmenten „NAKAPI“,2009,,"41.636,00 €","22.234,79 €"
"inoson GmbH, St. Ingbert","Entwicklung eines modularen, berührungslos abtastenden Ultraschallsystems zur Struktur- und Fehleranalyse von Werkstücken und Werkstoffen",2009,,"93.312,00 €","91.498,33 €"
"inoson GmbH, St. Ingbert",Erweiterung und Verlagerung der Betriebs- stätte innerhalb von St. Ingbert,2012,2013,"134.469,00 €","134.469,00 €"
"inoson GmbH, St. Ingbert",Beschäftigung eines Forschungsmitarbeiters,2013,,"17.400,00 €",
"Institut für Prozessma- nagement und Produkti- onstechnik GmbH (Promtec GmbH), Saarbrücken",Aufbau eines Innovationskerns zur Einrich- tung einer Modellfabrik (Modellfabrik Saar),2011,,"262.916,38 €","208.968,91 €"
IS Predict GmbH,Entwicklungsprojekt „Saarland- Stromsparland 1000 Plus“,2013,,"249.927,00 €",
"Johann Breier GmbH, Mandelbachtal",Erweiterung der Betriebsstätte in 66399 Mandelbachtal,2011,2012,"37.146,00 €","37.146,00 €"
"Josef Raesch GmbH, Saarbrücken",Einführung eines Umwelt- Managementsystems,2009,,"3.039,40 €","3.039,40 €"
"Josef Weiant GmbH, St. Wendel",Einführung eines Umwelt- Managementsystems,2009,,"4.129,12 €","4.072,25 €"
"Josef Weiant GmbH, St. Wendel",Revalidierung des Umwelt- Managementsystems,2012,,"1.537,90 €","1.408,22 €"
"Juchem Food Ingre- dients GmbH, Eppelborn","Entwicklung eines Sprühturms zur Kristallisa- tion flüssiger, fettarmer Produkte mittels Kälte nach dem Gleichstromverfahrens",2010,,"246.928,00 €","246.924,64 €"
"JUNO-Metalltechnik GmbH, Homburg",Erweiterung der Betriebsstätte in 66424 Homburg,2012,2014,"129.121,00 €",
"Katholische Kirchenge- meinde Maria-Trost Dillingen, Dillingen",Einbau neuer Alu-Fenster und Dämmung des Steildachs,2010,,"138.989,36 €","95.613,74 €"
"Katholische Pfarreien- gemeinschaft St. Fron- leichnam, Homburg",Errichtung einer Gaswärmepumpe mit Erd- sonden und thermischer Solaranlage mit Nahwärmenetz am Standort Gemeindehaus mit Sakristei und Kindertagesstätte in Hom- burg,2010,,"45.560,99 €","44.534,84 €"
"Kautenburger GmbH, K & K Immobilien GbR, Merzig",Erweiterung der Betriebsstätte in 66663 Merzig,2011,2014,"80.960,00 €","80.960,00 €"
Kern GmbH,Einführung EMAS,2014,,"9.545,90 €",
"KD Pharma Bexbach GmbH, Bexbach",Beschäftigung eines Forschungsmitarbeiters,2010,,"18.000,00 €","18.000,00 €"
"Kernplan GmbH, Illingen",Beschäftigung eines Forschungsmitarbeiters,2009,,"16.800,00 €","16.800,00 €"
"Kernplan GmbH, Illingen",Beschäftigung eines Forschungsmitarbeiters,2010,,"18.000,00 €","18.000,00 €"
KLS Steuerungstechnik,Entwicklung eines Chaoslagers für elektroni- sche Bauteile und Edelmetalle,2013,,"67.889,00 €","43.182,23 €"
"Knauber & Wagner Besitzgesellschaft GbR, Wende & Malter GmbH, Saarwellingen",Erweiterung und Verlagerung der Betriebs- stätte von 66386 St. Ingbert nach 66793 Saarwellingen,2010,2013,"208.944,00 €","208.944,00 €"
"Korea Institute of Sci- ence and Technology Forschungsgesellschaft mbH (KIST), Saarbrücken",Neubau eines Institutsgebäudes für die KIST Europe Forschungsgesellschaft mbH (2. Bauabschnitt),2009,,"652.412,03 €",
"KSG Maschinenbau GmbH, St. Ingbert",Einführung eines Umwelt- Managementsystems,2009,,"2.120,30 €","2.021,61 €"
"Landeshauptstadt Saar- brücken, Saarbrücken","Eurobahnhof Saarbrücken – Europaallee – Terminal Nord (2., 3. und 4. FA)",2008,2011,"3.054.765,00 €",
"Landeshauptstadt Saar- brücken, Saarbrücken",Sanierung des Heidegartens im Deutsch- Französischen Garten in Saarbrücken,2010,,"24.500,00 €","24.261,59 €"
"Landeshauptstadt Saar- brücken, Saarbrücken","Sanierung des Deutsch-Französischen Gartens in Saarbrücken, II. BA, Neugestal- tung Eingangsbereich Metzer Straße",2010,2011,"469.665,00 €",
"Landeshauptstadt Saar- brücken, Saarbrücken",Sanierung der Asphaltwege im Deutsch- Französischen Garten in Saarbrücken,2010,,"60.200,00 €","60.200,00 €"
"Landeshauptstadt Saar- brücken, Saarbrücken",Umbau ehem. Deutschherrnschule zum Stadtarchiv : Einbau eines Doppel- Rekuperativ-Klimagerätes zur Wärmerück- gewinnung,2012,,"127.012,37",
"Landeshauptstadt Saar- brücken, Saarbrücken",Energetische Sanierung,2014,,"266.093,68 €","247.923,30 €"
"Landeshauptstadt Saar- brücken, Gebäudema- nagement der LHS, Saarbrücken",Fenstererneuerung an der Kindertagesstätte in Scheidt,2010,,"23.045,84 €","13.650,27 €"
"Landeshauptstadt Saar- brücken, Gebäudema- nagement der LHS, Saarbrücken",Einbau neuer Alu-Fenster am Feuerwehrge- rätehaus in Dudweiler,2010,,"12.181,90 €","9.056,18 €"
"Landeshauptstadt Saar- brücken, Gebäudema- nagement der LHS, Saarbrücken",Fassadensanierung mit Wärmedämmver- bundsystem-Fassade am Feuerwehrgerä- tehaus der Freiwilligen Feuerwehr in Dudwei- ler,2010,,"21.775,03 €","21.775,03 €"
"Landeshauptstadt Saar- brücken, Gebäudema- nagement der LHS, Saarbrücken",Erneuerung des Flachdaches an der Feuer- wache II in Saarbrücken-Malstatt,2010,,"42.790,17 €","42.790,17 €"
"Landeshauptstadt Saar- brücken, Gebäudema- nagement der LHS, Saarbrücken","Erneuerung der vorhandenen Aluminium- fenster durch neue Aluminiumfenster mit wärmegedämmten Profilen, Sonnenschutz- glas und Dreifachisolierverglasung",2010,,"106.974,00 €","99.171,46 €"
"Landeshauptstadt Saar- brücken, Gebäudema-",Fenster- und Fassadenerneuerung an der Turn- und Gymnastikhalle in Güdingen,2011,,"108.189,09 €","79.863,18 €"
"Landeshauptstadt Saar- brücken, IKS – Informa- tions- und Kommunika- tionsinstitut der Landes- hauptstadt Saarbrücken, Saarbrücken",LWL-Verbindung HTW-Waldhausweg,2010,,"421.454,76 €","421.454,76 €"
Landeshauptstadt Saar- brücken,Energetische Dachsanierung der Schwimm- halle der Grundschule Gersweiler,2013,,"15.144,29 €","15.144,29 €"
Landeshauptstadt Saar- brücken,Energetische Dachsanierung des Hauptge- bäudes der Grundschule  Gersweiler,2013,,"38.493,59 €","26.138,55 €"
Landeshauptstadt Saar- brücken,Energetische Sanierung Grundschule Alten- kessel,2013,,"83.658,52 €","83.487,81 €"
Landeshauptstadt Saar- brücken,Einbau einer Holzhackschnitzelheizung Einsegnungshalle Hauptfriedhof,2013,,"95.818,99 €","95.818,90 €"
Landeshauptstadt Saar- brücken,Rubbiner Rülf Platz,2013,,"1.038.145,93 €",
Landeshauptstadt Saar- brücken,Ufergasse/Am Steg,2013,,"1.736.529,59 €",
Landeshauptstadt Saar- brücken,Promenadensteg/Uferzone,2013,,"10.750.966,37 €",
Landeshauptstadt Saar- brücken,Wärmedämmverbund-System,2014,,"265.621,97 €","220.612,74 €"
Landeshauptstadt Saar- brücken,Fenstererneuerung,2014,,"89.070,18 €","89.070,18 €"
Landeshauptstadt Saar- brücken,Fenstererneuerung,2014,,"56.656,60 €","45.106,30 €"
Landeshauptstadt Saar- brücken,Außenwanddämmung,2014,,"237.611,35 €","224.862,37 €"
Landeshauptstadt Saar- brücken,Dachdämmung,2014,,"33.246,85 €","32.912,49 €"
Landeshauptstadt Saar- brücken,"Umgestaltung der Faktoreistraße, 1. BA C6-SB-2014-7",2014,,"1.166.139,60 €",
Landeshauptstadt Saar- brücken,Umgestaltung der Eisenbahnstraße C 6-SB-2013-57,2014,,"1.641.905,18 €",
Landeshauptstadt Saar- brücken,"Aufwertung Osthafen, 1. BA C 6-SB-2014-6",2014,,"11.966.640,39 €",
Landeshauptstadt Saar- brücken,"Umgestaltung Wilhelm-Heinrich-Brücke, 1. BA C 6-Sb-2013-8",2014,,"299.703,66 €",
Landeshauptstadt Saar- brücken,Geh- und Radwegerampe am FA C 6-SB-2013-10,2014,,"313.601,74 €",
Landeshauptstadt Saar- brücken,Kommunikation zum Großprojekt SMAF C 6-SB-2013-62,2014,,"326.832,00 €",
Landeshauptstadt Saar- brücken,Projektsteuerung zum Großprojekt SMAF C 6-SB-2014-3,2014,,"1.238.562,36 €",
Landeshauptstadt Saar- brücken,Untersuchungen zur Umweltverträglichkeit C 6-SB-2013-46,2014,,"68.394,45 €",
Landeshauptstadt Saar- brücken,Baugrundgutachten C 6-SB-2013-47,2014,,"138.341,46 €",
Landeshauptstadt Saar- brücken,Tiefgarage Boulevard C 6-SB-2013-48,2014,,"180.697,86 €",
Landeshauptstadt Saar- brücken,Städtebauliche Planungen C 6-SB-2013-50,2014,,"456.703,08 €",
Landeshauptstadt Saar- brücken,Freiraumplanung untere Ebene C 6-SB-2013-51,2014,,"59.105,89 €",
Landeshauptstadt Saar- brücken,Städtischer Boulevard C 6-SB-2013-52,2014,,"302.578,52 €",
Landeshauptstadt Saar- brücken,Hochwasserkompensation Osthafen C 6-SB-2013-53,2014,,"126.709,10 €",
Landeshauptstadt Saar- brücken,Objekt- und Tragwerks-planungen Brücken C 6-SB-2013-56,2014,,"385.642,74 €",
Landeshauptstadt Saar- brücken,Lebendige Mitte Bettingen A/4-Z-SB-2012-1269,2014,,"1.201.278,61 €",
Landeshauptstadt Saar- brücken,Zentrum für Bildung und Kultur A/4-Z-SB-2012-3001,2014,,"637.780,00 €",
Landeshauptstadt Saar- brücken,Ravelin V A/4-Z-SB-2012-1253,2014,,"872.227,11 €",
Landeshauptstadt Saar- brücken,Projekt zur städtebaulichen Aufwertung und Weiterentwicklung des Geländes der Univer- sität des Saarlandes C 6-SB-2014-5,2014,,"9.972.938,53 €",
Landeshauptstadt Saar- brücken,Ufergasse Am Steg C 6-SB-2013-44,2015,,"1.428.625,42 €",
Landeshauptstadt Saar- brücken,Promenadensteg / Uferzone C 6-SB-2013-45,2015,,"9.181.598,76 €",
Landeshauptstadt Saar- brücken,Umgestaltung Wilhelm-Heinrich- Brücke 1. BA C 6-SB-2014-8,2015,,"375.764,18 €",
Landeshauptstadt Saar- brücken,Geh- und Radwegerampe am FA C 6-SB-2014-10,2015,,"353.010,23 €",
Landeshauptstadt Saar- brücken,Lebendige Mitte Bettingen A/4-Z-SB-2012-1269,2015,,"1.427.420,99 €",
Landeshauptstadt Saar- brücken,Weiterentwicklung des Geländes der Univer- sität des Saarlandes C 6-SB-2014-5,2015,,"10.000.000,00 €",
Landeshauptstadt Saar- brücken,Abrissgutachten und Abriss „Drescher Haus“ C 6-SB-2014-5,2015,,"76.979,20 €",
Landeshauptstadt Saar- brücken,Anhebung der Schifferstraße C 6-SB-2013-55,2015,,"987.341,36 €",
Landeshauptstadt Saar- brücken,"Sanierung Deutsch-Französischer Garten, Neugestaltung Lesepavillon und Umfeld",2015,,"483.865,04 €",
"Landkreis Merzig- Wadern, Merzig",Virtuelle Schule am BBZ Merzig,2009,,"71.923,50 €","69.423,09 €"
"Landkreis Merzig- Wadern, Merzig",Fertigungsautomatisierung am BBZ Hoch- wald,2009,,"113.475,00 €","111.967,47 €"
"Landkreis Merzig- Wadern, Merzig","Außenwanddämmung, Flachdachdämmung und Fenstererneuerung am Verwaltungsge- bäude der ERS Merzig",2011,,"110.136,62 €","104.956,68 €"
"Landkreis Merzig- Wadern, Merzig","Förderschule Nowendel, Fenstererneuerung und Wärmedämmfassade für Süd-, Ost- und Nordseite",2011,,"52.908,03 €","52.032,50 €"
"Landkreis Merzig- Wadern, Merzig","Energetische Sanierung des Verwaltungsge- bäudes, Gymasiums am Stefansberg",2013,,"89.352,10 €","89.352,10 €"
"Landkreis Merzig- Wadern, Merzig",Energetische Sanierung Gesundheitsamt,2013,,"118.882,46 €","75.552,80 €"
"Landkreis Merzig- Wadern, Merzig",NT-Offensive – BBZ Merzig,2013,,"253.839,75 €","209.408,86 €"
"Landkreis Merzig- Wadern, Merzig",Fertigungsautomatisierung / Betriebstechnik- Hydraulik – BBZ Hochwald,2013,,"75.000,00 €","57.072,48 €"
"Landkreis Merzig- Wadern, Merzig",Energetische Sanierung,2015,,"398.925,68 €",
"Landkreis Neunkirchen, Ottweiler",Einführung eines Umwelt- Managementsystems,2011,,"30.310,11 €","29.299,86 €"
"Landkreis Neunkirchen, Neunkirchen","Sanierung Dienstgebäude Gesundheitsamt: Dämmung Rückseite u. Austausch der Fens- ter im 1., 2. u. 3. Obergeschoss",2013,,"76.149,06 €","57.781,06 €"
"Landkreis Neunkirchen, Neunkirchen",Kompetenzzentrum für Automatisierungs- technik – TGSBBZ Neunkirchen,2013,,"152.135,28 €","139.089,93 €"
"Landkreis Neunkirchen, Neunkirchen",Außenwanddämmung,2014,,"100.543,71 €","100.543,71 €"
"Landkreis Neunkirchen, Neunkirchen",Fenstererneuerung,2014,,"52.492,01 €","52.492,01 €"
"Landkreis Saarlouis, Saarlouis",Erneuerung von Aluminiumfenstern am KBBZ in Saarlouis,2010,,"38.528,31 €","38.528,31 €"
"Landkreis Saarlouis, Saarlouis","Alu-Fenstererneuerung am BBZ in Lebach, 2. BA",2010,,"17.330,35 €","17.330,35 €"
"Landkreis Saarlouis, Saarlouis","Sanierung Sitzungssaal, Fenstersanierung am Landratsamt Saarlouis",2010,,"28.432,17 €","28.432,17 €"
"Landkreis Saarlouis, Saarlouis",Internationaler Handel am KBBZ Dillingen und am KBBZ Saarlouis,2010,,"296.654,40 €","280.772,70 €"
"Landkreis Saarlouis, Saarlouis",Multimediales Lernen im ländlichen Raum als Selbstlernzentrum am BBZ Lebach,2010,,"100.513,50 €",
"Landkreis Saarlouis, Saarlouis",Kraftfahrzeugtechnik am TGBBZ Dillingen,2010,,"178.332,66 €","163.526,51 €"
"Landkreis Saarlouis, Saarlouis",Sanierung des Sitzungssaales und Dacher- neuerung am Landratsamt Saarlouis,2011,,"29.561,09 €","29.561,09 €"
"Landkreis Saarlouis, Saarlouis",Fassadensanierung am Haupthaus (Stra- ßenseite) des TGSBBZ,2011,,"21.916,16 €","21.916,16 €"
"Landkreis Saarlouis, Saarlouis",Flachdachsanierung mit extensiver Begrü- nung am KBBZ Saarlouis,2011,,"155.057,55 €","155.057,55 €"
"Landkreis Saarlouis, Saarlouis",Umbau und Sanierung der Schulaula des Gymnasiums am Stadtgarten - Erneuerung Deckenverkleidung - Oberste Geschossde- cke Aula,2011,,"10.436,47 €","10.436,47 €"
"Landkreis Saarlouis, Saarlouis",Energetische Sanierung des Flachdachs der Hausmeisterwhg.am KBBZ Saarlouis,2013,,"14.486,36 €","14.486,36 €"
"Landkreis Saarlouis, Saarlouis","Erneuerung Fenster 3. BA, KBBZ Saarlouis",2013,,"31.901,38 €","31.331,96 €"
"Landkreis Saarlouis, Saarlouis",Sanierung des Flachdachs des Nebenge- bäudes der Turnhalle an der ERS Schmelz,2013,,"6.612,19 €","6.612,19 €"
"Landkreis Saarlouis, Saarlouis",Fenstererneuerung,2014,,"39.564,70 €","38.883,54 €"
"Landkreis Saarlouis, Saarlouis",Fenster- und Türerneuerung,2014,,"63.704,51 €","62.772,11 €"
"Landkreis Saarlouis, Saarlouis",Dachdämmung,2014,,"7.674,18 €","7.674,18 €"
"Landkreis Saarlouis, Saarlouis",Fenstererneuerung,2014,,"43.086,49 €","43.083,49 €"
"Landkreis Saarlouis, Saarlouis",Dachdämmung,2014,,"90.722,39 €","90.722,39 €"
"Landkreis Saarlouis, Saarlouis",Be- und Entlüftungsanlage,2014,,"61.497,28 €","61.497,28 €"
"Landkreis Saarlouis, Saarlouis",BHKW,2015,,"17.342,03 €",
"Landkreis St. Wendel, St. Wendel","Dach- und Fassadensanierung an der ERS Theley, 3. BA",2010,,"77.326,46 €","77.326,46 €"
"Landkreis St. Wendel, St. Wendel",Erneuerung von Alufenstern und Türelemen- ten an der Gesamtschule Türkismühle,2011,,"68.362,34 €","68.362,34 €"
"Landkreis St. Wendel, St. Wendel",Erneuerung des Flachdaches des Hauptge- bäudes sowie Sanierung der Fassaden von Hauptgebäude und Pavillon (WDVS) des Cusanus-Gymnasiums in St. Wendel,2011,,"101.317,34 €","101.317,34 €"
"Landkreis St. Wendel – Freizeitzentrum St. Wendel, St. Wendel",Erneuerung der Fenster an der Eventhalle Bosarium in Bosen,2010,,"46.391,29 €","42.821,44 €"
"Landkreis St. Wendel, Freizeitzentrum Bos- talsee, St. Wendel","Dach,- Fassaden- und Fenstersanierung an der Bostalklause / ehemalige Verwaltung Campingplatz Bostalsee",2011,,"41.024,47 €","41.024,47 €"
"Landkreis St. Wendel, Freizeitzentrum Bos- talsee, St. Wendel",Neubau einer Logistikhalle zur touristischen Aufwertung des Freizeitzentrums Bostalsee,2014,,"996.611,77 €",
Landkreis St. Wendel,Flachdachsanierung Gebäudeteil B der Gesamtschule Marpingen,2013,,"26.767,23 €","26.767,23 €"
Landkreis St. Wendel,Flachdachsanierung im Bereich Pausenhalle der Dr.-Walter-Bruch-Schule in St. Wendel,2013,,"10.370,91 €","10.370,91 €"
Landkreis St. Wendel,Fassadensanierung kleine Schulturnhalle der Gesamtschule Marpingen,2013,,"22.508,44 €","22.089,73 €"
Landkreis St. Wendel,Holzhackschnitzel-Heizanlage,2014,,"126.289,37 €","126.289,37 €"
Landkreis St. Wendel,Fenstererneuerung Außenwanddämmung Dachdämmung,2014,,"122.318,53 €","120.357,08 €"
Landkreis St. Wendel,Dachdämmung,2014,,"30.331,71 €","30.331,71 €"
Landkreis St. Wendel,Holzhackschnitzelheizung,2014,,"82.818,20 €","92.818,20 €"
"Linnebacher Bau GmbH, Neunkirchen",Beschäftigung einer Innovationsassistentin,2008,,"15.024,00 €","15.024,00 €"
Logic4Business,Entwicklungsprojekt logische Analyse von Produktdaten,2013,,"237.318,52 €",
"Lorscheider GmbH, St. Ingbert",Einführung eines Umwelt- Managementsystems,2009,,"2.050,50 €","2.033,15 €"
"Lorscheider GmbH, St. Ingbert",Revalidierung des Umwelt- Managementsystems,2012,,"2.073,25 €","2.041,79 €"
"L & P Innovation GmbH, Saarbrücken",Beschäftigung eines Forschungsmitarbeiters,2011,,"16.800,00 €","16.800,00 €"
"LuWotec Projekt, Neunkirchen",Einführung eines Umwelt- Managementsystems,2009,,"5.369,00 €","5.369,00 €"
"manus GmbH, Saarbrücken",Entwicklung einer neuen Softwarearchitektur mit der Bezeichnung manusDynamic,2012,,"174.383,00 €",
"Maschinenbau Schedler, Lebach",Erweiterung der Betriebsstätte in 66828 Lebach,2012,2013,"24.607,00 €",
Klaus Nathieu GmbH,Vorbereitende Maßnahme,2014,,"4.095,00 €",
"Max-Planck- Gesellschaft zur Förde- rung der Wissenschaf- ten e. V., München",Neubau des Max-Planck-Instituts für Soft- waresysteme in Saarbrücken,2009,,"19.944.000,00 €",
"MEA Gesellschaft für Produktionstechnik und Logistik GmbH, Kirkel",Erweiterung der Betriebsstätte in 66459 Kirkel,2010,2011,"100.695,00 €",
"Mecadi GmbH, Homburg",Beschäftigung einer Forschungsmitarbeiterin,2008,,"18.600,00 €","18.600,00 €"
"Mecadi GmbH, Homburg",Beschäftigung eines Forschungsmitarbeiters,2013,,"15.000,00 €","15.000,00 €"
"Mecadi GmbH, Homburg","Beschäftigung des Forschungsmitarbeiters Francesco Arena, Dipl. Chem.",2014,,"19.200,00 €",
"Medicoplast Internatio- nal GmbH, Ilingen",Beschäftigung eines Forschungsmitarbeiters,2012,,"19.200,00 €","19.200,00 €"
"MedienNetzwerk Saar- LorLux e.V., Saarbrücken",Onlinerland Saar 3.0,2008,2010,"622.000,00 €","552.550,47 €"
"MedienNetzwerk Saar- LorLux e.V., Saarbrücken",Onlinerland Saar 4.0,2011,2014,"1.117.443,61 €",
"MEDTRON AG, Saarbrücken",Entwicklung eines einfach anzuwendenden Lufterkennungssystems zur Verhinderung von Luftembolien in automatisierten kon- trastmittelgestützten Diagnoseverfahren – Kurzbezeichnung Air-Safe,2011,,"156.314,00 €",
"META LEVEL Software AG, Saarbrücken",Entwicklung eines generativen Multiprojekt- managementwerkzeuges mit vollständiger Integration in das Dokumenten- und Wis- sensmanagementsystem META-DOK,2011,,"66.593,00 €",
"META LEVEL Software AG, Saarbrücken",Beschäftigung eines Forschungsmitarbeiters,2013,,"19.200,00 €","19.200,00 €"
"MHA ZENTGRAF GmbH & Co. KG, Merzig",Beschäftigung eines Forschungsmitarbeiters,2012,,"19.200,00 €","19.200,00 €"
"MHA ZENTGRAF GmbH & Co. KG, Merzig",Energieoptimiertes Schalten von Fluiden (in Kooperation mit ZeMA - Zentrum für Mechat- ronik und Automatisierungstechnik gemein- nützige GmbH),2012,,"150.147,00 €",
"MHA ZENTGRAF GmbH & Co. KG, Merzig",Skalierbares automatisiertes Fertigungskon- zept zur weltweiten wirtschaftlichen Fertigung von Komponenten,2012,,"124.449,00 €",
"MHA ZENTGRAF GmbH & Co. KG, Merzig",Beschäftigung eines Forschungsmitarbeiters,2013,,"18.000,00 €","17.730,24 €"
"Ministerium für Wirt- schaft und Wissen- schaft, Saarbrücken",Neugestaltung der Printmedien der Saarland Offensive für Gründer (SOG) und Relaunch des Internetangebotes www.sog.saarland.de,2008,,"147.742,56 €","144.172,39 €"
"Ministerium für Wirt- schaft und Wissen- schaft, Saarbrücken",Anpassung der Gründercard (SOG-Intranet) im Relaunch des Internetangebotes www.sog.saarland.de,2008,,"16.065,00 €","16.065,00 €"
"Ministerium für Wirt- schaft und Wissen- schaft, Saarbrücken","Bewerbung, Organisation und Betreuung der Kick-Off-Veranstaltung am 25.08.2008",2008,,"26.536,42 €","26.536,42 €"
"Ministerium für Wirt- schaft und Wissen- schaft, Saarbrücken",Einrichtung eines SOG-Büros,2009,,"215.534,00 €","215.533,92 €"
"Ministerium für Wirt- schaft und Wissen- schaft, Saarbrücken",Miete der Halle 1 im Anwesen des Saarbrü- cker Messegeländes zwecks Durchführung einer Existenzgründermesse,2009,,"31.984,10 €","31.984,10 €"
"Ministerium für Wirt- schaft und Wissen- schaft, Saarbrücken","Bewerbung, Organisation und Betreuung des SOG Beratershops am 04.02.2009",2009,,"6.259,40 €","6.017,12 €"
"Ministerium für Wirt- schaft und Wissen- schaft, Saarbrücken","Organisation, Bewerbung und Durchführung der Veranstaltung Gründermesse SOG 09 am 25.04.2009 auf dem Messegelände Saarbrücken",2009,,"219.523,86 €","205.009,33 €"
"Ministerium für Wirt- schaft und Wissen- schaft, Saarbrücken","Bewerbung, Organisation und Betreuung der SOG-Beratershops am 13.05., 02.09. und 04.11.2009",2009,,"11.374,02 €","11.374,02 €"
"Ministerium für Wirt- schaft und Wissen- schaft, Saarbrücken",Aktualisierung der Printmedien,2010,,"26.427,52 €","26.427,52 €"
"Ministerium für Wirt- schaft und Wissen- schaft, Saarbrücken",Miete der Halle 1 auf dem Anwesen des Saarbrücker Messegeländes zwecks Durch- führung der SOG-Gründermesse,2010,,"31.229,22 €","31.229,22 €"
"Ministerium für Wirt- schaft und Wissen- schaft, Saarbrücken","Organisation, Bewerbung und Durchführung der SOG-Gründermesse am 25.09.2010 auf dem Messegelände in Saarbrücken",2010,,"187.793,07 €","187.793,07 €"
"Ministerium für Wirt- schaft und Wissen- schaft, Saarbrücken",Durchführung einer 2-jährigen Motivations- kampagne für die Themen Gründung und Unternehmergeist,2010,,"229.146,40 €","228.892,12 €"
"Ministerium für Wirt- schaft und Wissen- schaft, Saarbrücken","Bewerbung, Organisation und Betreuung der SOG-Beratershops 2011 am 15.03., 13.04., 17.05., 16.06., 23.08., 27.09., 26.10. und 06.12.2011",2011,,"29.784,87 €","18.764,61 €"
"Ministerium für Wirt- schaft und Wissen- schaft, Saarbrücken",Organisation und Durchführung der Grün- dermesse 2012 „Du CHEFst das“,2011,2012,"166.482,25 €","144.189,33 €"
"Ministerium für Wirt- schaft und Wissen- schaft, Saarbrücken",Miete einer Halle auf dem Saarbrücker Mes- segelände zwecks Durchführung der SOG- Gründermesse 2012,2012,,"33.628,28 €","32.973,78 €"
"Ministerium für Wirt- schaft und Wissen- schaft, Saarbrücken","Bewerbung, Organisation und Betreuung der SOG-Beratershops 2012 am 18.04., 05.06., 05.09. und 14.11.2012",2012,,"12.340,30 €","12.257,00 €"
"Ministerium für Wirt- schaft und Wissen- schaft, Saarbrücken","Bewerbung, Organisation und Betreuung des 4. Saarländischen Gründerinnentags am 16.11.2012",2012,,"18.730,12 €","18.730,12 €"
"Ministerium für Wirt- schaft und Wissen- schaft, Saarbrücken",Demografie Netzwerk Saar,2013,,"106.839,11 €",
"Ministerium für Wirt- schaft und Wissen- schaft, Saarbrücken",Weiterbildungsberatung für KMU im Saarland,2013,,"42.978,65 €",
"Ministerium für Wirt- schaft, Arbeit, Energie und Verkehr, Saarbrü- cken",Beratershop 2013,2013,,"9.781,80 €","7.665,03 €"
"Ministerium für Wirt- schaft, Arbeit, Energie und Verkehr, Saarbrü- cken",Gründermesse 2013,2013,,"204.927,79 €","191.964,78 €"
"Ministerium für Wirt- schaft, Arbeit, Energie und Verkehr, Saarbrü- cken",Durchführung Motivationskampagne 2013- 2015,2013,,"271.051,75 €",
"Ministerium für Wirt- schaft, Arbeit, Energie",Vertrag Saarmesse,2013,,"24.334,70 €","24.334,70 €"
"Ministerium für Wirt- schaft, Arbeit, Energie und Verkehr, Saarbrü- cken",Beratershops 2014,2014,,"18.831,75 €","18.831,75 €"
"Ministerium für Wirt- schaft, Arbeit, Energie und Verkehr, Saarbrü- cken",5. saarländischer Gründerinnentag,2014,,"23.186,36 €","20.196,01 €"
"Mittelstadt Völklingen, Völklingen",Wärmedämmmaßnahmen an der Grund- schule Schlosspark Geislautern,2010,,"158.590,79 €","158.590,79 €"
"Mittelstadt Völklingen, Völklingen",Wärmedämmmaßnahmen an der Waldschu- le in Fürstenhausen,2010,,"61.270,29 €","61.270,29 €"
"Mittelstadt Völklingen, Völklingen",Wärmedämmmaßnahmen an der Grund- schule Ludweiler „Dependance Lauterbach“,2010,,"146.572,21 €","111.080,37 €"
"Mittelstadt Völklingen, Völklingen",Wärmedämmmaßnahme am Dach  der Grundschule Ludweiler - Dependance Lau- terbach,2011,,"139.703,10 €","127.949,93 €"
"Mittelstadt Völklingen, Völklingen",Wärmedämmmaßnahmen am alten Rathaus in Völklingen,2011,,"30.921,53 €","29.559,25 €"
"Mittelstadt Völklingen, Völklingen",Wärmedämmung am Dach der Hermann- Neuberger Sporthalle Völklingen,2013,,"619.450,95 €","464.986,56 €"
"Mittelstadt Völklingen, Völklingen",Fenstererneuerung und Außenwanddäm- mung Warndtstadion Ludweiler:,2013,,"38.719,41 €","26.779,04 €"
"Mittelstadt Völklingen, Völklingen",Energetische Fenster- und Dachsanierung Jugendzentrum Hofstattstr,2013,,"71.725,74 €","63.941,14 €"
"Mittelstadt Völklingen, Völklingen",Dachdämmung und Außenwanddämmung Leichenhalle Ludweiler:,2013,,"62.935,91 €","37.203,20 €"
"Mittelstadt Völklingen, Völklingen",Energetische Sanierung der Turnhalle in Völklingen-Wehrden,2013,,"99.011,37 €","89.547,80 €"
"Mittelstadt Völklingen, Völklingen",Energetische Sanierung der Lauterbachhalle,2013,,"527.514,31 €","518.218,40 €"
"Mittelstadt Völklingen, Völklingen",Dachdämmung,2014,,"74.337,42 €",
"Mittelstadt Völklingen, Völklingen",Wärmdämmung,2014,,"104.497,75 €",
"MJR PharmJet GmbH, Saarlouis",Entwicklung eines nanopartikulären Wirk- stoff-Transportsystems zur gezielten Be- handlung von Gehirntumoren,2010,,"181.237,00 €","135.966,25 €"
"MJR PharmJet GmbH, Saarlouis",Errichtung der Betriebsstätte in 66424 Hom- burg,2011,2014,"38.783,00 €","38.783,00 €"
"MJR PharmJet GmbH, Saarlouis",Beschäftigung eines Forschungsmitarbeiters,2013,,"18.600,00 €",
"Modellbau Junker GmbH, Illingen","Diversifizierung der Produktion einer Be- triebsstätte in neue, zusätzliche Produkte",2009,2010,"125.000,00 €","125.000,00 €"
Motama GmbH,Entwicklungsprojekt personalisierte Werbung für Internet-TV,2013,,"84.117,00 €",
"MTG GmbH, Sulzbach",Weiterentwicklung eines OP-Gelenkarms,2010,,"34.990,00 €","34.990,00 €"
"NANOGATE Advanced Materials GmbH, Göttelborn",Entwicklung der Dotfarm-Optics-Technologie für großflächige Anwendungen,2009,,"200.000,00 €","200.000,00 €"
"NetComSolutions GmbH, Sulzbach",Einführung eines Umwelt- Managementsystems,2009,,"4.095,00 €","4.020,38 €"
"O.E.M. GmbH, Saarbrücken","„CROMEX – CrossMedia E-Examination“ (in Kooperation mit der Deutschen Forschungs- zentrum für Künstliche Intelligenz GmbH (DFKI), Centre for e-Learning Technology der DFKI GmbH)",2011,,"240.450,00 €","169.231,39 €"
"PharmBioTec GmbH, Saarbrücken",Anschub- und Startprojekt Pharm- bioTec,2010,,"4.027.910,00 €",
"PHAST GmbH, Homburg",Beschäftigung von zwei Forschungsmitarbei- tern,2009,,"32.400,00 €","32.400,00 €"
"PMT Präzision-Medizin- Technik GmbH, 66709 Weiskirchen",Erweiterung der Betriebsstätte,2013,,"63.600,00 €",
Profitech GmbH,Entwicklung eines Multisensor-Linienlasers,2013,,"126.755,00 €",
"Prochem GmbH, Oberthal",Einführung eines Umwelt- Managementsystems,2009,,"5.187,00 €","3.856,12 €"
"Projektgesellschaft Thermalbad Rilchingen mbH, Kleinblittersdorf",Neubau Thermalbad in Rilchingen-Hanweiler,2010,,"2.600.000,00 €",
"Projektgesellschaft Thermalbad Rilchingen mbH, Kleinblittersdorf",Touristische Erschließung an der Saarland Therme in Rilchingen-Hanweiler,2011,2013,"9.095.168,00 €",
"Projektgesellschaft Thermalbad Rilchingen mbH, Kleinblittersdorf",Errichtung von Wohnmobilstellplätzen am Thermalbad Rilchingen,2014,2015,"1.147.223,58 €",
"Prot. Kirchengemeinde, Homburg-Erbach",Energetische Dachsanierung am Martin- Luther-Haus,2013,,"39.120,37 €",
"Prot. Kirchengemeinde, St. Ingbert-Hassel",Dachdämmung,2014,,"23.207,84 €","23.207,84 €"
"Prot. Kirchengemeinde, Bruchhof-Sanddorf- Hassel",Energetische Sanierung,2014,,"30.313,13 €",
Rahbarsoft Websystems e.K.,"Beschäftigung der Forschungsmitarbeiterin Susanne Smilek, Bachelor of Arts",2014,,"17.100,00 €",
"Raimund Lesch KG, Illingen",Einführung eines Umwelt- Managementsystems,2009,,"6.911,45 €","6.911,45 €"
"RBE Ralf Brill Engineer- ing GmbH, Sulzbach",Beschäftigung eines Forschungsmitarbeiters,2011,,"14.800,00 €",
"Regionalverband Saar- brücken, Saarbrücken",Erneuerung der Treppenhausverglasung an der Gesamtschule in Riegelsberg,2010,,"7.830,31 €","7.830,31 €"
"Regionalverband Saar- brücken, Saarbrücken",Flachdachsanierung über dem Duschtrakt zwischen der alten und neuen Sporthalle am Otto-Hahn-Gymnasium,2010,,"7.517,41 €","7.515,41 €"
"Regionalverband Saar- brücken, Saarbrücken","Sanierung des Steil- und Flachdaches an der ERS Gersweiler, 2. BA",2010,,"28.028,71 €","24.744,93 €"
"Regionalverband Saar- brücken, Saarbrücken","Deutsch-Französisches Gymnasium, Erneu- erung der Fenster BT D, Westfassade",2010,,"71.316,00 €","71.316,00 €"
"Regionalverband Saar- brücken, Saarbrücken","Ludwigsgymnasium, Erneuerung der Fenster im Turmzimmer",2010,,"13.867,00 €","13.867,00 €"
"Regionalverband Saar- brücken, Saarbrücken","Wirtschaftsschulen Saarbrücken, Fassaden- sanierung des Treppenhauses",2010,,"30.507,40 €","19.652,91 €"
"Regionalverband Saar- brücken, Saarbrücken","TGBBZ II, Paul-Schmook-Schule, Erneue- rung der Fenster im Altbau",2010,,"15.848,00 €","15.848,00 €"
"Regionalverband Saar- brücken, Saarbrücken","Theodor-Heuss-Gymnasium Sulzbach, Erneuerung der Fenster der Turnhalle",2010,,"27.734,00 €","21.481,81 €"
"Regionalverband Saar- brücken, Saarbrücken","ERS Völklingen I, Fassadensanierung 4. BA, Fenstererneuerung und Wärmedämmver- bundsystem",2010,,"48.732,60 €","47.744,48 €"
"Regionalverband Saar- brücken, Saarbrücken","ERS Klarenthal, Flachdachsanierung",2010,,"27.337,80 €","22.337,80 €"
"Regionalverband Saar- brücken, Saarbrücken","ERS Heusweiler, Fenstererneuerung im Ostflügel und im Nebengebäude (WC-Trakt)",2010,,"105.785,40 €","104.546,00 €"
"Regionalverband Saar- brücken, Saarbrücken",Lernwerkstatt für Erzieher/-innen am SBBZ Saarbrücken,2010,,"57.490,11 €","43.730,28 €"
"Regionalverband Saar- brücken, Saarbrücken",Kompetenzzentrum für Nahrungstechnik und das Hotel- und Gaststättengewerbe am TGBBZ II Saarbrücken,2010,,"523.858,23 €","290.941,93 €"
"Regionalverband Saar- brücken, Saarbrücken",Aufbau eines Werkstofflabors am TGSBBZ Völklingen,2011,,"64.500,00 €","64.500,00 €"
"Regionalverband Saar- brücken, Saarbrücken",Kompetenzzentrum für Rechnungslegung an den Günter-Wöhe-Schulen für Wirtschaft in Saarbrücken,2011,,"131.290,92 €","98.854,42 €"
"Regionalverband Saar- brücken, Saarbrücken",Flachdachsanierung an der Gesamtschule in Ludweiler / Warndthalle,2011,,"89.145,00 €","59.398,63 €"
"Regionalverband Saar- brücken, Saarbrücken",Cloud Computing-KBBZ Halberg,2012,,"198.324,36 €","173.226,48 €"
"Regionalverband Saar- brücken, Saarbrücken",CA*-Kompetenzzentrum für Holztechnik- TGBBZ I Saarbrücken,2012,,"95.901,69 €","69.762,62 €"
"Regionalverband Saar- brücken, Saarbrücken",Fenstererneuerung im Eingangsbereich der Erweiterten Realschule Bruchwiese,2013,,"31.763,03 €","19.891,70 €"
"Regionalverband Saar- brücken, Saarbrücken",Flachdachsanierung am Deutsch- Französisches Gymnasium,2013,,"79.198,79 €","67.576,06 €"
"Regionalverband Saar- brücken, Saarbrücken","Fenstererneuerung und Außenwanddäm- mung am SBBZ Saarbrücken, Bauteil B",2013,,"72.102,45 €","42.147,84 €"
"Regionalverband Saar- brücken, Saarbrücken",Flachdachsanierung an den Wirtschaftsschu- len Saarbrücken,2013,,"53.476,56 €","53.355,74 €"
"Regionalverband Saar- brücken, Saarbrücken","Kompetenzzentrum für Elektrotechnik, Me- chatronik und Mikrosystemtechnik – TGBBZ Saarbrücken",2013,,"367.322,40 €","367.322,40 €"
"Regionalverband Saar- brücken, Saarbrücken",Fenstererneuerung Dachdämmung,2014,,"147.605,62 €","139.688,93 €"
"Regionalverband Saar- brücken, Saarbrücken",Fenster- und Türenerneuerung,2014,,"56.962,41 €","46.256,70 €"
"Regionalverband Saar- brücken, Saarbrücken",Energetische Sanierung,2015,,"67.354,00 €",
"Regionalverband Saar- brücken, Saarbrücken",Fenstererneuerung,2015,,"68.146,40 €",
"Regionalverband Saar- brücken, Saarbrücken",Energetische Sanierung,2015,,"112.891,25 €",
"retailsolutions GmbH, Saarbrücken",Beschäftigung eines Forschungsmitarbeiters,2009,,"15.000,00 €","15.000,00"
"retailsolutions GmbH, Saarbrücken",Beschäftigung einer Forschungsmitarbeiterin,2011,,"15.000,00 €","15.000,00 €"
"retailsolutions GmbH, Saarbrücken",Entwicklung einer „Integrated Data Quality Workbench“,2012,,"131.274,00 €",
"retailsolutions GmbH, Saarbrücken",Entwicklungsprojekt ALM Cockpit,2014,,"53.274,00 €",
"RIL-CHEMIE Marc Breit, Kleinblittersdorf",Beschäftigung eines Forschungsmitarbeiters,2011,,"6.900,00 €","6.900,00 €"
"RIL-CHEMIE Marc Breit, Kleinblittersdorf",Beschäftigung eines Forschungsmitarbeiters,2011,,"15.600,00 €","15.600,00 €"
"Roeder GmbH Bauun- ternehmung, Völklingen",Einführung eines Umwelt- Managementsystems,2009,,"1.456,00 €","1.301,76 €"
"Ropimex R. Opel GmbH, Neunkirchen",Erweiterung der Betriebsstätte in 66538 Neunkirchen,2010,2014,"150.000,00 €","150.000,00 €"
"Rosemarie Eppers e. K., Saarbrücken",Beschäftigung eines Forschungsmitarbeiters,2010,,"13.800,00 €","13.800,00 €"
"RRC power solutions GmbH, Homburg",Externe Antragsredaktion für Antragstellung im ZIM-Programm des Bundes (Projekt HIG- Com),2010,,"7.828,00 €","7.828,00 €"
"RRC power solutions GmbH, Homburg",Erweiterung der Betriebsstätte in 66424 Homburg,2012,2015,"152.913,00 €","152.913,00 €"
"Ro.Sch-Service e.K., Dillingen",Einführung eines Umwelt- Managementsystems,2012,,"3.676,00 €","3.611,94 €"
"2. RS Invest GmbH, Stadthotel Völklingen Betriebsgesellschaft mbH, Völklingen","Neubau eines 3-Sterne-Superior-Hotels in 66333 Völklingen, Kühlweinstraße / Ecke Parkhausweg",2011,,"2.012.500,00 €","2.012.500,00 €"
"R u. S Metallbau GmbH,",Diversifizierung der Produktion einer Be-,2009,,"4.456,00 €",
"Saar Hartmetall und Werkzeuge GmbH, Püttlingen",Erweiterung der Einsatzmöglichkeiten von SARACOM-Walzringen bzw. SARAMAX- Wellen,2009,,"38.704,00 €",
"Saarland Blumen Weber GmbH & Co. KG, Hans- Peter Weber (Mitunter- nehmer), Saarwellingen",Verlagerung der Betriebsstätte von 66773 Schwalbach nach 66793 Saarwellingen,2011,2012,"118.000,00 €","118.000,00 €"
"Saarland Innovation und Standort e. V. (saar.is), vormals Zentrale für Produktivität und Tech- nologie e. V. (ZPT) Saarbrücken",FuE-Projektbüro,2008,,"961.000,00 €","907.794,43 €"
"Saarland Innovation und Standort e. V. (saar.is), vormals Zentrale für Produktivität und Tech- nologie e. V. (ZPT) Saarbrücken",Projekte zur Stimulierung von Innovationen der Saarwirtschaft (PROSIS),2013,,"1.255.147,71 €","1.087.565,30 €"
Saarland Therme & Co. KG Zum Bergwald 1 66271 Kleinblittersdorf,Erweiterung der Saarland Therme um ein Soleintensivschwebebecken und Soleinhala- tion,2013,,"117.000,00 €","117.000,00 €"
saar.is,Koordinierungsstelle SOG- Qualifizierungsangebote,2013,,"163.840,00 €",
"Saar-Lor-Lux Umwelt- zentrum GmbH, Saarbrücken",Einführung eines Umwelt- Managementsystems,2010,,"1.581,56 €","1.581,56 €"
"Saar-Lor-Lux Umwelt- zentrum GmbH, Saarbrücken",Einführung EMAS,2013,,"1.648,01 €","1.297,66 €"
"Saarpfalz Kreis, Homburg",Errichtung eines Blockheizkraftwerkes an der Albert-Schweizer-Schule in St. Ingbert,2010,,"22.796,25 €","22.796,25 €"
"Saarpfalz Kreis, Homburg",Kompetenzverbund Mechatronik am BBZ Homburg,2010,,"182.191,38 €","170.189,79 €"
"Saarpfalz Kreis, Homburg",Kompetenzverbund Well- ness/Gesundheitsförderung/Hautschutz für jedermann am BBZ St. Ingbert,2010,,"181.224,56 €","181.224,56 €"
"Saarpfalz Kreis, Homburg",Rekonstruktion des Nebengebäudes B 6 im Europäischen Kulturpark Bliesbrück- Reinheim,2011,2015,"1.372.964,89 €","1.372.964,89 €"
"Saarpfalz Kreis, Homburg",Energetische Sanierung der Sport- und Spielhalle Wallerfeld,2013,,"187.258,55 €","170.048,39 €"
"Saarpfalz Kreis, Homburg",Energetische Dachsanierung am BBZ Hom- burg,2013,,"166.286,86 €",
"Saarpfalz Kreis, Homburg",Einbau einer Eisspeicherheizung in der Grundschule Bruchhof,2013,,"117.860,61 €","115.533,55 €"
"Saarpfalz Kreis, Homburg",Wärmedämmung der Gebäude in der Lap- pentascher Str.100,2013,,"135.103,68 €",
"Saarpfalz Kreis, Homburg",Energetische Sanierung,2014,,"14.909,67 €","14.909,67 €"
"Saarpfalz Kreis, Homburg",Machbarkeitsstudie,2014,,"9.429,56 €","9.429,56 €"
"sarastro GmbH, Quierschied",Technische Durchführbarkeitsstudie betref- fend die Herstellung und Entwicklung von core/shell-Nanopartikeln auf der Basis von Kupfer und Silber zur Anwendung als kos- tengünstige leitfähige Schicht mittels Druck- verfahren (in Kooperation mit dem INM Leibniz Institut für Neue Materialien gGmbH),2010,,"94.731,78 €","92.074,17 €"
"Satzweiss.com GmbH, Saarbrücken",Entwicklung eines Konverters für elektroni- sche Mehrwertbücher bzw. Added Value E- Books,2010,,"23.664,00 €","22.285,71 €"
"Satzweiss.com GmbH, Saarbrücken",Beschäftigung eines Forschungsmitarbeiters,2013,,"15.750,00 €","15.219,51 €"
"SBB Saarland Bau und Boden Projektgesell- schaft mbH, Saarbrücken","Erschließung des Industrie- und Gewerbe- parks „BAB 1 – Am Schaumberg“, im Ortsteil Theley der Gemeinde Tholey (2. BA, 1., 2. 3. und 4. FA)",2009,2015,"5.385.421,00 €",
"SBB Saarland Bau und Boden Projektgesell- schaft mbH, Saarbrücken","Revitalisierung des Gewerbegebietes „Ehe- malige Ziegelei“, im Ortsteil Kleinblittersdorf der Gemeinde Kleinblittersdorf (2. BA, 1. und 2. FA)",2009,2010,"2.007.108,00 €",
"SBB Saarland Bau und Boden Projektgesell- schaft mbH, Saarbrücken","Erschließung des Industrieparks „Holz“ in der Gemeinde Losheim am See und der Stadt Wadern (1., 2. und 3. FA)",2009,2015,"4.726.591,00 €",
"SBB Saarland Bau und Boden Projektgesell- schaft mbH, Saarbrücken","Konversion des ehemaligen Bundeswehr Depots „Zunderbaum“ in der Gemeinde Kirkel und der Stadt Homburg, Grunderwerb (1. FA)",2011,2015,"8.867.494,00 €",
"Schaumbergbad Tholey GmbH, Tholey",Einführung eines Umwelt- Managementsystems,2009,,"16.266,25 €","16.266,25 €"
Scheer Management GmbH,Entwicklungsprojekt „Saarland- Stromsparland 1000 Plus“,2013,,"160.958,00 €",
"Schirra GmbH & Co KG, Wadern",Revalidierung des Umwelt- Managementsystems,2012,,"1.911,00 €",
"Schmid electronics GmbH, Rehlingen-Siersburg",Einführung eines Umwelt- Managementsystems,2009,,"1.876,87 €","1.856,25 €"
"Schmidt GmbH, Püttlingen",Einführung eines Umwelt- Managementsystems,2012,,"1.550,70 €","1.532,21 €"
"Schmidt GmbH, Püttlingen",Einführung EMAS,2014,,"4.095,00 €","4.095,00 €"
"Schneider Planta Che- micals GmbH, Eppelborn",Entwicklung eines speziellen Extrusionsver- fahrens zur Herstellung von streufähigen Granulaten mit steuerbarer Wirkungsdauer für den Pflanzenschutz,2011,,"139.070,00 €","89.732,77 €"
"Schneider Planta Che- micals GmbH, Eppelborn",Beschäftigung eines Forschungsmitarbeiters,2013,,"19.200,00 €","19.200,00 €"
"Schreinerei Stein, Saarbrücken",Einführung eines Umwelt- Managementsystems,2009,,"855,00 €","855,00 €"
"SemVox GmbH, Saarbrücken",Beschäftigung eines Forschungsmitarbeiters,2010,,"19.200,00 €","19.200,00 €"
"SemVox GmbH, Saarbrücken",Entwicklung einer digitalen Home- Entertainment-Lösung mit der Bezeichnung SemMedia,2010,,"79.063,00 €","65.948,98 €"
"3 S GmbH, Saarbrücken",Entwicklung eines ultrakompakten Geruchs- sensors zur Integration in Ventilatoren und zur Energieeinsparung,2009,,"115.110,00 €","85.579,95 €"
"3 S GmbH, Saarbrücken",Beschäftigung eines Forschungsmitarbeiters,2013,,"19.200,00 €","19.200,00 €"
"3 S GmbH, Saarbrücken",Beschäftigung eines Forschungsmitarbeiters,2013,,"18.000,00 €","18.000,00 €"
"Siebert Industrieelektro- nik GmbH, Eppelborn",Beschäftigung eines Innovationsassistenten,2008,,"5.413,33 €","5.413,33 €"
"Siepmann GmbH, Lebach",Beschäftigung eines Forschungsmitarbeiters,2010,,"16.500,00 €","16.500,00 €"
Sparkasse Saarbrücken GmbH,Einführung EMAS,2014,,"8.478,40 €","8.356,46 €"
"SP CNC- Fertigungstechnik GmbH, St. Wendel",Erweiterung und Verlagerung der Betriebs- stätte innerhalb 66606 St. Wendel,2012,2015,"36.535,00 €","36.535,00 €"
"Spicher Automation GmbH, Lebach",Beschäftigung eines Forschungsmitarbeiters,2010,,"18.000,00 €","18.000,00 €"
"Spicher Automation GmbH, Lebach",Beschäftigung eines Forschungsmitarbeiters,2010,,"16.500,00 €","16.500,00 €"
"Stadt Bexbach, Bexbach","Energieeinsparmaßnahme an der Grund- schule ""Am Kälberberg"" in Oberbexbach:",2011,,"194.651,23 €","126.667,21 €"
"Stadt Bexbach, Bexbach",Energieeinsparmaßnahmen an der Goethe- schule in Bexbach,2011,,"95.386,00 €","95.386,00 €"
"Stadt Dillingen, Dillingen",Sanierung des Clubhauses Sportplatz Ba- belsberg Dillingen-Diefflen,2011,,"5.565,18 €","5.565,18 €"
"Stadt Dillingen, Dillingen",Teilsanierung der Römerhalle in  Dillingen,2011,,"12.531,56 €","12.531,56 €"
"Stadt Dillingen, Dillingen",Energetische Sanierung der Umkleideräume in der Freiwilligen Feuerwehr Dillingen- Innenstadt,2011,,"6.798,71 €","6.798,71 €"
"Stadt Dillingen, Dillingen",Erneuerung der Fensterelemente des Ge- bäudes Volkshochschule Dillingen,2011,,"26.787,28 €","26.787,28 €"
"Stadt Dillingen, Dillingen",Fenster- und Türenerneuerung im Gebäude Saarlouiser Str.3 in Dillingen,2013,,"17.064,84 €","17.064,84 €"
"Stadt Dillingen, Dillingen",Dachsanierung am DRK-Gebäude in Dillin- gen -Diefflen,2013,,"12.480,30 €","12.280,06 €"
"Stadt Dillingen, Dillingen",Fenstersanierung in der Odilienschule in Dillingen,2013,,"22.158,08 €","22.158,08 €"
"Stadt Dillingen, Dillingen",Energetische Sanierung des Gebäudes in der Dr. Prior Str. in Dillingen,2013,,"31.453,91 €","28.508,89 €"
"Stadt Dillingen, Dillingen",Fenstererneuerung,2014,,"119.531,29 €","116.098,93 €"
"Stadt Dillingen, Dillingen",Fenstererneuerung,2014,,"6.953,82 €","5.906,82 €"
"Stadt Dillingen, Dillingen",Fenstererneuerung,2014,,"24.406,53 €","24.406,53 €"
"Stadt Lebach, Lebach",Wärmedämmung an der Großsporthalle in Lebach,2009,,"295.078,77 €","294.670,46 €"
"Stadt Lebach, Lebach",Gewerbegebiet Häpelt,2013,2014,"2.399.088,00€",
"Stadt Lebach, Lebach",Fenstererneuerung,2014,,"6.904,92 €","6.904,92 €"
"Stadt Lebach, Lebach",Fenstererneuerung,2014,,"19.226,46 €","18.876,63 €"
"Stadt Lebach, Lebach",Energetische Sanierung,2015,,"75.639,33 €",
"Stadt Neunkirchen, Neunkirchen",Infrastrukturmaßnahmen im Bereich des Tourismusschwerpunktes „Lakaienschäferei“ in Neunkirchen,2009,,"948.395,00 €","948.395,00 €"
"Stadt Neunkirchen, Neunkirchen",Energetische Sanierung des Rathauses in Neunkirchen,2013,,"1.500.577,00 €",
"Stadt Neunkirchen, Neunkirchen",Energetische Sanierung,2015,,"218.246,77 €",
"Stadt Püttlingen, Eigen- betrieb Technische Dienste, Püttlingen",Wärmedämmung des Daches an der Grund- schule Pater-Eberschweiler in Püttlingen,2011,,"60.981,55 €","60.981,55 €"
"Stadt Püttlingen, Eigen- betrieb Technische Dienste, Püttlingen",Fenstererneuerung und Wärmedämmver- bundsystem an der Grundschule Pater- Eberschweiler in Püttlingen,2011,,"79.642,32 €","79.642,32 €"
"Stadt Püttlingen, Pütt- lingen",Energetische Sanierung des Hausmeister- Wohngebäude-Traktes der Grundschule Pater-Eberschweiler in Püttlingen,2013,,"12.553,17 €","12.553,17 €"
"Stadt Püttlingen, Pütt- lingen",Energetische Sanierung,2014,,"7.671,05 €",
"Stadt Saarlouis, Saarlouis",Wärmedämmmaßnahmen am Rathaus in Saarlouis,2011,,"19.891,62 €","19.236,07 €"
"Stadt Saarlouis, Saarlouis",Energetische Sanierung der Stadtgartenhalle in Saarlouis,2013,,"563.274,12 €","477.169,92"
"Stadt Saarlouis, Saarlouis",Wärmepumpe,2014,,"5.818,15 €",
"Stadt Saarlouis, Saarlouis",Biomassefeuerungsanlage,2014,,"200.000,00 €","200.000,00 €"
"Stadt St. Ingbert, St. Ingbert",Nahwärmenetz von Rathaus bis Baumwoll- spinnerei,2010,,"161.828,52 €","145.207,11 €"
"Stadt St. Ingbert, St. Ingbert",Nahwärmenetz KWK-Anlage „Am Hasen- bühl“ und „In den Schwammwiesen“,2010,,"201.577,81 €","183.477,49 €"
"Stadt Wadern, Wadern",Errichtung eines Blockheizkraftwerkes in der Hochwaldalm bei Wadrill,2010,,"21.535,41 €","21.535,41 €"
"Sulvinja Kürbekleidung, Schwalbach",Errichtung der Betriebsstätte in 66773 Schwalbach,2011,,"25.000,00 €",
"Süppmayer Immobilien GmbH & Co. KG, Adress Control Süpp- meyer GmbH, AC Con- sulting GmbH, Saarbrücken",Verlagerung der Betriebsstätte innerhalb 66271 Kleinblittersdorf,2011,,"110.939,00 €","110.939,00 €"
"SVQ GmbH, Lebach",Beschäftigung eines Forschungsmitarbeiters,2009,,"19.200,00 €","19.200,00 €"
"SVQ GmbH, Lebach",Beschäftigung eines Forschungsmitarbeiters,2010,,"16.500,00 €","16.500,00 €"
"SVQ GmbH, Lebach",Beschäftigung eines Forschungsmitarbeiters,2011,,"18.000,00 €","18.000,00 €"
"SYBCOM GmbH, Saarbrücken",Externe Antragsredaktion für Antragstellung im ZIM-Programm des Bundes,2009,,"10.000,00 €","7.175,32 €"
"Synergetik GmbH, Illingen",Entwicklung einer Schlicksonde,2010,,"93.917,00 €","93.916,99 €"
"tec4U Ingenieurgesell- schaft mbH, Saarbrücken",Beschäftigung eines Forschungsmitarbeiters,2008,,"18.999,60 €","18.999,60 €"
"tec4U Ingenieurgesell- schaft mbH, Saarbrücken",Entwicklung eines SVHC-Monitors,2010,,"59.179,00 €","58.828,10 €"
"tec4U Ingenieurgesell- schaft mbH, Saarbrücken",Entwicklung einer wissensintensiven Dienst- leistung auf Basis einer softwaregestützten Personalentwicklung mit der Bezeichnung PE3D,2010,,"77.162,00 €","76.826,86 €"
"Tierarztpraxis Bernhard Lenhof, Tholey-Hasborn",Revalidierung des Umwelt- Managementsystems,2009,,"1.415,05 €",
"Topmedicare GmbH, 66299 Friedrichtsthal",Erweiterung einer Betriebsstätte,2013,2015,"763.200,00 €","763.200,00 €"
"toroma organics LTD, Saarbrücken",Entwicklung eines Verfahrens zur Synthese neuer pharmarelevanter Boronsäuren,2010,,"121.390,00 €","52.344,99 €"
"Tschan GmbH, Neunkirchen",Beschäftigung eines Forschungsmitarbeiters,2010,,"19.200,00 €","19.199,99 €"
"TTEC GmbH, 66450 Bexbach",Erweiterung und Verlagerung der Betriebs- stätte,2013,,"59.803,00 €","59.803,00 €"
"Universität des Saarlan- des, Saarbrücken",Advanced Materials Engineering Labors (AME-Lab),2009,2014,"5.364.695,11 €",
"Universität des Saarlan- des, Kontaktstelle für Wissens- und Techno- logietransfer der Univer- sität des Saarlandes (KWT), Saarbrücken",Förderung junger Unternehmen in der Grün- dungs- sowie in der Festigungs-/ Produktiv- phase,2008,,"182.780,00 €","147.893,82 €"
"Universität des Saarlan- des, Kontaktstelle für Wissens- und Techno- logietransfer der Univer- sität des Saarlandes (KWT), Saarbrücken",Einrichtung von Transferbereichen an der Universität des Saarlandes; Verstärkung der Kooperation Wirtschaft - Wissenschaft (Ko- Wi2),2008,2013,"1.840.166,56 €",
"Universität des Saarlan- des, Kontaktstelle für Wissens- und Techno- logietransfer der Univer- sität des Saarlandes (KWT), Saarbrücken",Route 2020,2014,,550.000 €,
"Universität des Saarlan- des, Kontaktstelle für Wissens- und Techno- logietransfer der Univer- sität des Saarlandes (KWT), Saarbrücken",ZEUS,2012,,"1.011.497,50 €",
"Utopia Velo GmbH, Saarbrücken","Externe technische Dienstleistungen, Prü- fungen und Zulassungen im Zusammenhang mit der Entwicklung eines speziellen Fahr- rad-Elektroantriebs für handicaped persons und Vielfahrer",2009,,"64.143,00 €","64.143,00 €"
Ver- und Entsorgungs- zweckverband Lebach,Energetische Sanierung und Lüftungsanlage mit Wärmerückgewinnung,2014,,"80.545,58 €","80.545,58 €"
Ver- und Entsorgungs- zweckverband Lebach,"Anbringen eines Wärmedämmsystems am Anwesen Dillinger Straße 120 in Lebach, Hallen D und E",2013,,"119.454,42 €","117.721,28 €"
"Vexario sports GmbH & Co. KG, St. Wendel",Beschäftigung eines Forschungsmitarbeiters,2012,,"14.400,00 €","14.372,00 €"
"Villeroy & Boch AG, Mettlach",Einführung eines Umwelt- Managementsystems,2009,,"27.769,15 €","25.435,97 €"
"Villeroy & Boch Fliesen GmbH, Merzig",Einführung eines Umwelt- Managementsystems,2010,,"54.822,04 €","53.444,70 €"
Villeroy & Boch,Einführung EMAS,2013,,"26.308,16 €",
"VSE NET GmbH, Burbach",Einführung eines Umwelt- Managementsystems,2009,,"8.397,03 €","8.397,03 €"
"GünterWagnerals MitunernehmerderLA MAISON hotel GmbH & CoKG,Von-Schütz- Straße3,66740Saar- louis",Umbau eines historischen Gebäudes in ein Hotel mit Anbau in Saarlouis,2014,,"1.875.000,00 €","1.875.000,00 €"
"Weber und Leist GmbH, Sulzbach",Erweiterung der Betriebsstätte in 66386 St. Ingbert,2009,2010,"16.500,00 €","16.500,00 €"
"Wecker LWL Technik GmbH, Wadern",Erweiterung und Verlagerung der Betriebs- stätte innerhalb 66687 Wadern,2012,2014,"100.000,00 €",
"Weide & Co. Sicher- heitssysteme GmbH, St. Ingbert",Verlagerung der Betriebsstätte innerhalb 66386 St. Ingbert,2011,2012,"64.400,00 €","64.400,00 €"
"Weisang GmbH, 66386 St. Ingbert",Erweiterung und Verlagerung der Betriebs- stätte,2013,2015,"131.250,00 €","131.250,00 €"
"Wellgo Gerätetechnik GmbH, Nohfelden",Entwicklung intelligenter vernetzter Hygie- nespendergeräte,2009,,"164.924,00 €","156.187,05 €"
"Weltkulturerbe Völklin- ger Hütte, Europäisches Zentrum für Kunst und Industrie- kultur, Völklingen","Weltkulturerbe Völklinger Hütte, Herrichtung und touristische Erschließung des Hüttenen- sembles",2007,2015,"25.385.000,00 €",
"Wirtschaftsförderungs- verband Untere Saar e. V., Saarlouis",Durchführung des Projektes Sun-Area- Standortanalyse für Photovoltaikanlagen mit Erstellung einer Solardach-Potenzialanalyse für die Städte und Gemeinden des Landkrei- ses Saarlouis und Visualisierung durch eine Internet / Intranet-GIS-Lösung,2011,,"14.210,56 €","14.210,56 €"
"Wir verbinden Medien- consulting GmbH, Dudweiler","Externe Dienstleistungen, Prüfungen und Zulassungen im Zusammenhang mit der Umsetzung des Internetradios befamous.fm",2010,,"31.500,00 €","20.835,00 €"
Woll Maschinenbau GmbH,technische Durchführbarkeitsstudie zur Vorbereitung der experimentellen Entwick- lung eines teilautomatisierten Roboter- schweißplatzes für die Einzelteilfertigung,2014,,"79.882,50 €",
"WPW Ingenieure GmbH, Saarbrücken",Beschäftigung eines Forschungsmitarbeiters,2009,,"18.600,00 €","18.600,00 €"
"YOUPEC AG, Saarwellingen",Beschäftigung einer Forschungsmitarbeiterin,2011,,"15.600,00 €","15.600,00 €"
"ZeMA – Zentrum für Mechatronik und Auto- matisierungstechnik gemeinnützige GmbH, Saarbrücken",Produktivitäts- und Qualitätssteigerung durch Optimierung von Fertigungsprozessen und Entwicklung robuster Mess-Sensorik für den Einsatz in komplexen Fertigungssystemen Quadrat) der produzierenden Industrie (ProQ,2009,2012,"5.726.791,00 €",
"ZeMA – Zentrum für Mechatronik und Auto- matisierungstechnik gemeinnützige GmbH, Saarbrücken",Energieoptimiertes Schalten von Fluiden (in Kooperation mit MHA ZENTGRAF GmbH & Co. KG),2012,,"303.640,00 €",
"ZeMA – Zentrum für Mechatronik und Auto- matisierungstechnik gemeinnützige GmbH, Saarbrücken",FuE-Vorhaben „Digitalhydraulik“ (in Koopera- tion mit Hydac Fluidtechnik GmbH),2012,,"352.820,55 €",
"ZeMA – Zentrum für Mechatronik und Auto- matisierungstechnik gemeinnützige GmbH, Saarbrücken",Effiziente Montage- und innovative Inbetrieb- nahmeprozesse in der Produktion moderner Fahrzeuge (AutoMatik AutoIBN),2013,2014,"1.326.687,72 €","1.326.390,77 €"
"ZeMA – Zentrum für Mechatronik und Auto- matisierungstechnik gemeinnützige GmbH, Saarbrücken",Entwicklung innovativer Produktionstechno- logien für Großbauteile (Automatik IProGro),2013,2014,"877.071,54 €",
"ZeMA – Zentrum für Mechatronik und Auto- matisierungstechnik gemeinnützige GmbH, Saarbrücken",technische Durchführbarkeitsstudie zur Vorbereitung der experimentellen Entwick- lung eines teilautomatisierten Roboter- schweißplatzes für die Einzelteilfertigung,2014,,"193.731,43 €",
"Zentrale für Produktivität und Technologie Saar e.V. (ZPT), Saarbrücken",FuE-Projektbüro für den Mittelstand,2008,,"761.000,00 €",
"Zentrale für Produktivität und Technologie Saar e.V. (ZPT), Saarbrücken",Beratungsprojekt „Familienfreundliche Ar- beitswelt – Arbeiten und Leben im Saarland (ALS)“,2008,2011,"490.082,00 €",
"Zentrale für Produktivität und Technologie Saar e.V. (ZPT) Cluster „automotive.saarland“, Saarbrücken","Fortführung und Weiterentwicklung des Clusters ""automotive.saarland“",2007,,"300.000,00 €","271.523,72 €"
