Name des Begünstigten,Bezeichnung des Vorhabens / Zusammenfassung des Vorhabens,Beginns des Vorhabens,Gesamtbetrag der förderfähigen Ausgaben des Vorhabens  ,Unions-Kofinan-zierungssatz  pro Prioritäts-achse ,Ort des Vorhabens,Land,Bezeichnung der Interventionskategorie
"""Diagnostik Netzwerk Berlin-Brandenburg"" (DiagnostikNet-BB) e.V.","Gemeinschaftsstand ""Medica 2015"" in Düsseldorf ",20.05.2014,"102.691,05 € ",80%,"Hennigsdorf, Stadt",Deutschland,066 Fortgeschrittene Unterstützungsdienste für KMU und KMU-Zusammenschlüsse
"""Diagnostik Netzwerk Berlin-Brandenburg"" (DiagnostikNet-BB) e.V.",Gemeinschaftsstand AACC 2015 in Atlanta ,20.05.2014,"41.991,00 € ",80%,"Hennigsdorf, Stadt",Deutschland,066 Fortgeschrittene Unterstützungsdienste für KMU und KMU-Zusammenschlüsse
"""Diagnostik Netzwerk Berlin-Brandenburg"" (DiagnostikNet-BB) e.V.","Gemeinschaftsstand ""AACC 2016"" in Philadelphia ",02.06.2016,"48.100,00 € ",80%,"Hennigsdorf, Stadt",Deutschland,066 Fortgeschrittene Unterstützungsdienste für KMU und KMU-Zusammenschlüsse
99coaches GmbH ,Entwicklung und Markteintritt der Software 99coaches (Basic- und Personalversion) sowie Entwicklung einer Sportler-App,09.11.2015,"133.333,34 € ",80%,"Potsdam, Stadt",Deutschland,"067 Entwicklung von KMU, Förderung von Unternehmertum und Gründerzentren"
Addisco Education GmbH ,Weiterentwicklung einer Technologie zur Orientierungshilfe bei der Studien- bzw. Ausbildungswahl,23.03.2016,"133.334,00 € ",80%,"Potsdam, Stadt",Deutschland,"067 Entwicklung von KMU, Förderung von Unternehmertum und Gründerzentren"
AEROTOURS GmbH ,"Messeteilnahme: ""ILA 2016"" in Berlin ",22.02.2016,"9.082,00 € ",80%,"Strausberg, Stadt",Deutschland,066 Fortgeschrittene Unterstützungsdienste für KMU und KMU-Zusammenschlüsse
AGG Anlagen- und Gerätebau GmbH ,"Messeteilnahme: ""InnoTrans 2016"" in Berlin ",23.10.2014,"29.200,00 € ",80%,"Potsdam, Stadt",Deutschland,066 Fortgeschrittene Unterstützungsdienste für KMU und KMU-Zusammenschlüsse
Air Bamboo Industrial GmbH ,Einrichtung einer Prototypenwerkstatt für innovative Bambus basierte Leichtbauplatten für industrielle Anwendungen,28.01.2016,"133.038,35 € ",80%,"Eberswalde, Stadt",Deutschland,"067 Entwicklung von KMU, Förderung von Unternehmertum und Gründerzentren"
AkoTec Produktionsgesellschaft mbH ,"Messeteilnahme: ""Intersolar Europe 2015"" in München ",11.03.2015,"5.512,28 € ",80%,"Angermünde, Stadt",Deutschland,066 Fortgeschrittene Unterstützungsdienste für KMU und KMU-Zusammenschlüsse
AKTIF Technology GmbH Software-Entwicklung,"Messeteilnahme: ""E-world energy & water 2016"" in Essen ",24.06.2015,"8.609,80 € ",80%,"Senftenberg, Stadt",Deutschland,066 Fortgeschrittene Unterstützungsdienste für KMU und KMU-Zusammenschlüsse
AKTIF Technology GmbH Software-Entwicklung,"Messeteilnahme: ""E-world energy & water 2017"" in Essen ",08.06.2016,"11.266,00 € ",80%,"Senftenberg, Stadt",Deutschland,066 Fortgeschrittene Unterstützungsdienste für KMU und KMU-Zusammenschlüsse
amperetta GmbH ,"Messeteilnahme: ""METS 2015"" in Amsterdam ",05.06.2015,"9.570,19 € ",80%,"Potsdam, Stadt",Deutschland,066 Fortgeschrittene Unterstützungsdienste für KMU und KMU-Zusammenschlüsse
Antonics-ICP GmbH ,"Messeteilnahme: ""TRAKO 2015"" in Danzig ",18.03.2014,"3.309,08 € ",80%,"Velten, Stadt",Deutschland,066 Fortgeschrittene Unterstützungsdienste für KMU und KMU-Zusammenschlüsse
Antonics-ICP GmbH ,"Messeteilnahme: ""PMRExpo 2015"" in Köln ",11.02.2015,"7.380,00 € ",80%,"Velten, Stadt",Deutschland,066 Fortgeschrittene Unterstützungsdienste für KMU und KMU-Zusammenschlüsse
Antonics-ICP GmbH ,"Messeteilnahme: ""IT-TRANS 2016"" in Karlsruhe ",16.02.2014,"10.398,80 € ",80%,"Velten, Stadt",Deutschland,066 Fortgeschrittene Unterstützungsdienste für KMU und KMU-Zusammenschlüsse
Antonics-ICP GmbH ,"Messeteilnahme: ""ExpoFerroviaria 2016"" in Turin ",26.08.2015,"9.453,00 € ",80%,"Velten, Stadt",Deutschland,066 Fortgeschrittene Unterstützungsdienste für KMU und KMU-Zusammenschlüsse
Antonics-ICP GmbH ,"Messeteilnahme: ""InnoTrans 2016"" in Berlin ",10.12.2014,"8.080,20 € ",80%,"Velten, Stadt",Deutschland,066 Fortgeschrittene Unterstützungsdienste für KMU und KMU-Zusammenschlüsse
an-vision GmbH ,Errichtung einer Betriebsstätte und Anschaffung von Fertigungsausstattung für innovative Tierimplantate,19.01.2016,"133.333,34 € ",80%,"Hennigsdorf, Stadt",Deutschland,"067 Entwicklung von KMU, Förderung von Unternehmertum und Gründerzentren"
APUS - Aeronautical Engineering GmbH ,"Aufbau des Unternehmensbereichs ""Alternative Luftfahrtantriebe - Flugerprobung und Missionsequipment""",23.06.2015,"133.333,33 € ",80%,"Strausberg, Stadt",Deutschland,"067 Entwicklung von KMU, Förderung von Unternehmertum und Gründerzentren"
Armytek Deutschland GmbH ,"Messeteilnahme: ""IWA OutdoorClassics 2016"" in Nürnberg ",30.12.2015,"21.526,00 € ",80%,"Herzberg (Elster), Stadt",Deutschland,066 Fortgeschrittene Unterstützungsdienste für KMU und KMU-Zusammenschlüsse
ASCORI GmbH & Co. KG ,"Messeteilnahme: ""Industrial Automation/HANNOVER MESSE 2016"" in Hannover",30.09.2015,"15.000,00 € ",80%,"Cottbus, Stadt",Deutschland,066 Fortgeschrittene Unterstützungsdienste für KMU und KMU-Zusammenschlüsse
ASTOR Schneidwerkzeuge GmbH ,Einstellung eines Markterschließungsassistenten zur Markterschl. von Süd- und Mittelamerika,22.06.2015,"24.300,00 € ",80%,"Storkow (Mark), Stadt",Deutschland,066 Fortgeschrittene Unterstützungsdienste für KMU und KMU-Zusammenschlüsse
ASTOR Schneidwerkzeuge GmbH ,"Messeteilnahme: ""IME Int. Meat Expo (within IPPE) 2016"" in Atlanta (USA)",23.07.2015,"30.000,00 € ",80%,"Storkow (Mark), Stadt",Deutschland,066 Fortgeschrittene Unterstützungsdienste für KMU und KMU-Zusammenschlüsse
ASTOR Schneidwerkzeuge GmbH ,"Messeteilnahme: ""südback 2016"" in Stuttgart ",29.06.2016,"12.400,00 € ",80%,"Storkow (Mark), Stadt",Deutschland,066 Fortgeschrittene Unterstützungsdienste für KMU und KMU-Zusammenschlüsse
ASTOR Schneidwerkzeuge GmbH ,"Messeteilnahme: ""IPPE 2017"" in Atlanta (USA) ",08.07.2016,"30.000,00 € ",80%,"Storkow (Mark), Stadt",Deutschland,066 Fortgeschrittene Unterstützungsdienste für KMU und KMU-Zusammenschlüsse
Axtschlag GmbH ,"Messeteilnahme: ""spoga + gafa 2015"" in Köln ",07.07.2015,"4.987,87 € ",80%,Heidesee,Deutschland,066 Fortgeschrittene Unterstützungsdienste für KMU und KMU-Zusammenschlüsse
Axtschlag GmbH ,"Messeteilnahme: ""spoga + gafa 2016"" in Köln ",06.06.2016,"15.313,48 € ",80%,Heidesee,Deutschland,066 Fortgeschrittene Unterstützungsdienste für KMU und KMU-Zusammenschlüsse
Baitzer Heizer e.G. ,Errichtung einer Fernwärmeleitung im Ort Baitz ,21.03.2016,"577.396,00 € ",80%,"Brück, Stadt",Deutschland,"013 Energieeffiziente Renovierung öffentlicher Infrastrukturen, Demonstrationsprojekte und Begleitmaßnahmen"
Baju Energy GmbH ,"Messeteilnahme: ""Husum Wind 2015"" in Husum ",12.05.2015,"8.204,40 € ",80%,"Eberswalde, Stadt",Deutschland,066 Fortgeschrittene Unterstützungsdienste für KMU und KMU-Zusammenschlüsse
BEFA Belziger Fahrzeugbau GmbH ,"Messeteilnahme: ""IAA Nutzfahrzeuge 2016"" in Hannover ",29.10.2015,"22.500,00 € ",80%,"Bad Belzig, Stadt",Deutschland,066 Fortgeschrittene Unterstützungsdienste für KMU und KMU-Zusammenschlüsse
Berlin Partner für Wirtschaft und Technologie GmbH,Umsetzung des Managements und ausgewählter Maßnahmen im Bereich Biotechnologie u. Pharma des Masterplans Gesundheitsregion B/Brb,01.01.2015,"1.847.231,00 € ",80%,"Potsdam, Stadt",Deutschland,"063 Förderung von Clustern und Unternehmensnetzen, vor allem zugunsten von KMU"
Berlin Partner für Wirtschaft und Technologie GmbH,"Gemeinschaftsstand ""Medica 2015"" in Düsseldorf ",10.07.2015,"82.685,83 € ",80%,Land Brandenburg,Deutschland,066 Fortgeschrittene Unterstützungsdienste für KMU und KMU-Zusammenschlüsse
biotechrabbit GmbH ,"Messeteilnahme: ""AACC Clinical Lab Expo 2015"" in Atlanta (USA) ",12.05.2015,"10.413,50 € ",80%,"Hennigsdorf, Stadt",Deutschland,066 Fortgeschrittene Unterstützungsdienste für KMU und KMU-Zusammenschlüsse
biotechrabbit GmbH ,"Messeteilnahme: ""MEDICA 2015"" in Düsseldorf ",03.04.2015,"3.492,30 € ",80%,"Hennigsdorf, Stadt",Deutschland,066 Fortgeschrittene Unterstützungsdienste für KMU und KMU-Zusammenschlüsse
biotechrabbit GmbH ,"Messeteilnahme: ""Arab Health 2016"" in Dubai ",05.05.2015,"4.433,95 € ",80%,"Hennigsdorf, Stadt",Deutschland,066 Fortgeschrittene Unterstützungsdienste für KMU und KMU-Zusammenschlüsse
biotechrabbit GmbH ,"Messeteilnahme: ""analytica 2016"" in München ",13.07.2015,"6.455,06 € ",80%,"Hennigsdorf, Stadt",Deutschland,066 Fortgeschrittene Unterstützungsdienste für KMU und KMU-Zusammenschlüsse
BIOTECON Diagnostics GmbH ,"Messeteilnahme: ""BrauBeviale 2016"" in Nürnberg ",18.01.2016,"4.275,60 € ",80%,"Potsdam, Stadt",Deutschland,066 Fortgeschrittene Unterstützungsdienste für KMU und KMU-Zusammenschlüsse
BIOTECON Diagnostics GmbH ,Messeteilnahme: LABVOLUTION/BIOTECHNICA 2017 in Hannover,11.07.2016,"5.151,91 € ",80%,"Potsdam, Stadt",Deutschland,066 Fortgeschrittene Unterstützungsdienste für KMU und KMU-Zusammenschlüsse
BIP-Industrietechnik GmbH ,"Messeteilnahme: ""parts2clean 2016"" in Stuttgart ",16.09.2015,"23.635,00 € ",80%,"Brandenburg an der Havel, Stadt",Deutschland,066 Fortgeschrittene Unterstützungsdienste für KMU und KMU-Zusammenschlüsse
BIP-Industrietechnik GmbH ,"Messeteilnahme: ""InnoTrans 2016"" in Berlin ",15.09.2015,"28.658,00 € ",80%,"Brandenburg an der Havel, Stadt",Deutschland,066 Fortgeschrittene Unterstützungsdienste für KMU und KMU-Zusammenschlüsse
BIP-Industrietechnik GmbH ,"Messeteilnahme: ""EuroBLECH 2016"" in Hannover ",16.09.2015,"19.370,00 € ",80%,"Brandenburg an der Havel, Stadt",Deutschland,066 Fortgeschrittene Unterstützungsdienste für KMU und KMU-Zusammenschlüsse
Brandenburger Kabelwerk GmbH ,"Messeteilnahme: ""Hannover Messe 2016"" in Hannover ",20.05.2015,"7.186,78 € ",80%,"Zehdenick, Stadt",Deutschland,066 Fortgeschrittene Unterstützungsdienste für KMU und KMU-Zusammenschlüsse
Brandenburgische Technische Universität Cottbus-Senftenberg,Geometrieerfassung von Turbomaschinenkomponenten zur Modellierung von Schaufelmistuning,01.02.2016,"161.821,00 € ",80%,"Cottbus, Stadt",Deutschland,058 Forschungs- und Innovationsinfrastruktur (öffentlich)
Brandenburgische Technische Universität Cottbus-Senftenberg,"""Hochtemperatur-Tribo-Korrosions-Messsystem"" ",04.02.2016,"185.000,00 € ",80%,"Senftenberg, Stadt",Deutschland,058 Forschungs- und Innovationsinfrastruktur (öffentlich)
Brandenburgische Technische Universität Cottbus-Senftenberg,"Spezial-Heißpresse zur Herstellung neuartiger, hochbelastbarer hybrider Faser-Kunststoff/Metall-Mehrschichtverbunde",01.02.2016,"146.500,00 € ",80%,"Cottbus, Stadt",Deutschland,058 Forschungs- und Innovationsinfrastruktur (öffentlich)
Brandenburgische Technische Universität Cottbus-Senftenberg,Versuchsplattform für Langzeituntersuchungen schwimmender Bauten ,01.02.2016,"23.000,00 € ",80%,"Großräschen, Stadt",Deutschland,058 Forschungs- und Innovationsinfrastruktur (öffentlich)
Brandenburgische Technische Universität Cottbus-Senftenberg,Anschaffung von Steuereinheiten für den Versuchsanlagenpark der Hochschule,01.02.2016,"160.000,00 € ",80%,"Cottbus, Stadt",Deutschland,058 Forschungs- und Innovationsinfrastruktur (öffentlich)
Brandenburgische Technische Universität Cottbus-Senftenberg,Geräteinvestition Fertigungsmesstechnik ,01.02.2016,"199.744,70 € ",80%,"Senftenberg, Stadt",Deutschland,058 Forschungs- und Innovationsinfrastruktur (öffentlich)
Brandenburgische Technische Universität Cottbus-Senftenberg,Anschaffung eines NTA (Nanoparticle Tracking Analyzer) ,01.02.2016,"64.000,00 € ",80%,"Senftenberg, Stadt",Deutschland,058 Forschungs- und Innovationsinfrastruktur (öffentlich)
Brandenburgische Technische Universität Cottbus-Senftenberg,Aqua Profiler M-Pro; Strömungsprofile an wasserum- und wasserdurchströmten Bauteilaktivierungen und Seewasserwärmetauschern,01.02.2016,"26.926,25 € ",80%,"Cottbus, Stadt",Deutschland,058 Forschungs- und Innovationsinfrastruktur (öffentlich)
Brandenburgische Technische Universität Cottbus-Senftenberg,Versuchsinfrastruktur für Untersuchungen an aerodynamischen Luftlagern,01.02.2016,"199.800,00 € ",80%,"Cottbus, Stadt",Deutschland,058 Forschungs- und Innovationsinfrastruktur (öffentlich)
Brandenburgische Technische Universität Cottbus-Senftenberg,"Erweiterung einer Schmiedepresse zu einem ""Smart Forging Center""  für Hochleistungskomponenten der Energie- und Verkehrstechnik",04.02.2016,"200.000,00 € ",80%,"Cottbus, Stadt",Deutschland,058 Forschungs- und Innovationsinfrastruktur (öffentlich)
Brandenburgische Technische Universität Cottbus-Senftenberg,"Ressourceneffiziente Leichtbauweisen aus metallischen Werkstoffen durch generatives, selektives Laserstrahlschmelzen",01.02.2016,"200.000,00 € ",80%,"Cottbus, Stadt",Deutschland,058 Forschungs- und Innovationsinfrastruktur (öffentlich)
Brandenburgische Technische Universität Cottbus-Senftenberg,Analyse-Modul zur Optimierung des Stickstoffpotentials in neuartigen Düngeprodukten aus der Bioabfallvergärung,03.02.2016,"85.930,50 € ",80%,"Cottbus, Stadt",Deutschland,058 Forschungs- und Innovationsinfrastruktur (öffentlich)
Brandenburgische Technische Universität Cottbus-Senftenberg,Innovationsfördernde Erweiterung der Mikrosstrukturcharakterisierung zur Analyse neuartiger Werkstoffe,01.02.2016,"70.000,00 € ",80%,"Cottbus, Stadt",Deutschland,058 Forschungs- und Innovationsinfrastruktur (öffentlich)
Brandenburgische Technische Universität Cottbus-Senftenberg,Erweiterung eines Raman-Mikroskopiesystems ,01.02.2016,"51.463,00 € ",80%,"Senftenberg, Stadt",Deutschland,058 Forschungs- und Innovationsinfrastruktur (öffentlich)
Brandenburgische Technische Universität Cottbus-Senftenberg,Servohydraulische Prüfeinrichtung +/- 25 kN ,29.01.2016,"200.000,00 € ",80%,"Senftenberg, Stadt",Deutschland,058 Forschungs- und Innovationsinfrastruktur (öffentlich)
Brandenburgische Technische Universität Cottbus-Senftenberg,Modulares Hybrid-Bearbeitungszentrum ,01.10.2016,"195.000,00 € ",80%,"Cottbus, Stadt",Deutschland,058 Forschungs- und Innovationsinfrastruktur (öffentlich)
Brandenburgische Technische Universität Cottbus-Senftenberg,Flexible Flachfolienanlage für neuartige Prepreg-Halbzeuge und hybride Faser-Kunststoff/Metall-Mehrschichtverbunde,01.10.2016,"88.000,00 € ",80%,"Cottbus, Stadt",Deutschland,058 Forschungs- und Innovationsinfrastruktur (öffentlich)
Brandenburgische Technische Universität Cottbus-Senftenberg,"Zentrum ""Effiziente Fabrik Senftenberg"" ",01.10.2016,"80.000,00 € ",80%,"Senftenberg, Stadt",Deutschland,058 Forschungs- und Innovationsinfrastruktur (öffentlich)
Brandenburgische Technische Universität Cottbus-Senftenberg,Erweiterung der elektrochemischen und Sensormesstechnik am Wasserstoff-Forschungszentrum,01.10.2016,"92.400,00 € ",80%,"Cottbus, Stadt",Deutschland,"065 Forschungs- und Innovationsinfrastruktur, Prozesse, Technologietransfer und Zusammenarbeit in Unternehmen mit Schwerpunkt auf der CO2-armen Wirtschaft und der Verstärkung der Widerstandsfähigkeit gegenüber dem Klimawandel"
Brandenburgische Technische Universität Cottbus-Senftenberg,Probenaufbereitungspaket und Analyseeinheit für Bodenhilfsstoffe  aus Gärresten,01.10.2016,"120.000,00 € ",80%,"Cottbus, Stadt",Deutschland,058 Forschungs- und Innovationsinfrastruktur (öffentlich)
Brandenburgische Technische Universität Cottbus-Senftenberg,Investition in innovative und ressourcenschonende Werkstoffprüftechnik für Mikro- und Nanomaterialien,13.09.2016,"65.000,00 € ",80%,"Cottbus, Stadt",Deutschland,058 Forschungs- und Innovationsinfrastruktur (öffentlich)
Brandenburgische Technische Universität Cottbus-Senftenberg,PIV-Messtechnik für 2/3-D-Messungen in schnell strömenden und turbulenten Fluiden,13.09.2016,"199.991,40 € ",80%,"Cottbus, Stadt",Deutschland,058 Forschungs- und Innovationsinfrastruktur (öffentlich)
Brandenburgische Technische Universität Cottbus-Senftenberg,Moderne Abgasanalyseeinrichtung für zukünftige Emissionsgesetzgebungen,13.09.2016,"200.000,00 € ",80%,"Cottbus, Stadt",Deutschland,"065 Forschungs- und Innovationsinfrastruktur, Prozesse, Technologietransfer und Zusammenarbeit in Unternehmen mit Schwerpunkt auf der CO2-armen Wirtschaft und der Verstärkung der Widerstandsfähigkeit gegenüber dem Klimawandel"
Brandenburgische Technische Universität Cottbus-Senftenberg,VITIV - Virtuelle Interdisziplinäre Triebwerksauslegung mit Integrativen Verfahren,01.07.2015,"2.920.538,37 € ",80%,"Cottbus, Stadt",Deutschland,"062 Technologietransfer und Zusammenarbeit zwischen Hochschulen und Unternehmen, vor allem zugunsten von KMU"
Brandenburgische Technische Universität Cottbus-Senftenberg,"Modulentwicklung Software-Tool für die Einsatzplanung und Steuerung von ""Power to heat"" Anlagen",01.05.2016,"532.294,04 € ",80%,"Cottbus, Stadt",Deutschland,"062 Technologietransfer und Zusammenarbeit zwischen Hochschulen und Unternehmen, vor allem zugunsten von KMU"
Brandenburgische Technische Universität Cottbus-Senftenberg,ProFIT Brandenburg: Entwickl. einer Softwarelösung für d. Mikrostruktur- u. Eigenschaftssimulation v. Hochtemperaturwerkstoffen,01.07.2016,"362.408,53 € ",80%,"Cottbus, Stadt",Deutschland,"062 Technologietransfer und Zusammenarbeit zwischen Hochschulen und Unternehmen, vor allem zugunsten von KMU"
Brandenburgische Technische Universität Cottbus-Senftenberg,Entwicklung eines Walzverfahrens z. effizienten kontinuierlichen Herstellung strukturierter Halbzeuge für den Leichtbau,09.03.2016,"210.484,38 € ",80%,"Cottbus, Stadt",Deutschland,060 Forschungs- und Innovationstätigkeiten in öffentlichen Forschungseinrichtungen und Kompetenzzentren einschließlich Vernetzung
Brandenburgische Technische Universität Cottbus-Senftenberg,"Entwicklung hocheffizienter, hybrider Energiewandler mit maximalem Brennstoffausnutzungsgrad      - MAXEFF -",01.01.2016,"901.430,57 € ",80%,"Cottbus, Stadt",Deutschland,060 Forschungs- und Innovationstätigkeiten in öffentlichen Forschungseinrichtungen und Kompetenzzentren einschließlich Vernetzung
Brandenburgische Technische Universität Cottbus-Senftenberg,NED VAMP ,01.06.2016,"923.373,98 € ",80%,"Cottbus, Stadt",Deutschland,060 Forschungs- und Innovationstätigkeiten in öffentlichen Forschungseinrichtungen und Kompetenzzentren einschließlich Vernetzung
Brandenburgische Technische Universität Cottbus-Senftenberg,Material- und ressourceneffizientere Prozessketten durch Kombination von Umformverfahren und additiver Fertigung,01.09.2016,"922.247,42 € ",80%,"Cottbus, Stadt",Deutschland,060 Forschungs- und Innovationstätigkeiten in öffentlichen Forschungseinrichtungen und Kompetenzzentren einschließlich Vernetzung
Brandenburgische Technische Universität Cottbus-Senftenberg,PERsonalisierte Medizin durch FUNCTIONomics in BB: Drug-Metabolisierungsmodul für Wirkstofftests an Patientenzellen,01.08.2016,"847.335,29 € ",80%,"Senftenberg, Stadt",Deutschland,060 Forschungs- und Innovationstätigkeiten in öffentlichen Forschungseinrichtungen und Kompetenzzentren einschließlich Vernetzung
Brandenburgische Technische Universität Cottbus-Senftenberg,Neuartige Fügetechnik zur Herstellung u. Instandsetzung v. Multi -Material-Systemen mit Metallen und Faser-Kunststoff-Verbunden,01.06.2016,"160.931,37 € ",80%,"Cottbus, Stadt",Deutschland,060 Forschungs- und Innovationstätigkeiten in öffentlichen Forschungseinrichtungen und Kompetenzzentren einschließlich Vernetzung
Brandenburgische Technische Universität Cottbus-Senftenberg,Einsatz elektrohydrodynamisch getriebener Strömungen zur erweiterten Nutzung von Elektroabscheidern,01.10.2016,"862.066,44 € ",80%,"Cottbus, Stadt",Deutschland,060 Forschungs- und Innovationstätigkeiten in öffentlichen Forschungseinrichtungen und Kompetenzzentren einschließlich Vernetzung
Brandenburgische Technische Universität Cottbus-Senftenberg,Aufbau und Betrieb einer Transferplattform für Moderne Industrie Brandenburg 4.0 an der BTU Cottbus-Senftenberg,01.01.2015,"1.901.687,29 € ",80%,"Cottbus, Stadt",Deutschland,"062 Technologietransfer und Zusammenarbeit zwischen Hochschulen und Unternehmen, vor allem zugunsten von KMU"
Brandenburgische Technische Universität Cottbus-Senftenberg,Wissens- und Technologietransfer an der BTU Cottbus- Senftenberg 2015 - 2016,01.01.2015,"553.326,48 € ",80%,"Cottbus, Stadt",Deutschland,"062 Technologietransfer und Zusammenarbeit zwischen Hochschulen und Unternehmen, vor allem zugunsten von KMU"
Burmeister Jens,"Messeteilnahme: ""REHACARE International 2015"" in Düsseldorf ",07.08.2015,"6.998,00 € ",80%,"Pritzwalk, Stadt",Deutschland,066 Fortgeschrittene Unterstützungsdienste für KMU und KMU-Zusammenschlüsse
Business auf Rädern GmbH ,Business auf Rädern - Mobilität neu gedacht ,13.01.2016,"125.000,00 € ",80%,Hoppegarten,Deutschland,"067 Entwicklung von KMU, Förderung von Unternehmertum und Gründerzentren"
ComPoScan GmbH ,"Messeteilnahme: ""Husum Wind 2015"" in Husum ",10.10.2014,"3.699,20 € ",80%,"Potsdam, Stadt",Deutschland,066 Fortgeschrittene Unterstützungsdienste für KMU und KMU-Zusammenschlüsse
ComPoScan GmbH ,"Messeteilnahme: ""WindEnergy 2016"" in Hamburg ",01.10.2015,"5.600,00 € ",80%,"Potsdam, Stadt",Deutschland,066 Fortgeschrittene Unterstützungsdienste für KMU und KMU-Zusammenschlüsse
CountR GmbH ,"Messeteilnahme: ""Global Gaming Expo 2015"" in Las Vegas (USA) ",30.10.2014,"30.000,00 € ",80%,Kleinmachnow,Deutschland,066 Fortgeschrittene Unterstützungsdienste für KMU und KMU-Zusammenschlüsse
CountR GmbH ,"Messeteilnahme: ""ICE Totally Gaming 2016"" in London (UK) ",03.06.2015,"25.571,43 € ",80%,Kleinmachnow,Deutschland,066 Fortgeschrittene Unterstützungsdienste für KMU und KMU-Zusammenschlüsse
CountR GmbH ,"Messeteilnahme: ""ICE Totally Gaming 2017"" in London ",11.01.2016,"22.914,74 € ",80%,Kleinmachnow,Deutschland,066 Fortgeschrittene Unterstützungsdienste für KMU und KMU-Zusammenschlüsse
CountR GmbH ,"Messeteilnahme: ""G2E-Global Gaming Expo 2016"" in Las Vegas ",15.09.2015,"30.000,00 € ",80%,Kleinmachnow,Deutschland,066 Fortgeschrittene Unterstützungsdienste für KMU und KMU-Zusammenschlüsse
CPU 24/7 GmbH ,"Einstellung eines Markterschließungsassistenten (Großbritannien, Frankreich, USA)",04.01.2016,"40.000,00 € ",80%,"Potsdam, Stadt",Deutschland,066 Fortgeschrittene Unterstützungsdienste für KMU und KMU-Zusammenschlüsse
Czwalinna Dieter,"Messeteilnahme: ""AGRITECHNICA 2015"" in Hannover ",04.05.2015,"8.250,80 € ",80%,"Nauen, Stadt",Deutschland,066 Fortgeschrittene Unterstützungsdienste für KMU und KMU-Zusammenschlüsse
Dessy Carlo,Errichtung der Betriebsstätte/ Entwicklung eines neuartigen Viskosimeters für den Einsatz in Chromatographie-Anlagen,15.10.2015,"133.333,34 € ",80%,"Teltow, Stadt",Deutschland,"067 Entwicklung von KMU, Förderung von Unternehmertum und Gründerzentren"
Deutzer Technische Kohle GmbH ,"Messeteilnahme: ""InnoTrans 2016"" in Berlin ",06.11.2014,"19.900,00 € ",80%,Zeuthen,Deutschland,066 Fortgeschrittene Unterstützungsdienste für KMU und KMU-Zusammenschlüsse
dropnostix GmbH ,Entwicklung eines sensorbasierten Online-Kuhmonitoringsystems ,25.04.2016,"133.333,34 € ",80%,"Potsdam, Stadt",Deutschland,"067 Entwicklung von KMU, Förderung von Unternehmertum und Gründerzentren"
Dutch Vision Systems GmbH ,"Messeteilnahme ""Tube 2016"" in Düsseldorf ",14.08.2015,"8.455,20 € ",80%,"Pritzwalk, Stadt",Deutschland,066 Fortgeschrittene Unterstützungsdienste für KMU und KMU-Zusammenschlüsse
Dutch Vision Systems GmbH ,"Messeteilnahme: ""Wire 2016"" in Düsseldorf ",14.08.2015,"7.120,06 € ",80%,"Pritzwalk, Stadt",Deutschland,066 Fortgeschrittene Unterstützungsdienste für KMU und KMU-Zusammenschlüsse
Emperra GmbH E-Health Technologies,telediabetologische Produktsystem ESYSTA Arbeitspakete 1-5 ,15.04.2016,"2.145.672,30 € ",80%,"Potsdam, Stadt",Deutschland,064 Forschungs- und Innovationsprozesse in KMU
Emperra GmbH E-Health Technologies,Beratung zur Vorbereitung 510k Clearance bei der FDA (USA) ,15.07.2015,"22.600,00 € ",80%,"Potsdam, Stadt",Deutschland,066 Fortgeschrittene Unterstützungsdienste für KMU und KMU-Zusammenschlüsse
ENFO AG ,Marktzugangsprojekt Polen ,12.02.2016,"58.470,00 € ",80%,"Frankfurt (Oder), Stadt",Deutschland,066 Fortgeschrittene Unterstützungsdienste für KMU und KMU-Zusammenschlüsse
F.A.K. Trade GmbH ,"Messeteilnahme: ""TRANOI - Homme & Preview 2016"" in Paris ",15.12.2015,"14.730,00 € ",80%,"Potsdam, Stadt",Deutschland,066 Fortgeschrittene Unterstützungsdienste für KMU und KMU-Zusammenschlüsse
facade-lab GmbH ,Einstellung eines Markterschließungsassistenten (Vereinigtes Königreich und Afrika),04.01.2016,"29.400,00 € ",80%,Großbeeren,Deutschland,066 Fortgeschrittene Unterstützungsdienste für KMU und KMU-Zusammenschlüsse
Fachhochschule Potsdam ,MOBILITY DESIGN LAB (MDL) ,04.02.2016,"100.000,00 € ",80%,"Potsdam, Stadt",Deutschland,058 Forschungs- und Innovationsinfrastruktur (öffentlich)
Fachhochschule Potsdam ,Augmented Realitiy in der digitalen Kulturvermittlung ,13.09.2016,"70.020,00 € ",80%,"Potsdam, Stadt",Deutschland,058 Forschungs- und Innovationsinfrastruktur (öffentlich)
Fachhochschule Potsdam ,Wissens- und Technologietransfer an der FH Potsdam 2015 - 2016,01.01.2015,"198.000,00 € ",80%,"Potsdam, Stadt",Deutschland,"062 Technologietransfer und Zusammenarbeit zwischen Hochschulen und Unternehmen, vor allem zugunsten von KMU"
ferret go GmbH ,"Messeteilnahme: ""dmexco 2015"" in Köln ",30.06.2015,"9.940,19 € ",80%,"Bernau bei Berlin, Stadt",Deutschland,066 Fortgeschrittene Unterstützungsdienste für KMU und KMU-Zusammenschlüsse
Ferrosyno GmbH ,Entwicklung eines Cloud-basierten Systems zur integrierten und automatisierten Steuerung gebäudetechnischer Systeme,16.12.2015,"133.330,00 € ",80%,"Brandenburg an der Havel, Stadt",Deutschland,"067 Entwicklung von KMU, Förderung von Unternehmertum und Gründerzentren"
"Filmuniversität Babelsberg ""Konrad Wolf"" ",Wissens- und Technologietransfer an der Filmuniversität Babelsberg 2015 - 2016,01.01.2015,"231.107,00 € ",80%,"Potsdam, Stadt",Deutschland,"062 Technologietransfer und Zusammenarbeit zwischen Hochschulen und Unternehmen, vor allem zugunsten von KMU"
Fläming AIR - GmbH ,"Messeteilnahme: ""AERO 2016"" in Friedrichshafen ",14.12.2015,"16.100,00 € ",80%,Niedergörsdorf,Deutschland,066 Fortgeschrittene Unterstützungsdienste für KMU und KMU-Zusammenschlüsse
Flexstone International AG ,"Messeteilnahme:""BAU 2017"" in München ",24.07.2015,"27.000,00 € ",80%,"Velten, Stadt",Deutschland,066 Fortgeschrittene Unterstützungsdienste für KMU und KMU-Zusammenschlüsse
Fördergemeinschaft Ökologischer Landbau Berlin-Brandenburg e.V.,"Gemeinschaftsstand ""BioFach 2016"" in Nürnberg ",25.01.2016,"66.376,10 € ",80%,"Müncheberg, Stadt",Deutschland,066 Fortgeschrittene Unterstützungsdienste für KMU und KMU-Zusammenschlüsse
Fraunhofer Gesellschaft zur Förderung der angewandten Forschung e.V.,Entwicklung eines ivD-Gerätes für die Bestimmung des Immunstatus in patientennahen Anwendungen (AP 1-4),01.07.2016,"495.582,00 € ",80%,"Potsdam, Stadt",Deutschland,"062 Technologietransfer und Zusammenarbeit zwischen Hochschulen und Unternehmen, vor allem zugunsten von KMU"
Fraunhofer Gesellschaft zur Förderung der angewandten Forschung e.V.,Vibroakustische Composite-Prozesskontrolle für Qualitätssicherung und Optimierung - ViCProQuO,07.03.2016,"234.121,35 € ",80%,Wildau,Deutschland,060 Forschungs- und Innovationstätigkeiten in öffentlichen Forschungseinrichtungen und Kompetenzzentren einschließlich Vernetzung
Fraunhofer Gesellschaft zur Förderung der angewandten Forschung e.V.,Entwicklung von Biosensoren und bio-mikrofluidischen Systemen für die Detektion von Infektionserregern (BioBiC),01.04.2016,"603.283,00 € ",80%,"Potsdam, Stadt",Deutschland,060 Forschungs- und Innovationstätigkeiten in öffentlichen Forschungseinrichtungen und Kompetenzzentren einschließlich Vernetzung
Fraunhofer Gesellschaft zur Förderung der angewandten Forschung e.V.,PathORapid - Instantnachweis von Pathogenen und Resistenzen ,01.05.2016,"741.909,00 € ",80%,"Potsdam, Stadt",Deutschland,060 Forschungs- und Innovationstätigkeiten in öffentlichen Forschungseinrichtungen und Kompetenzzentren einschließlich Vernetzung
Fraunhofer Gesellschaft zur Förderung der angewandten Forschung e.V.,NED-VAMP ,01.06.2016,"265.448,00 € ",80%,"Cottbus, Stadt",Deutschland,060 Forschungs- und Innovationstätigkeiten in öffentlichen Forschungseinrichtungen und Kompetenzzentren einschließlich Vernetzung
Fraunhofer Gesellschaft zur Förderung der angewandten Forschung e.V.,Entwicklung einer Plattformtechnologie für die funktionelle Charakterisierung von bakteriellen Toxinen,01.04.2016,"915.724,00 € ",80%,"Potsdam, Stadt",Deutschland,060 Forschungs- und Innovationstätigkeiten in öffentlichen Forschungseinrichtungen und Kompetenzzentren einschließlich Vernetzung
Fraunhofer Gesellschaft zur Förderung der angewandten Forschung e.V.,Neue Produktionstechnologie auf Basis von kolloidaler Selbstassemblierung,01.07.2016,"924.565,00 € ",80%,"Potsdam, Stadt",Deutschland,060 Forschungs- und Innovationstätigkeiten in öffentlichen Forschungseinrichtungen und Kompetenzzentren einschließlich Vernetzung
Friedrich Markus,"Messeteilnahme: ""Dach & Holz 2016"" in Stuttgart ",05.06.2015,"8.340,00 € ",80%,Eichwalde,Deutschland,066 Fortgeschrittene Unterstützungsdienste für KMU und KMU-Zusammenschlüsse
GA Generic Assays GmbH ,"Messeteilnahme: ""AACC Clinical Lab Expo 2015"" in Atlanta (USA) ",20.10.2014,"6.767,32 € ",80%,Blankenfelde-Mahlow,Deutschland,066 Fortgeschrittene Unterstützungsdienste für KMU und KMU-Zusammenschlüsse
GeoClimaDesign AG ,"Messeteilnahme: ""Energy/HANNOVER MESSE 2016"" in Hannover",14.03.2016,"19.973,75 € ",80%,"Fürstenwalde/Spree, Stadt",Deutschland,066 Fortgeschrittene Unterstützungsdienste für KMU und KMU-Zusammenschlüsse
GMS Gesellschaft für metallurgische Systeme mbH,"Entwickl. einer Softwarelösung für die Mikrostruktur- u. Eigenschaftssimulation von Hochtemperaturwerkstoffen, AP 1-4, 6-9, 11",01.07.2016,"161.445,63 € ",80%,"Bernau bei Berlin, Stadt",Deutschland,064 Forschungs- und Innovationsprozesse in KMU
goalio UG (haftungsbeschränkt) ,Vertrieb und Kundenbetreuung innovativer Softwareprodukte im Sport,25.08.2015,"133.333,34 € ",80%,"Potsdam, Stadt",Deutschland,"067 Entwicklung von KMU, Förderung von Unternehmertum und Gründerzentren"
Haese Frank,"Messeteilnahme: ""boot 2016"" in Düsseldorf ",29.06.2015,"11.457,02 € ",80%,Woltersdorf,Deutschland,066 Fortgeschrittene Unterstützungsdienste für KMU und KMU-Zusammenschlüsse
Haese Frank,"Messeteilnahme: ""boot 2017"" in Düsseldorf ",21.06.2016,"12.097,06 € ",80%,Woltersdorf,Deutschland,066 Fortgeschrittene Unterstützungsdienste für KMU und KMU-Zusammenschlüsse
Hanffaser Uckermark eG ,"Einstellung eines Markterschließungsassistenten (Beneluxstaaten, Schweiz, Österreich u.a.)",22.07.2015,"24.000,00 € ",80%,"Prenzlau, Stadt",Deutschland,066 Fortgeschrittene Unterstützungsdienste für KMU und KMU-Zusammenschlüsse
HCx Consulting GmbH ,"Teilnahme an der Europäischen Leitmesse d. Gesundheitswirtschaft der ""MEDICA 2015"" vom 16.-19. November in Düsseldorf",02.07.2015,"5.982,00 € ",80%,Wendisch Rietz,Deutschland,066 Fortgeschrittene Unterstützungsdienste für KMU und KMU-Zusammenschlüsse
Helmholtz-Zentrum Potsdam Deutsches GeoForschungsZentrum GFZ,Digitale Untergrundmodelle - Geotechnologien für Wärmewende und Klimaschutz,27.10.2015,"634.000,00 € ",80%,"Potsdam, Stadt",Deutschland,058 Forschungs- und Innovationsinfrastruktur (öffentlich)
henara GmbH ,Entw. einer branchenspez. Kalender- u. Ressourcenanwendung und Synchronisation von Clientanwendungen innerh. einer Praxisgruppe,22.06.2016,"133.333,34 € ",80%,Michendorf,Deutschland,"067 Entwicklung von KMU, Förderung von Unternehmertum und Gründerzentren"
HFG Transport-Technik GmbH ,"Messeteilnahme: ""InnoTrans 2016"" in Berlin ",08.09.2015,"13.752,00 € ",80%,"Lauchhammer, Stadt",Deutschland,066 Fortgeschrittene Unterstützungsdienste für KMU und KMU-Zusammenschlüsse
Hisatec GmbH ,Entwicklung einer 2-Wege Flachantenne für Satelliten-Internet (Ka-Band),27.04.2016,"131.930,00 € ",80%,"Erkner, Stadt",Deutschland,"067 Entwicklung von KMU, Förderung von Unternehmertum und Gründerzentren"
HNF GmbH ,Entwicklung eines innovativen Lastenradkonzepts (AP 1-3) ,01.03.2016,"150.619,93 € ",80%,"Biesenthal, Stadt",Deutschland,064 Forschungs- und Innovationsprozesse in KMU
HNF GmbH ,Entwicklung eines innovativen Lastenradkonzepts (AP 4 - 6) ,01.03.2016,"215.482,83 € ",80%,"Biesenthal, Stadt",Deutschland,064 Forschungs- und Innovationsprozesse in KMU
HNF GmbH ,Entwicklung eines innovativen Lastenradkonzepts (AP 7-9) ,01.03.2016,"104.106,93 € ",80%,"Biesenthal, Stadt",Deutschland,064 Forschungs- und Innovationsprozesse in KMU
Hochschule für nachhaltige Entwicklung Eberswalde (FH),Monitoring der Dimensionsänderungen von Formteilen aus Vollholz ,05.02.2016,"49.500,00 € ",80%,"Eberswalde, Stadt",Deutschland,058 Forschungs- und Innovationsinfrastruktur (öffentlich)
Hochschule für nachhaltige Entwicklung Eberswalde (FH),Wissens- und Technologietransfer an der HNE Eberswalde 2015 - 2016,01.01.2015,"194.617,90 € ",80%,"Eberswalde, Stadt",Deutschland,"062 Technologietransfer und Zusammenarbeit zwischen Hochschulen und Unternehmen, vor allem zugunsten von KMU"
Hochspannungs-Lichttechnik Bernd Ballaschk GmbH,"Messeteilnahme: ""WindEnergy 2016"" in Hamburg ",18.04.2016,"6.217,20 € ",80%,Burg (Spreewald),Deutschland,066 Fortgeschrittene Unterstützungsdienste für KMU und KMU-Zusammenschlüsse
IBAR Systemtechnik GmbH ,"Modulentwicklung Software-Tool für die Einsatzplanung und Steuerung von ""Power to heat"" Anlagen, Arbeitspaket 1",01.05.2016,"407.899,38 € ",80%,"Cottbus, Stadt",Deutschland,064 Forschungs- und Innovationsprozesse in KMU
IBAR Systemtechnik GmbH ,"Modulentwicklung Software-Tool für die Einsatzplanung und Steuerung von ""Power to heat"" Anlagen, Arbeitspakete 2-3",01.05.2016,"420.360,94 € ",80%,"Cottbus, Stadt",Deutschland,064 Forschungs- und Innovationsprozesse in KMU
IGFC-International-Glutenfree-Food- Company GmbH,"Messeteilnahme: ""PLMA'S 'World of Private Label' 2016"" in Amsterdam",11.04.2016,"19.800,00 € ",80%,Karstädt,Deutschland,066 Fortgeschrittene Unterstützungsdienste für KMU und KMU-Zusammenschlüsse
IGV Institut für Getreideverarbeitung GmbH,"Entwicklung funktioneller Lebensmittel auf Basis innovativer Protein angereicherter Extrakte (AP 2,3,4,6,8)",01.06.2016,"300.418,65 € ",80%,Nuthetal,Deutschland,064 Forschungs- und Innovationsprozesse in KMU
IGV Institut für Getreideverarbeitung GmbH,Entwicklung funktioneller Lebensmittel auf Basis innovativer Protein angereicherter Extrakte,01.06.2016,"337.319,91 € ",80%,Nuthetal,Deutschland,064 Forschungs- und Innovationsprozesse in KMU
IGV Institut für Getreideverarbeitung GmbH,"Messeteilnahme: ""IBA 2015"" in München ",12.03.2014,"4.394,80 € ",80%,Nuthetal,Deutschland,066 Fortgeschrittene Unterstützungsdienste für KMU und KMU-Zusammenschlüsse
IHP GmbH - Innovations for High Performance Microelectronics /,Aufbau einer Infrastruktur zur Charakterisierung von Elektrophotonischen Hochfrequenztechnologien,20.10.2015,"2.975.000,00 € ",80%,"Frankfurt (Oder), Stadt",Deutschland,058 Forschungs- und Innovationsinfrastruktur (öffentlich)
IHP GmbH - Innovations for High Performance Microelectronics /,Entwicklung von Biosensoren und bio-mikrofluidischen Systemen für die Detektion von Infektionserregern (BioBiC),01.08.2016,"495.037,52 € ",80%,"Frankfurt (Oder), Stadt",Deutschland,060 Forschungs- und Innovationstätigkeiten in öffentlichen Forschungseinrichtungen und Kompetenzzentren einschließlich Vernetzung
in.vent Diagnostica GmbH ,"Messeteilnahme: ""AACC Clinical Lab Expo 2015"" in Atlanta (USA) ",20.10.2014,"6.511,45 € ",80%,"Hennigsdorf, Stadt",Deutschland,066 Fortgeschrittene Unterstützungsdienste für KMU und KMU-Zusammenschlüsse
in.vent Diagnostica GmbH ,"Messeteilnahme: "" Medica 2015"" in Düsseldorf ",31.08.2015,"5.356,38 € ",80%,"Hennigsdorf, Stadt",Deutschland,066 Fortgeschrittene Unterstützungsdienste für KMU und KMU-Zusammenschlüsse
in.vent Diagnostica GmbH ,"Messeteilnahme: ""Arab Health 2016"" in Dubai ",01.05.2015,"6.631,24 € ",80%,"Hennigsdorf, Stadt",Deutschland,066 Fortgeschrittene Unterstützungsdienste für KMU und KMU-Zusammenschlüsse
Industrie- und Handelskammer Cottbus ,"Gemeinschaftsstand ""Husum Wind 2015"" ",20.05.2014,"49.000,00 € ",80%,"Cottbus, Stadt",Deutschland,066 Fortgeschrittene Unterstützungsdienste für KMU und KMU-Zusammenschlüsse
Industrie- und Handelskammer Cottbus ,Gemeinschaftsstand Hannover Messe - Industrial Automation 2016 in Hannover,28.01.2016,"55.000,00 € ",80%,"Cottbus, Stadt",Deutschland,066 Fortgeschrittene Unterstützungsdienste für KMU und KMU-Zusammenschlüsse
Industrie- und Handelskammer Cottbus ,Gemeinschaftsstand AERO 2016 in Friedrichshafen ,28.01.2016,"49.000,00 € ",80%,"Cottbus, Stadt",Deutschland,066 Fortgeschrittene Unterstützungsdienste für KMU und KMU-Zusammenschlüsse
Industrie- und Handelskammer Cottbus ,"Gemeinschaftsstand ""WindEnergy Hamburg 2016"" ",19.02.2016,"55.000,00 € ",80%,"Cottbus, Stadt",Deutschland,066 Fortgeschrittene Unterstützungsdienste für KMU und KMU-Zusammenschlüsse
Industrie- und Handelskammer Ostbrandenburg,"Gemeinschaftsstand ""Fakuma 2015"" in Friedrichshafen ",20.05.2014,"57.949,00 € ",80%,"Frankfurt (Oder), Stadt",Deutschland,066 Fortgeschrittene Unterstützungsdienste für KMU und KMU-Zusammenschlüsse
Industrie- und Handelskammer Potsdam ,"Firmengemeinschaftsstand ""productronica 2015"" in München ",20.05.2014,"30.000,00 € ",80%,"Potsdam, Stadt",Deutschland,066 Fortgeschrittene Unterstützungsdienste für KMU und KMU-Zusammenschlüsse
Industrie- und Handelskammer Potsdam ,"Firmengemeinschaftsstand ""Rehacare 2015"" in Düsseldorf ",20.05.2014,"30.000,00 € ",80%,"Potsdam, Stadt",Deutschland,066 Fortgeschrittene Unterstützungsdienste für KMU und KMU-Zusammenschlüsse
Industrie- und Handelskammer Potsdam ,Green Ventures Trade Mission Israel ,20.05.2014,"74.000,00 € ",80%,"Potsdam, Stadt",Deutschland,066 Fortgeschrittene Unterstützungsdienste für KMU und KMU-Zusammenschlüsse
Industrie- und Handelskammer Potsdam ,"Gemeinschaftsstand ""CeBIT 2016"" in Hannover ",01.12.2015,"40.000,00 € ",80%,"Potsdam, Stadt",Deutschland,066 Fortgeschrittene Unterstützungsdienste für KMU und KMU-Zusammenschlüsse
Industrie- und Handelskammer Potsdam ,PromoFood 2016 in Potsdam ,14.08.2015,"47.000,00 € ",80%,"Potsdam, Stadt",Deutschland,066 Fortgeschrittene Unterstützungsdienste für KMU und KMU-Zusammenschlüsse
Industrie- und Handelskammer Potsdam ,"Gemeinschaftsstand Hannover Messe - ""Industrial Supply 2016"" in Hannover",01.12.2015,"55.000,00 € ",80%,"Potsdam, Stadt",Deutschland,066 Fortgeschrittene Unterstützungsdienste für KMU und KMU-Zusammenschlüsse
Industrie- und Handelskammer Potsdam ,"Gemeinschaftsstand ""InnoTrans 2016"" in Berlin ",01.12.2015,"120.000,00 € ",80%,"Potsdam, Stadt",Deutschland,066 Fortgeschrittene Unterstützungsdienste für KMU und KMU-Zusammenschlüsse
Industrie- und Handelskammer Potsdam ,"Internationales Unternehmertreffen für Energie- und Umwelttechnik ""Green Ventures 2016""",16.02.2016,"82.000,00 € ",80%,"Potsdam, Stadt",Deutschland,066 Fortgeschrittene Unterstützungsdienste für KMU und KMU-Zusammenschlüsse
Industrie- und Handelskammer Potsdam ,Gemeinschaftsstand Hannover Messe - Energy 2016 in Hannover ,28.01.2016,"55.000,00 € ",80%,"Potsdam, Stadt",Deutschland,066 Fortgeschrittene Unterstützungsdienste für KMU und KMU-Zusammenschlüsse
Institut für Fortpflanzung landwirt. Nutztiere Schönow e.V.,Ausbau der Hochtechnologieforschung sowie des Innovations- und Wissenstransfers am Standort IFN Schönow e.V.,06.10.2015,"2.000.000,00 € ",80%,"Bernau bei Berlin, Stadt",Deutschland,058 Forschungs- und Innovationsinfrastruktur (öffentlich)
InterLake System GmbH ,"Messeteilnahme: ""LEARNTEC 2016"" in Karlsruhe ",01.06.2015,"16.358,68 € ",80%,"Potsdam, Stadt",Deutschland,066 Fortgeschrittene Unterstützungsdienste für KMU und KMU-Zusammenschlüsse
Investitionsbank des Land Brandenburg,Brandenburgkredit Mezzanine II,08.12.2015,"32.500.000,00 € ",80%,"Potsdam, Stadt",Deutschland,001 - Allgemeine produktive Investitionen in kleine und mittlere Unternehmen („KMU“)
Investitionsbank des Land Brandenburg,Mikrokredit Brandenburg,08.12.2015,"10.000.000,00 € ",80%,"Potsdam, Stadt",Deutschland,001 - Allgemeine produktive Investitionen in kleine und mittlere Unternehmen („KMU“)
Investitionsbank des Land Brandenburg,Frühphasen- und Wachstumsfonds,08.12.2015,"70.000.000,00 € ",80%,"Potsdam, Stadt",Deutschland,"067 Entwicklung von KMU, Förderung von Unternehmertum und Gründerzentren"
IPG Infrastruktur- u. Projektentwicklungsgesellschaft mbH,"Messeteilnahme: ""InnoTrans 2016"" in Berlin ",16.09.2015,"7.000,00 € ",80%,"Potsdam, Stadt",Deutschland,066 Fortgeschrittene Unterstützungsdienste für KMU und KMU-Zusammenschlüsse
jasys GmbH & Co. KG ,"Messeteilnahme: ""embedded world 2016"" in Nürnberg ",10.08.2015,"6.436,80 € ",80%,"Hohen Neuendorf, Stadt",Deutschland,066 Fortgeschrittene Unterstützungsdienste für KMU und KMU-Zusammenschlüsse
Kinematics GmbH ,"Produktionsaufbau, Marktvorbereitung, Markteinführung Tinkerbots ",01.11.2015,"721.154,56 € ",80%,"Bernau bei Berlin, Stadt",Deutschland,064 Forschungs- und Innovationsprozesse in KMU
Krambamboul GmbH & Co. KG ,"Messeteilnahme: ""GaLaBau 2016"" in Nürnberg ",10.05.2016,"10.075,00 € ",80%,Nuthetal,Deutschland,066 Fortgeschrittene Unterstützungsdienste für KMU und KMU-Zusammenschlüsse
Krüger-Werke GmbH Niederlassung: Uebigau,"Einstellung eines Markterschließungsassistenten für die Zielländer Österreich, Tschechien, Polen",14.08.2015,"40.000,00 € ",80%,"Uebigau-Wahrenbrück, Stadt",Deutschland,066 Fortgeschrittene Unterstützungsdienste für KMU und KMU-Zusammenschlüsse
Kunststoffverarbeitungs GmbH ,"Messeteilnahme: ""Fakuma 2015"" in Friedrichshafen ",23.06.2015,"5.858,32 € ",80%,"Falkensee, Stadt",Deutschland,066 Fortgeschrittene Unterstützungsdienste für KMU und KMU-Zusammenschlüsse
Kurt Eulzer Druck GmbH & Co. KG ,"Messeteilnahme: ""Paperworld 2017"" in Frankfurt/Main ",02.06.2016,"15.000,00 € ",80%,"Hennigsdorf, Stadt",Deutschland,066 Fortgeschrittene Unterstützungsdienste für KMU und KMU-Zusammenschlüsse
kweak.ly GmbH ,Entwicklung einer Mobilen Video Messaging APP mit entsprechender Plattform als interaktives Kommunikationsmedium (AP 9),01.06.2016,"211.110,91 € ",80%,"Potsdam, Stadt",Deutschland,064 Forschungs- und Innovationsprozesse in KMU
kweak.ly GmbH ,Entwicklung einer Mobilen Video Messaging APP mit entsprechender Plattform als interaktives Kommunikationsmedium (AP 1-8),01.06.2016,"1.574.718,89 € ",80%,"Potsdam, Stadt",Deutschland,064 Forschungs- und Innovationsprozesse in KMU
kweak.ly GmbH ,kweak (AP10) ,01.06.2016,"1.081.315,19 € ",80%,"Potsdam, Stadt",Deutschland,064 Forschungs- und Innovationsprozesse in KMU
Länderinstitut für Bienenkunde Hohen Neuendorf e.V.,Innovativer Ausbau der Infrastruktur des LIB Hohen Neuendorf zur Verbesserung einer nachhaltigen Bienenhaltung,23.05.2016,"809.200,00 € ",80%,"Hohen Neuendorf, Stadt",Deutschland,058 Forschungs- und Innovationsinfrastruktur (öffentlich)
Laserneedle GmbH ,"Messe: ""Arab Health 2016"" in Dubai ",03.02.2015,"5.988,57 € ",80%,Glienicke/Nordbahn,Deutschland,066 Fortgeschrittene Unterstützungsdienste für KMU und KMU-Zusammenschlüsse
Leibniz-Institut für Agrartechnik und Bioökonomie e.V. (ATB),AgroBAT # Luftgestützte Boden-Analyse-Technik ,15.09.2016,"495.040,00 € ",80%,"Potsdam, Stadt",Deutschland,058 Forschungs- und Innovationsinfrastruktur (öffentlich)
Leibniz-Zentrum für Agrarland- schaftsforschung (ZALF) e. V.,"Forschungsplattform und Landschaftslabor ""AgroScapeLab Quillow"" ",01.02.2016,"1.365.000,00 € ",80%,"Müncheberg, Stadt",Deutschland,058 Forschungs- und Innovationsinfrastruktur (öffentlich)
LKT Lausitzer Klärtechnik GmbH ,"Messeteilnahme: ""IFAT 2016"" in München ",03.11.2015,"17.977,33 € ",80%,"Luckau, Stadt",Deutschland,066 Fortgeschrittene Unterstützungsdienste für KMU und KMU-Zusammenschlüsse
Loge Deutschland GmbH ,ProFIT Brandenburg: Integriertes projektübergreifendes Simulationswerkzeug zur Optimierung der Abgasnachbehandlung,01.08.2016,"183.612,12 € ",80%,"Cottbus, Stadt",Deutschland,064 Forschungs- und Innovationsprozesse in KMU
Loge Deutschland GmbH ,ProFIT Brandenburg: Integriertes projektübergreifendes Simulationswerkzeug zur Optimierung der Abgasnachbehandlung,01.08.2016,"318.046,79 € ",80%,"Cottbus, Stadt",Deutschland,064 Forschungs- und Innovationsprozesse in KMU
Logisch Thomas,"Teilnahme an der Leitmesse ""boot 2016"" in Düsseldorf ",06.05.2015,"7.208,21 € ",80%,Kleinmachnow,Deutschland,066 Fortgeschrittene Unterstützungsdienste für KMU und KMU-Zusammenschlüsse
Logisch Thomas,"Erlangung der weltweiten Marktzulassung für eine Enteron- Minikläranlage für Yachten, Hausboote und Expeditionsmobile",08.04.2016,"40.000,00 € ",80%,Kleinmachnow,Deutschland,066 Fortgeschrittene Unterstützungsdienste für KMU und KMU-Zusammenschlüsse
Logisch Thomas,"Messeteilnahme: ""boot 2017"" in Düsseldorf ",30.05.2016,"10.000,00 € ",80%,Kleinmachnow,Deutschland,066 Fortgeschrittene Unterstützungsdienste für KMU und KMU-Zusammenschlüsse
MARKTGUT GmbH ,Entwicklung i@value#transfer Assessment TOOL ,30.10.2015,"133.333,33 € ",80%,"Werder (Havel), Stadt",Deutschland,"067 Entwicklung von KMU, Förderung von Unternehmertum und Gründerzentren"
mawa design licht- und wohnideen gmbh,"Messeteilnahme: ""Light+Building 2016"" in Frankfurt/Main ",14.06.2015,"19.667,00 € ",80%,Michendorf,Deutschland,066 Fortgeschrittene Unterstützungsdienste für KMU und KMU-Zusammenschlüsse
Medipan GmbH ,"Messeteilnahme: ""Arab Health 2016"" in Dubai ",01.05.2015,"7.215,95 € ",80%,Blankenfelde-Mahlow,Deutschland,066 Fortgeschrittene Unterstützungsdienste für KMU und KMU-Zusammenschlüsse
MEMBRAPURE Gesellschaft für Membrantechnik mbH,"Messeteilnahme: ""Arab Health 2016"" in Dubai ",06.01.2015,"6.434,24 € ",80%,"Hennigsdorf, Stadt",Deutschland,066 Fortgeschrittene Unterstützungsdienste für KMU und KMU-Zusammenschlüsse
Mikroskop-Technik Rathenow GmbH ,"Messeteilnahme: ""productronica 2015"" in München ",28.11.2014,"5.900,96 € ",80%,"Rathenow, Stadt",Deutschland,066 Fortgeschrittene Unterstützungsdienste für KMU und KMU-Zusammenschlüsse
Mikroskop-Technik Rathenow GmbH ,"Messeteilnahme: ""Control 2016"" in Stuttgart ",02.07.2014,"7.073,00 € ",80%,"Rathenow, Stadt",Deutschland,066 Fortgeschrittene Unterstützungsdienste für KMU und KMU-Zusammenschlüsse
Ministerium der Finanzen (MdF) - Referat 42 Prüfbehörde EFRE,Finanzierung von Personalkosten ,04.11.2015,"1.000.000,00 € ",80%,"Potsdam, Stadt",Deutschland,"121 Vorbereitung, Durchführung, Begleitung und Kontrolle"
Ministerium der Finanzen (MdF) - Referat 42 Prüfbehörde EFRE,Finanzierung von Personalkosten für die Designierungsprüfung (K),18.12.2015,"50.000,00 € ",80%,"Potsdam, Stadt",Deutschland,"121 Vorbereitung, Durchführung, Begleitung und Kontrolle"
Ministerium der Finanzen (MdF) - Referat 42 Prüfbehörde EFRE,Designierungsprüfungen,26.11.2015,"5.459.760,00 € ",80%,"Potsdam, Stadt",Deutschland,"121 Vorbereitung, Durchführung, Begleitung und Kontrolle"
Ministerium der Finanzen (MdF) - Referat 42 Prüfbehörde EFRE,Entgelte ILB für die PB,21.05.2015,"87.000,00 € ",80%,"Potsdam, Stadt",Deutschland,"121 Vorbereitung, Durchführung, Begleitung und Kontrolle"
Ministerium der Finanzen (MdF) - Referat 42 Prüfbehörde EFRE,Finanzierung von Fortbildungskosten,09.02.2016,"1.002.500,00 € ",80%,"Potsdam, Stadt",Deutschland,"121 Vorbereitung, Durchführung, Begleitung und Kontrolle"
Ministerium der Justiz und für Europa und Verbraucherschutz (MdJEV) - Referat IV.2,Begleitung Task-Force Golm,20.01.2016,"3.006.270,00 € ",80%,"Potsdam, Stadt",Deutschland,122 Bewertung und Studien 
Ministerium der Justiz und für Europa und Verbraucherschutz (MdJEV) - Referat IV.2,Der Begleitausschuss des Landes Brandenburg in der FP 2014 - 2020,26.05.2016,"35.000,00 € ",80%,"Potsdam, Stadt",Deutschland,"121 Vorbereitung, Durchführung, Begleitung und Kontrolle"
Ministerium der Justiz und für Europa und Verbraucherschutz (MdJEV) - Referat IV.2,Europa im Blick IV - EU Förderungen im Land Brandenburg,11.05.2016,"441.600,00 € ",80%,"Potsdam, Stadt",Deutschland,123 Information und Kommunikation
Ministerium der Justiz und für Europa und Verbraucherschutz (MdJEV) - Referat IV.2,"Fondsübergreifende Imagekampagne (Nachfolge ""Auch ganz schön""",22.10.2015,"811.800,00 € ",80%,"Potsdam, Stadt",Deutschland,123 Information und Kommunikation
"Ministerium für Arbeit, Soziales, Frauen und Familie (MASGF)- Referat 34","Kontakt- und Beratungsstelle ""KBSplus""",22.10.2014,"890.875,00 € ",80%,"Potsdam, Stadt",Deutschland,"121 Vorbereitung, Durchführung, Begleitung und Kontrolle"
Ministerium für Infrastruktur und Landwirtschaft (MIL) - Referat 21,Finanzierung von Personalkosten ,18.03.2015,"900.000,00 € ",80%,"Potsdam, Stadt",Deutschland,"121 Vorbereitung, Durchführung, Begleitung und Kontrolle"
Ministerium für Wirtschaft und Energie (MWE) - Referat 13 Bescheinigungsbehörde EFRE,Finanzierung von Personalkosten ,27.02.2015,"1.110.000,00 € ",80%,"Potsdam, Stadt",Deutschland,"121 Vorbereitung, Durchführung, Begleitung und Kontrolle"
Ministerium für Wirtschaft und Energie (MWE) - Referat 13 Bescheinigungsbehörde EFRE,Finanzierung von Fortbildungskosten,11.08.2015,"20.000,00 € ",80%,"Potsdam, Stadt",Deutschland,"121 Vorbereitung, Durchführung, Begleitung und Kontrolle"
Ministerium für Wirtschaft und Energie (MWE) - Referat 16 Verwaltungsbehörde EFRE,ILB Drittkosten Schnittstelle efREporter III,11.04.2016,"3.800,00 € ",80%,"Potsdam, Stadt",Deutschland,"121 Vorbereitung, Durchführung, Begleitung und Kontrolle"
Ministerium für Wirtschaft und Energie (MWE) - Referat 16 Verwaltungsbehörde EFRE,ILB-Drittkosten - Schnittstelle efREporter II zum Abschluss der FP 2007-2013,01.06.2016,"372.136,80 € ",80%,"Potsdam, Stadt",Deutschland,"121 Vorbereitung, Durchführung, Begleitung und Kontrolle"
Ministerium für Wirtschaft und Energie (MWE) - Referat 16 Verwaltungsbehörde EFRE,Finanzierung von Personalkosten ,31.07.2015,"3.243.303,14 € ",80%,"Potsdam, Stadt",Deutschland,"121 Vorbereitung, Durchführung, Begleitung und Kontrolle"
Ministerium für Wirtschaft und Energie (MWE) - Referat 16 Verwaltungsbehörde EFRE,Finanzierung von Personalkosten im ESF und EFRE Einsatz - SharePoint,19.04.2016,"535.000,00 € ",80%,"Potsdam, Stadt",Deutschland,"121 Vorbereitung, Durchführung, Begleitung und Kontrolle"
Ministerium für Wirtschaft und Energie (MWE) - Referat 16 Verwaltungsbehörde EFRE,Einrichtung efREporter III ,08.04.2016,"164.000,00 € ",80%,"Potsdam, Stadt",Deutschland,"121 Vorbereitung, Durchführung, Begleitung und Kontrolle"
Ministerium für Wirtschaft und Energie (MWE) - Referat 16 Verwaltungsbehörde EFRE,Erweiterung der Share-Point-Nutzung,26.04.2016,"350.000,00 € ",80%,"Potsdam, Stadt",Deutschland,"121 Vorbereitung, Durchführung, Begleitung und Kontrolle"
Ministerium für Wirtschaft und Energie (MWE) - Referat 16 Verwaltungsbehörde EFRE,Finanzierung Terminal-Server-Zugänge ILB (Citrix),11.05.2016,"160.000,00 € ",80%,"Potsdam, Stadt",Deutschland,"121 Vorbereitung, Durchführung, Begleitung und Kontrolle"
Ministerium für Wirtschaft und Energie (MWE) - Referat 16 Verwaltungsbehörde EFRE,Beauftragung von Übersetzungsleistungen Englisch/Deutsch - Deutsch/Englisch,08.04.2016,"55.000,00 € ",80%,"Potsdam, Stadt",Deutschland,"121 Vorbereitung, Durchführung, Begleitung und Kontrolle"
Ministerium für Wirtschaft und Energie (MWE) - Referat 16 Verwaltungsbehörde EFRE,Begleitendes Monitoring zur Umsetzung des OP EFRE,26.04.2016,"37.300,00 € ",80%,"Potsdam, Stadt",Deutschland,122 Bewertung und Studien 
Ministerium für Wirtschaft und Energie (MWE) - Referat 16 Verwaltungsbehörde EFRE,Finanzierung von Fortbildungskosten,09.10.2015,"20.000,00 € ",80%,"Potsdam, Stadt",Deutschland,"121 Vorbereitung, Durchführung, Begleitung und Kontrolle"
Ministerium für Wirtschaft und Energie (MWE) - Referat 16 Verwaltungsbehörde EFRE,Information und Kommunikation (EFRE),10.03.2016,"9.000,00 € ",80%,"Potsdam, Stadt",Deutschland,123 Information und Kommunikation
Ministerium für Wirtschaft und Energie (MWE) - Referat 16 Verwaltungsbehörde EFRE,Unterstützung der VB EFRE in Bezug auf Information und Kommunikation (EFRE),08.04.2016,"6.353,82 € ",80%,"Potsdam, Stadt",Deutschland,123 Information und Kommunikation
Ministerium für Wirtschaft und Energie (MWE) - Referat 22,Ergebnis- und Wirkungsmonitorings (2015-2017) für die regionale Innovationsstrategie ,01.07.2015,"1.660,00 € ",80%,"Potsdam, Stadt",Deutschland,122 Bewertung und Studien 
Ministerium für Wirtschaft und Energie (MWE) - Referat 22 ,Finanzierung von Personalkosten ,12.02.2016,"1.414,91 € ",80%,"Potsdam, Stadt",Deutschland,"121 Vorbereitung, Durchführung, Begleitung und Kontrolle"
Ministerium für Wirtschaft und Energie (MWE) - Referat 23 Verwaltungsbehörde EFRE,Digitale Wirtschaft,20.07.2016,"226.658,33 € ",80%,"Potsdam, Stadt",Deutschland,122 Bewertung und Studien 
Ministerium für Wirtschaft und Energie (MWE) - Referat 26 ,Finanzierung von Fortbildungskosten,03.03.2016,"1.200.000,00 € ",80%,"Potsdam, Stadt",Deutschland,"121 Vorbereitung, Durchführung, Begleitung und Kontrolle"
Ministerium für Wirtschaft und Energie (MWE) - Referat 26 ,"2. Teil der Umsetzung des Maßnahmeplanes auf Grundlage des Kommunikationsplanes 2016 das Finanzinstrument ""Mikrokredit Brandenburg""",08.06.2016,"40.000,00 € ",80%,"Potsdam, Stadt",Deutschland,123 Information und Kommunikation
Ministerium für Wirtschaft und Energie (MWE) - Referat 26 ,"1. Teil der Umsetzung Maßnahmeplan Kommunikation ""Mikrokredit Brandenburg""",22.02.2016,"23.100,00 € ",80%,"Potsdam, Stadt",Deutschland,123 Information und Kommunikation
Ministerium für Wirtschaft und Energie (MWE) - Referat 26 ,Kommunikationsplan Mikrokredit Brandenburg,17.12.2015,"22.100,00 € ",80%,"Potsdam, Stadt",Deutschland,123 Information und Kommunikation
Ministerium für Wirtschaft und Energie (MWE) - Referat 42 ,Finanzierung von Personalkosten ,22.04.2014,"23.800,00 € ",80%,"Potsdam, Stadt",Deutschland,"121 Vorbereitung, Durchführung, Begleitung und Kontrolle"
Ministerium für Wirtschaft und Energie (MWE) - Referat 42 ,Finanzierung von Fortbildungskosten,21.03.2016,"72,35 € ",80%,"Potsdam, Stadt",Deutschland,"121 Vorbereitung, Durchführung, Begleitung und Kontrolle"
"Minsterium für Wissenschaft, Forschung und Kultur",Weiterbildung von Landesbeschäftigten (BLB) - Kontrolle und Prüfungen von EFRE Projekten,01.04.2016,"56.650,00 € ",80%,"Potsdam, Stadt",Deutschland,"121 Vorbereitung, Durchführung, Begleitung und Kontrolle"
"Minsterium für Wissenschaft, Forschung und Kultur",Finanzierung von Fortbildungskosten,19.06.2016,"133.560,00 € ",80%,"Potsdam, Stadt",Deutschland,"121 Vorbereitung, Durchführung, Begleitung und Kontrolle"
MMM Medizinische Modellbau Manufaktur GmbH,"Messeteilnahme: ""MEDICA 2015"" in Düsseldorf ",09.04.2015,"3.053,46 € ",80%,Wildau,Deutschland,066 Fortgeschrittene Unterstützungsdienste für KMU und KMU-Zusammenschlüsse
MMM Medizinische Modellbau Manufaktur GmbH,"Messeteilnahme ""MEDICA 2016"" in Düsseldorf ",26.04.2016,"6.079,00 € ",80%,Wildau,Deutschland,066 Fortgeschrittene Unterstützungsdienste für KMU und KMU-Zusammenschlüsse
MOM GmbH Mechanisch-Optische-Metallverarbeitung,"Messeteilnahme: ""opti 2016"" in München ",16.03.2015,"30.000,00 € ",80%,"Rathenow, Stadt",Deutschland,066 Fortgeschrittene Unterstützungsdienste für KMU und KMU-Zusammenschlüsse
MOM GmbH Mechanisch-Optische-Metallverarbeitung,"Messeteilnahme: ""SILMO 2015"" in Paris ",09.03.2015,"20.502,94 € ",80%,"Rathenow, Stadt",Deutschland,066 Fortgeschrittene Unterstützungsdienste für KMU und KMU-Zusammenschlüsse
Motzener Kunststoff- und Gummiverarbeitung GmbH,"Messeteilnahme: ""Fakuma 2015"" in Friedrichshafen ",23.06.2015,"5.796,00 € ",80%,"Mittenwalde, Stadt",Deutschland,066 Fortgeschrittene Unterstützungsdienste für KMU und KMU-Zusammenschlüsse
Motzener Kunststoff- und Gummiverarbeitung GmbH,"Messeteilnahme: ""HANNOVER MESSE 2016"" in Hannover ",30.11.2015,"5.380,00 € ",80%,"Mittenwalde, Stadt",Deutschland,066 Fortgeschrittene Unterstützungsdienste für KMU und KMU-Zusammenschlüsse
Motzener Kunststoff- und Gummiverarbeitung GmbH,"Messeteilnahme: ""InnoTrans 2016"" in Berlin ",19.02.2016,"6.047,20 € ",80%,"Mittenwalde, Stadt",Deutschland,066 Fortgeschrittene Unterstützungsdienste für KMU und KMU-Zusammenschlüsse
Motzener Kunststoff- und Gummiverarbeitung GmbH,"Messeteilnahme: ""K 2016"" in Düsseldorf ",03.05.2016,"5.531,20 € ",80%,"Mittenwalde, Stadt",Deutschland,066 Fortgeschrittene Unterstützungsdienste für KMU und KMU-Zusammenschlüsse
MP GmbH Montage- und Prüfsysteme ,Innovative Überarbeitung der MP Fügespindel und Bau eines Prototypen,07.08.2015,"134.600,00 € ",80%,Fredersdorf-Vogelsdorf,Deutschland,"067 Entwicklung von KMU, Förderung von Unternehmertum und Gründerzentren"
My Molo GmbH ,Errichtung einer Betriebsstätte zur Herstellung und Vermietung mobiler Unterkünfte (Lodges) f. Festivals u. Großveranstaltungen,26.02.2016,"131.564,00 € ",80%,"Oranienburg, Stadt",Deutschland,"067 Entwicklung von KMU, Förderung von Unternehmertum und Gründerzentren"
Niendorf Flügel- und Klavierfabrik GmbH ,"Messeteilnahme: ""Music China 2016"" in Shanghai ",25.05.2016,"30.000,00 € ",80%,"Luckenwalde, Stadt",Deutschland,066 Fortgeschrittene Unterstützungsdienste für KMU und KMU-Zusammenschlüsse
Nuloc GmbH ,Entwicklung eines Smarten Bike Protection Systems ,24.11.2015,"133.000,00 € ",80%,"Hennigsdorf, Stadt",Deutschland,"067 Entwicklung von KMU, Förderung von Unternehmertum und Gründerzentren"
OakLabs GmbH ,"Messeteilnahme: ""analytica 2016"" in München ",18.01.2016,"5.316,00 € ",80%,"Hennigsdorf, Stadt",Deutschland,066 Fortgeschrittene Unterstützungsdienste für KMU und KMU-Zusammenschlüsse
Ollroge Kathrin,"Messeteilnahme: ""Leipziger Buchmesse 2016"" in Leipzig ",03.02.2016,"3.220,66 € ",80%,"Potsdam, Stadt",Deutschland,066 Fortgeschrittene Unterstützungsdienste für KMU und KMU-Zusammenschlüsse
Oncoprevent GmbH ,Entwicklung eines neuartigen Therapeutikums zur Prävention von triple-negativen Brusttumoren,01.06.2015,"551.666,07 € ",80%,"Hennigsdorf, Stadt",Deutschland,064 Forschungs- und Innovationsprozesse in KMU
Oncoprevent GmbH ,Entwicklung eines neuartigen Therapeutikums zur Prävention von triple-negativen Brusttumoren,01.06.2015,"589.000,00 € ",80%,"Hennigsdorf, Stadt",Deutschland,064 Forschungs- und Innovationsprozesse in KMU
optic alliance brandenburg berlin e.V. ,"Gemeinschaftsstand ""Opti 2016"" in München ",16.11.2015,"49.312,25 € ",80%,"Rathenow, Stadt",Deutschland,066 Fortgeschrittene Unterstützungsdienste für KMU und KMU-Zusammenschlüsse
oSol:e GmbH ,"Produktentwicklung von Premium-Design-Solarleuchten ""oSol:e"" unter Nutzung innovativer Solartechnologie",25.09.2015,"120.628,00 € ",80%,"Potsdam, Stadt",Deutschland,"067 Entwicklung von KMU, Förderung von Unternehmertum und Gründerzentren"
oSol:e GmbH ,"Messeteilnahme: ""imm cologne 2016"" in Köln ",04.09.2015,"3.125,11 € ",80%,"Potsdam, Stadt",Deutschland,066 Fortgeschrittene Unterstützungsdienste für KMU und KMU-Zusammenschlüsse
Osters & Voß GmbH Umwelttechnik,"Messeteilnahme: ""AGRITECHNICA 2015"" in Hannover ",31.07.2015,"30.000,00 € ",80%,Plattenburg,Deutschland,066 Fortgeschrittene Unterstützungsdienste für KMU und KMU-Zusammenschlüsse
Oviva AG ,Errichtung einer Betriebsstätte für Ernährungsberatungsdienstleistungen in Deutschland,05.01.2016,"133.333,34 € ",80%,"Potsdam, Stadt",Deutschland,"067 Entwicklung von KMU, Förderung von Unternehmertum und Gründerzentren"
Paul Rüster & Co. GmbH ,"Messeteilnahme: ""HANNOVER MESSE 2016"" in Hannover ",14.09.2015,"15.603,68 € ",80%,Stahnsdorf,Deutschland,066 Fortgeschrittene Unterstützungsdienste für KMU und KMU-Zusammenschlüsse
Paul Rüster & Co. GmbH ,Zertifizierung: Erlangung einer russischen GOST TR 012/2011 ,16.12.2015,"7.980,00 € ",80%,Stahnsdorf,Deutschland,066 Fortgeschrittene Unterstützungsdienste für KMU und KMU-Zusammenschlüsse
Paul Rüster & Co. GmbH ,"Messeteilnahme: ""InnoTrans 2016"" in Berlin ",05.12.2014,"12.760,00 € ",80%,Stahnsdorf,Deutschland,066 Fortgeschrittene Unterstützungsdienste für KMU und KMU-Zusammenschlüsse
Paulick Peter,"Messeteilnahme: ""GaLaBau 2016"" in Nürnberg ",27.01.2016,"8.277,72 € ",80%,"Vetschau/Spreewald, Stadt",Deutschland,066 Fortgeschrittene Unterstützungsdienste für KMU und KMU-Zusammenschlüsse
Pentracor GmbH ,"ProFIT Brandenburg: Neue Generation CRP-Adsorber Arbeitspakete 8, 9 und 12",01.05.2016,"751.857,30 € ",80%,"Hennigsdorf, Stadt",Deutschland,064 Forschungs- und Innovationsprozesse in KMU
Pentracor GmbH ,"ProFIT Brandenburg: Neue Generation CRP-Adsorber, Arbeitspakete 1, 2, 3, 5, 6, 7, 10 und 11",01.05.2016,"883.633,04 € ",80%,"Hennigsdorf, Stadt",Deutschland,064 Forschungs- und Innovationsprozesse in KMU
Pentracor GmbH ,Neue Generation CRP-Adsorber ,01.05.2016,"384.378,71 € ",80%,"Hennigsdorf, Stadt",Deutschland,064 Forschungs- und Innovationsprozesse in KMU
PICASO-Systems GmbH ,"Messeteilnahme: ""TRAKO 2015"" in Danzig ",22.10.2014,"1.721,18 € ",80%,Brieselang,Deutschland,066 Fortgeschrittene Unterstützungsdienste für KMU und KMU-Zusammenschlüsse
PICASO-Systems GmbH ,"Messeteilnahme: ""IT-TRANS 2016"" in Karlsruhe ",07.11.2014,"7.261,69 € ",80%,Brieselang,Deutschland,066 Fortgeschrittene Unterstützungsdienste für KMU und KMU-Zusammenschlüsse
PICASO-Systems GmbH ,"Messeteilnahme: ""InnoTrans 2016"" in Berlin ",10.11.2014,"17.260,66 € ",80%,Brieselang,Deutschland,066 Fortgeschrittene Unterstützungsdienste für KMU und KMU-Zusammenschlüsse
Pinax GmbH & Co. KG,ProFIT Brandenburg: Entwicklung diagnostisches Radiogenerikon mit Expertensystem,01.04.2016,"996.565,03 € ",80%,"Bad Liebenwerda, Stadt",Deutschland,064 Forschungs- und Innovationsprozesse in KMU
Pinax GmbH & Co. KG,ProFIT Brandenburg: Entwicklung diagnostisches Radiogenerikon mit Expertensystem,01.04.2016,"307.805,70 € ",80%,"Bad Liebenwerda, Stadt",Deutschland,064 Forschungs- und Innovationsprozesse in KMU
Power Tools GmbH ,"Messeteilnahme: ""IFFA 2016"" in Frankfurt/Main ",11.03.2015,"15.300,00 € ",80%,Spreenhagen,Deutschland,066 Fortgeschrittene Unterstützungsdienste für KMU und KMU-Zusammenschlüsse
Prignitz Mikrosystemtechnik GmbH ,"Messeteilnahme: ""HANNOVER MESSE 2016"" in Hannover ",02.09.2015,"5.025,00 € ",80%,"Wittenberge, Stadt",Deutschland,066 Fortgeschrittene Unterstützungsdienste für KMU und KMU-Zusammenschlüsse
PRODAT Informatik GmbH ,"Messeteilnahme: ""InnoTrans 2016"" in Berlin ",18.01.2016,"5.667,20 € ",80%,"Senftenberg, Stadt",Deutschland,066 Fortgeschrittene Unterstützungsdienste für KMU und KMU-Zusammenschlüsse
Prognos Energy GmbH ,"ProFIT Brandenburg: Erstellung von Wetterdaten/PV Prognosen Arbeitspakete 1, 3, 5, 7, 9, 11",01.06.2016,"256.540,11 € ",80%,"Potsdam, Stadt",Deutschland,064 Forschungs- und Innovationsprozesse in KMU
Prognos Energy GmbH ,"ProFIT Brandenburg: Erstellung von Wetterdaten/PV Prognosen Arbeitspakete 2, 4, 6, 8, 10, 12",01.06.2016,"258.479,04 € ",80%,"Potsdam, Stadt",Deutschland,064 Forschungs- und Innovationsprozesse in KMU
Prognos Energy GmbH ,ProFIT Brandenburg: Erstellung von Wetterdaten/PV Prognosen Arbeitspaket 13,01.06.2016,"46.092,21 € ",80%,"Potsdam, Stadt",Deutschland,064 Forschungs- und Innovationsprozesse in KMU
Rausch Werner,"Messeteilnahme: ""Fensterbau Frontale 2016"" in Nürnberg ",15.09.2015,"3.048,40 € ",80%,"Rheinsberg, Stadt",Deutschland,066 Fortgeschrittene Unterstützungsdienste für KMU und KMU-Zusammenschlüsse
RFC-Fitness GmbH ,"Entwicklung eines Webportals ""Rücken-Fit-Challenge"" ",06.01.2016,"133.333,34 € ",80%,"Potsdam, Stadt",Deutschland,"067 Entwicklung von KMU, Förderung von Unternehmertum und Gründerzentren"
RFC-Fitness GmbH ,"Messeteilnahme: ""FIBO 2016"" in Köln ",17.03.2016,"6.584,96 € ",80%,"Potsdam, Stadt",Deutschland,066 Fortgeschrittene Unterstützungsdienste für KMU und KMU-Zusammenschlüsse
Rohrberg & Steyer GbR ,"Entwicklung und Aufbau des Webportals ""ScottyScout"" sowie Entwicklung einer Reiseführer-App",18.08.2015,"122.188,80 € ",80%,Petershagen/Eggersdorf,Deutschland,"067 Entwicklung von KMU, Förderung von Unternehmertum und Gründerzentren"
Rolan Instruments GmbH ,"Messeteilnahme: ""MEDICA 2016"" in Düsseldorf ",17.02.2016,"8.350,00 € ",80%,"Storkow (Mark), Stadt",Deutschland,066 Fortgeschrittene Unterstützungsdienste für KMU und KMU-Zusammenschlüsse
Sanleaf Europe GmbH ,"Messeteilnahme: ""BIOFACH 2016"" in Nürnberg ",05.11.2015,"5.375,40 € ",80%,Schenkendöbern,Deutschland,066 Fortgeschrittene Unterstützungsdienste für KMU und KMU-Zusammenschlüsse
Schaper Frank,"Messeteilnahme: ""hanseboot 2015"" in Hamburg ",18.12.2014,"21.594,44 € ",80%,"Werder (Havel), Stadt",Deutschland,066 Fortgeschrittene Unterstützungsdienste für KMU und KMU-Zusammenschlüsse
Schaper Frank,"Messeteilnahme: ""boot 2016"" in Düsseldorf ",14.09.2015,"28.500,00 € ",80%,"Werder (Havel), Stadt",Deutschland,066 Fortgeschrittene Unterstützungsdienste für KMU und KMU-Zusammenschlüsse
SCHORISCH MAGIS GmbH ,"Einstellung eines Markterschließungsassistenten für Österreich, Dänemark, Schweiz",01.10.2015,"40.000,00 € ",80%,Karstädt,Deutschland,066 Fortgeschrittene Unterstützungsdienste für KMU und KMU-Zusammenschlüsse
silvertex aqua GmbH ,Einstellung eines Markterschließungsassistenten ,30.06.2016,"36.000,00 € ",80%,Neuenhagen bei Berlin,Deutschland,066 Fortgeschrittene Unterstützungsdienste für KMU und KMU-Zusammenschlüsse
SIM4u Aviation Service GmbH ,"Messeteilnahme: ""ILA 2016"" in Berlin ",12.04.2016,"3.012,40 € ",80%,Rangsdorf,Deutschland,066 Fortgeschrittene Unterstützungsdienste für KMU und KMU-Zusammenschlüsse
skai mobile solutions GmbH ,"Messeteilnahme: ""CeBIT 2016"" in Hannover ",10.11.2015,"8.096,00 € ",80%,"Potsdam, Stadt",Deutschland,066 Fortgeschrittene Unterstützungsdienste für KMU und KMU-Zusammenschlüsse
SMACC GmbH ,Entwicklung einer cloudbasierten Softwarelösung zur Realisierung neuartiger automatisierter Prozesse (AP 1 und 3),01.08.2016,"630.500,70 € ",80%,"Potsdam, Stadt",Deutschland,064 Forschungs- und Innovationsprozesse in KMU
SMACC GmbH ,"Entwicklung einer cloudbasierten Softwarelösung zur Realisierung neuartiger automatisierter Prozesse (AP 2,4 und 5)",01.08.2016,"1.092.024,02 € ",80%,"Potsdam, Stadt",Deutschland,064 Forschungs- und Innovationsprozesse in KMU
SMACC GmbH ,Erstellung und Programmierung einer Cloud-Software zur digitalen Erbringung von Buchhaltungsdienstleistungen,14.08.2015,"133.333,34 € ",80%,"Potsdam, Stadt",Deutschland,"067 Entwicklung von KMU, Förderung von Unternehmertum und Gründerzentren"
smarttra.de GmbH ,"ProFIT:FINMAREG - Entwicklung einer cloud-basierten IT-Plattform (AP: 3,6,7,9,10)",01.07.2015,"512.899,37 € ",80%,"Hennigsdorf, Stadt",Deutschland,064 Forschungs- und Innovationsprozesse in KMU
smarttra.de GmbH ,"ProFIT: FINMAREG - Entwickl. einer cloud-basierten IT-Plattform (AP: 2,4,5,11,13)",01.07.2015,"503.132,06 € ",80%,"Hennigsdorf, Stadt",Deutschland,064 Forschungs- und Innovationsprozesse in KMU
smarttra.de GmbH ,"PROFIT: FINMAREG - Entwickl. einer cloud-basierten IT-Plattform (AP: 1,8,12)",01.07.2015,"607.689,52 € ",80%,"Hennigsdorf, Stadt",Deutschland,064 Forschungs- und Innovationsprozesse in KMU
smarttra.de GmbH ,"Messeteilnahme: ""Invest 2016"" in Stuttgart ",25.11.2015,"5.596,40 € ",80%,"Hennigsdorf, Stadt",Deutschland,066 Fortgeschrittene Unterstützungsdienste für KMU und KMU-Zusammenschlüsse
Snaptrust GmbH ,"Errichtung der Betriebsstätte sowie Entwicklung eines seriellen, monochromen,fälschungssicheren,track-&tracefähigen Druckmerkmals",21.08.2015,"133.333,34 € ",80%,"Potsdam, Stadt",Deutschland,"067 Entwicklung von KMU, Förderung von Unternehmertum und Gründerzentren"
Soleni Classic GmbH ,"Messeteilnahme: ""BEAUTY DÜSSELDORF 2016"" in Düsseldorf ",09.07.2015,"30.000,00 € ",80%,Schenkendöbern,Deutschland,066 Fortgeschrittene Unterstützungsdienste für KMU und KMU-Zusammenschlüsse
Solmove GmbH ,Errichtung einer Betriebsstätte zur Herstellung und Entwicklung von horizontalen Photovoltaikmodulen,23.03.2016,"133.000,00 € ",80%,"Potsdam, Stadt",Deutschland,"067 Entwicklung von KMU, Förderung von Unternehmertum und Gründerzentren"
Spiel-Bau GmbH ,Einstellung eines Markterschließungsassistenten ,25.04.2016,"25.200,00 € ",80%,"Brandenburg an der Havel, Stadt",Deutschland,066 Fortgeschrittene Unterstützungsdienste für KMU und KMU-Zusammenschlüsse
Spiel-Bau GmbH ,"Messeteilnahme: ""ODBS-Outdoor design & build show 2016"" in Dubai ",23.02.2016,"18.472,36 € ",80%,"Brandenburg an der Havel, Stadt",Deutschland,066 Fortgeschrittene Unterstützungsdienste für KMU und KMU-Zusammenschlüsse
Spotniq GmbH ,SPOTNiQ health-Software zur Digitalisierung von Kernprozessen v. Krankenhäusern und Pflegeeinrichtungen,26.04.2016,"133.333,34 € ",80%,"Potsdam, Stadt",Deutschland,"067 Entwicklung von KMU, Förderung von Unternehmertum und Gründerzentren"
Stadtritter GmbH ,Investitionen in den Aufbau und die Ausstattung der Notruf- und Serviceleitstelle der Stadtritter GmbH,29.02.2016,"52.100,00 € ",80%,Kleinmachnow,Deutschland,"067 Entwicklung von KMU, Förderung von Unternehmertum und Gründerzentren"
Start IT Solutions GmbH ,Entwicklung eines digit. Assessment-Tools zur Automatisierung d. Begleitungsprozesses ausländ. Fachkräfte in den dt. Arbeitsmarkt,06.04.2016,"133.333,34 € ",80%,"Potsdam, Stadt",Deutschland,"067 Entwicklung von KMU, Förderung von Unternehmertum und Gründerzentren"
Start IT Solutions GmbH ,Einstellung eines Markterschließungsassistenten ,01.07.2016,"25.200,00 € ",80%,"Potsdam, Stadt",Deutschland,066 Fortgeschrittene Unterstützungsdienste für KMU und KMU-Zusammenschlüsse
Stiftung Europa-Universität Viadrina Frankfurt (Oder),Wissens- und Technologietransfer an der Europa-Universität Viadrina 2015-2016,01.01.2015,"130.046,85 € ",80%,"Frankfurt (Oder), Stadt",Deutschland,"062 Technologietransfer und Zusammenarbeit zwischen Hochschulen und Unternehmen, vor allem zugunsten von KMU"
StreetLan Gesellschaft für innovative Kommunikationstechnologie mbH,"Highspeed-Internet & WLAN per Funk und in Kombination mit Straßenbeleuchtung und Telematik, Breitband-Internet überall",24.08.2015,"100.693,00 € ",80%,"Brandenburg an der Havel, Stadt",Deutschland,"067 Entwicklung von KMU, Förderung von Unternehmertum und Gründerzentren"
structrepair GmbH ,Faserverbundwerkstoffe uund Prozesstechnologien zur ressourcenschonenden Reparatur v. Leichtbaustrukturen u.Bauwerken (AP 1-5),01.07.2016,"248.068,88 € ",80%,"Ruhland, Stadt",Deutschland,064 Forschungs- und Innovationsprozesse in KMU
structrepair GmbH ,Faserverbundwerkstoffe und Prozesstechnologien zur ressource schonenden Reparatur und Ert. von Bauteilen u. Gebäuden (AP 6),01.07.2016,"239.233,60 € ",80%,"Ruhland, Stadt",Deutschland,064 Forschungs- und Innovationsprozesse in KMU
structrepair GmbH ,"Faserverbundwerkstoffe und Prozesstechnologien zur ressource schonenden Reparatur und Ert. von Bauteilen u. Gebäuden (AP 7,8)",01.07.2016,"221.860,63 € ",80%,"Ruhland, Stadt",Deutschland,064 Forschungs- und Innovationsprozesse in KMU
Supersport Fitness GmbH ,"Messeteilnahme: ""FIBO 2016"" in Köln ",08.09.2015,"30.000,00 € ",80%,"Velten, Stadt",Deutschland,066 Fortgeschrittene Unterstützungsdienste für KMU und KMU-Zusammenschlüsse
Sven Krumnow & Katrin Bauer GbR reine Leinölfarben,"Messeteilnahme: ""EUHEF 2015"" in Wien ",01.09.2015,"3.133,48 € ",80%,"Potsdam, Stadt",Deutschland,066 Fortgeschrittene Unterstützungsdienste für KMU und KMU-Zusammenschlüsse
SWK Innovations GmbH & Co. KG ,"Messeteilnahme: ""Industrial Supply/HANNOVER MESSE 2016"" in Hannover",03.03.2016,"4.244,00 € ",80%,"Lübbenau/Spreewald, Stadt",Deutschland,066 Fortgeschrittene Unterstützungsdienste für KMU und KMU-Zusammenschlüsse
Tandem Wind Energy GmbH ,Errichtung der Betriebsstätte und Entwicklung eines Demonstrators einer innovativen Vertikal-Kleinwindkraftanlage,11.01.2016,"132.850,00 € ",80%,"Hennigsdorf, Stadt",Deutschland,"067 Entwicklung von KMU, Förderung von Unternehmertum und Gründerzentren"
Technische Hochschule Brandenburg ,IRNDT - System ,04.02.2016,"39.204,55 € ",80%,"Brandenburg an der Havel, Stadt",Deutschland,058 Forschungs- und Innovationsinfrastruktur (öffentlich)
Technische Hochschule Brandenburg ,Labor für Cybersicherheit und Schutz kritischer Infrastrukturen ,01.02.2016,"93.318,00 € ",80%,"Brandenburg an der Havel, Stadt",Deutschland,058 Forschungs- und Innovationsinfrastruktur (öffentlich)
Technische Hochschule Brandenburg ,Ausstattung zur Bearbeitung von ultra-hochfesten Werkstoffen ,01.02.2016,"77.410,00 € ",80%,"Brandenburg an der Havel, Stadt",Deutschland,058 Forschungs- und Innovationsinfrastruktur (öffentlich)
Technische Hochschule Brandenburg ,Hochleistungsdiodenlaser als Multiverfahrenswerkzeug ,01.10.2016,"99.995,70 € ",80%,"Brandenburg an der Havel, Stadt",Deutschland,058 Forschungs- und Innovationsinfrastruktur (öffentlich)
Technische Hochschule Brandenburg ,digital.smartRegion Akronym d.smartRegion ,01.02.2016,"622.249,31 € ",80%,"Brandenburg an der Havel, Stadt",Deutschland,060 Forschungs- und Innovationstätigkeiten in öffentlichen Forschungseinrichtungen und Kompetenzzentren einschließlich Vernetzung
Technische Hochschule Brandenburg ,Konzeptionierung eines Prototypen zur kontinuierlichen Wärmeerzeugung für industrielle Prozesse auf Basis von Solarthermie,01.01.2016,"327.353,86 € ",80%,"Brandenburg an der Havel, Stadt",Deutschland,060 Forschungs- und Innovationstätigkeiten in öffentlichen Forschungseinrichtungen und Kompetenzzentren einschließlich Vernetzung
Technische Hochschule Brandenburg ,Wissens- und Technologietransfer an der Fachhochschule Brandenburg 2015 - 2016,01.01.2015,"265.277,97 € ",80%,"Brandenburg an der Havel, Stadt",Deutschland,"062 Technologietransfer und Zusammenarbeit zwischen Hochschulen und Unternehmen, vor allem zugunsten von KMU"
Technische Hochschule Wildau (FH) ,Ellipsometererweiterung zur Materialcharakterisierung und Laser messtechnik zur Bauelementvermessung im nahinfraroten Spektralb.,04.02.2016,"98.710,50 € ",80%,Wildau,Deutschland,058 Forschungs- und Innovationsinfrastruktur (öffentlich)
Technische Hochschule Wildau (FH) ,Ausbau von Industrie-4.0-Aktivitäten zur wissenschaftlichen Unterstützung von regionalen KMU (IwU KMU),01.02.2016,"73.500,00 € ",80%,Wildau,Deutschland,058 Forschungs- und Innovationsinfrastruktur (öffentlich)
Technische Hochschule Wildau (FH) ,Etablierung eines Mikro-Handling Systems zur Untersuchung von Mikro- und Nanostrukturen auf Oberflächen (MikroNano_Rob),03.02.2016,"96.000,00 € ",80%,Wildau,Deutschland,058 Forschungs- und Innovationsinfrastruktur (öffentlich)
Technische Hochschule Wildau (FH) ,Schaffung der messtechnischen Grundlagen für die Geräuschidentifikation von Maschinen u. Kraftfahrzeugen,05.02.2016,"58.000,00 € ",80%,Wildau,Deutschland,058 Forschungs- und Innovationsinfrastruktur (öffentlich)
Technische Hochschule Wildau (FH) ,Produktionsleitsysteme als Erweiterung von SCADA in der Automatisierungstechnik - xSCAD,01.02.2016,"38.830,00 € ",80%,Wildau,Deutschland,058 Forschungs- und Innovationsinfrastruktur (öffentlich)
Technische Hochschule Wildau (FH) ,Diagnostik metallischer und keramischer Funktionswerkstoffe mittels Lasertechnologie,01.02.2016,"99.852,90 € ",80%,Wildau,Deutschland,058 Forschungs- und Innovationsinfrastruktur (öffentlich)
Technische Hochschule Wildau (FH) ,Entwicklung von labbasierten methodischen Ansätzen für die Umsetzung von Cross-Industry-Innovation,03.02.2016,"99.800,00 € ",80%,Wildau,Deutschland,058 Forschungs- und Innovationsinfrastruktur (öffentlich)
Technische Hochschule Wildau (FH) ,WErKiB (Werkzeuge zur Erstellung von Kleinprototypen in der Bildverarbeitung),01.02.2016,"40.000,00 € ",80%,Wildau,Deutschland,058 Forschungs- und Innovationsinfrastruktur (öffentlich)
Technische Hochschule Wildau (FH) ,DiaS Erweiterung eines Plasmabeschichtungssystems zur Herstellung kohlenstoffbasierter diamantartiger Schichten,01.10.2016,"93.159,00 € ",80%,Wildau,Deutschland,058 Forschungs- und Innovationsinfrastruktur (öffentlich)
Technische Hochschule Wildau (FH) ,Vibroakustische Komposit-Prozesskontrolle für Qualitätssicherung  und Optimierung - ViKProQuO,16.12.2015,"307.288,24 € ",80%,Wildau,Deutschland,060 Forschungs- und Innovationstätigkeiten in öffentlichen Forschungseinrichtungen und Kompetenzzentren einschließlich Vernetzung
Technische Hochschule Wildau (FH) ,Innenbereichs-Ortungssystem basierend auf der Bildanalyse markanter Punkte (INNOMAP),08.03.2016,"417.925,90 € ",80%,Wildau,Deutschland,060 Forschungs- und Innovationstätigkeiten in öffentlichen Forschungseinrichtungen und Kompetenzzentren einschließlich Vernetzung
Technische Hochschule Wildau (FH) ,Lichtgesteuerte Kettenreaktionen für die Point-of-Care Diagnostik,01.01.2016,"412.128,49 € ",80%,Wildau,Deutschland,060 Forschungs- und Innovationstätigkeiten in öffentlichen Forschungseinrichtungen und Kompetenzzentren einschließlich Vernetzung
Technische Hochschule Wildau (FH) ,Companion Diagnostics von Wachstumshormonstörungen basierend auf  dem SOCS2-Komplex   SOCS2-CompDiag,01.01.2016,"374.228,37 € ",80%,Wildau,Deutschland,060 Forschungs- und Innovationstätigkeiten in öffentlichen Forschungseinrichtungen und Kompetenzzentren einschließlich Vernetzung
Technische Hochschule Wildau (FH) ,Wissens- und Technologietransfer an der TH Wildau 2015 - 2016 ,01.01.2015,"296.303,00 € ",80%,Wildau,Deutschland,"062 Technologietransfer und Zusammenarbeit zwischen Hochschulen und Unternehmen, vor allem zugunsten von KMU"
teleBITcom gmbh ,Vorbereitungsmaßnahmen der Produktvermarktung des SENBIT LAB II im Mittel- und Südosteuropäischen Raum,03.02.2016,"18.000,00 € ",80%,"Teltow, Stadt",Deutschland,066 Fortgeschrittene Unterstützungsdienste für KMU und KMU-Zusammenschlüsse
TMB Tourismus-Marketing Brandenburg GmbH,Clustermanagement Tourismus 2015 - 2017 ,01.01.2015,"1.891.578,00 € ",80%,"Potsdam, Stadt",Deutschland,"063 Förderung von Clustern und Unternehmensnetzen, vor allem zugunsten von KMU"
TTZ GmbH & Co. KG ,"Messeteilnahme: ""Chillventa 2016"" in Nürnberg ",15.06.2016,"6.829,45 € ",80%,"Königs Wusterhausen, Stadt",Deutschland,066 Fortgeschrittene Unterstützungsdienste für KMU und KMU-Zusammenschlüsse
UME-tec GmbH & Co. KG ,"Messeteilnahme: ""Industrial Automation/HANNOVER MESSE 2016"" in Hannover",30.09.2015,"13.796,40 € ",80%,"Eberswalde, Stadt",Deutschland,066 Fortgeschrittene Unterstützungsdienste für KMU und KMU-Zusammenschlüsse
Universität Potsdam ,"Spektroskop zur Messung von Oberflächenplasmonresonanz (surface plasmon resonance, SPR)",05.02.2016,"125.000,00 € ",80%,"Potsdam, Stadt",Deutschland,058 Forschungs- und Innovationsinfrastruktur (öffentlich)
Universität Potsdam ,Lebensmittelsicherheit und Verbraucherschutz durch hochsensitive Massenspektrometrie,01.02.2016,"198.000,00 € ",80%,Nuthetal,Deutschland,058 Forschungs- und Innovationsinfrastruktur (öffentlich)
Universität Potsdam ,Verbesserung der Fähigkeit zur Genomsequenzierung und Identifikation wirtschaftlich interessanter Gene und Genotypen,02.02.2016,"75.000,00 € ",80%,"Potsdam, Stadt",Deutschland,058 Forschungs- und Innovationsinfrastruktur (öffentlich)
Universität Potsdam ,Nachweis zur enzymatischen Produktion von Bioenergieträgern aus CO2 und CO,04.02.2016,"42.245,00 € ",80%,"Potsdam, Stadt",Deutschland,058 Forschungs- und Innovationsinfrastruktur (öffentlich)
Universität Potsdam ,Aufnahme- und Visualisationsinstrumente für die digitale Kartografie: Multi-Touch-Tabletop und Smart Digitizing Devices,04.02.2016,"45.116,00 € ",80%,"Potsdam, Stadt",Deutschland,058 Forschungs- und Innovationsinfrastruktur (öffentlich)
Universität Potsdam ,Multidimensionale Analytikplattform zur Charakterisierung von Nanopartikeln und -material (InnoNano),01.10.2016,"196.070,56 € ",80%,"Potsdam, Stadt",Deutschland,058 Forschungs- und Innovationsinfrastruktur (öffentlich)
Universität Potsdam ,Entwicklung eines Testsystems zur Bestimmung der Aktivität von Neurotoxinen und neuromodulatorischen Pharmaka,07.03.2016,"413.268,27 € ",80%,Nuthetal,Deutschland,060 Forschungs- und Innovationstätigkeiten in öffentlichen Forschungseinrichtungen und Kompetenzzentren einschließlich Vernetzung
Universität Potsdam ,Prävention und mobile Diagnostik bei Metabolischem Syndrom - eine regionale Kohorte,07.03.2016,"766.513,48 € ",80%,"Potsdam, Stadt",Deutschland,060 Forschungs- und Innovationstätigkeiten in öffentlichen Forschungseinrichtungen und Kompetenzzentren einschließlich Vernetzung
Universität Potsdam ,Wirtschaftsbezogener Wissens- und Technologietransfer an der Universität Potsdam 2015 - 2016,01.01.2015,"316.915,00 € ",80%,"Potsdam, Stadt",Deutschland,"062 Technologietransfer und Zusammenarbeit zwischen Hochschulen und Unternehmen, vor allem zugunsten von KMU"
Vakuplastic Kunststoff GmbH & Co. KG ,"Messeteilnahme: ""INTERSCHUTZ 2015"" in Hannover ",02.02.2015,"3.162,40 € ",80%,Schönefeld,Deutschland,066 Fortgeschrittene Unterstützungsdienste für KMU und KMU-Zusammenschlüsse
Vakuplastic Kunststoff GmbH & Co. KG ,"Messseteilnahme: ""FAKUMA 2015"" in Friedrichshafen ",23.06.2015,"3.674,50 € ",80%,Schönefeld,Deutschland,066 Fortgeschrittene Unterstützungsdienste für KMU und KMU-Zusammenschlüsse
Vakuplastic Kunststoff GmbH & Co. KG ,"Messeteilnahme: ""Industrial Supply 2016"" in Hannover ",01.12.2015,"7.135,00 € ",80%,Schönefeld,Deutschland,066 Fortgeschrittene Unterstützungsdienste für KMU und KMU-Zusammenschlüsse
Vakuplastic Kunststoff GmbH & Co. KG ,"Messeteilnahme: ""Internationale Zuliefermesse 2017"" in Leipzig ",23.06.2016,"3.485,75 € ",80%,Schönefeld,Deutschland,066 Fortgeschrittene Unterstützungsdienste für KMU und KMU-Zusammenschlüsse
Veinland GmbH ,"Messeteilnahme: ""SMM 2016"" in Hamburg ",15.10.2014,"22.200,00 € ",80%,Seddiner See,Deutschland,066 Fortgeschrittene Unterstützungsdienste für KMU und KMU-Zusammenschlüsse
Verband der GeoInformationswirtschaft Berlin/Brandenburg (GEOKOMM) e.V.,"Gemeinschaftsstand ""Intergeo 2015"" in Stuttgart ",20.05.2014,"47.545,35 € ",80%,"Potsdam, Stadt",Deutschland,066 Fortgeschrittene Unterstützungsdienste für KMU und KMU-Zusammenschlüsse
Voigt Andreas,"Messeteilnahme: ""Wetec 2016"" in Stuttgart ",16.06.2015,"24.133,20 € ",80%,"Spremberg, Stadt",Deutschland,066 Fortgeschrittene Unterstützungsdienste für KMU und KMU-Zusammenschlüsse
Wankel Super Tec GmbH ,"Messeteilnahme: ""Industrial Automation/HANNOVER MESSE 2016"" in Hannover",11.12.2015,"10.053,50 € ",80%,"Cottbus, Stadt",Deutschland,066 Fortgeschrittene Unterstützungsdienste für KMU und KMU-Zusammenschlüsse
waste2chemicals GmbH ,"Messeteilnahme: ""EuroTier 2016"" in Hannover ",19.01.2016,"23.436,00 € ",80%,"Eberswalde, Stadt",Deutschland,066 Fortgeschrittene Unterstützungsdienste für KMU und KMU-Zusammenschlüsse
Weise Ulrich,Einrichtung einer Betriebsstätte zur Herstellung von innovativen Produkten zur Trinkwassererzeugung,15.03.2016,"133.333,34 € ",80%,"Hennigsdorf, Stadt",Deutschland,"067 Entwicklung von KMU, Förderung von Unternehmertum und Gründerzentren"
Weiß & Weber GmbH ,"Messeteilnahme: ""Hannovermesse 2016"" in Hannover ",15.10.2015,"5.000,00 € ",80%,"Bad Wilsnack, Stadt",Deutschland,066 Fortgeschrittene Unterstützungsdienste für KMU und KMU-Zusammenschlüsse
Wilms Natascha,"Messeteilnahme: ""maison & objet 2015"" in Paris ",08.06.2015,"6.461,00 € ",80%,Eichwalde,Deutschland,066 Fortgeschrittene Unterstützungsdienste für KMU und KMU-Zusammenschlüsse
WP Systems GmbH ,"ProFIT Brb.: SkyServiceShop S3 - ein innovatives, mobiles und werkstattähnliches Rotorblattwartungssystem (AP 1,2,3,5,7,9)",07.10.2015,"545.703,23 € ",80%,"Ruhland, Stadt",Deutschland,064 Forschungs- und Innovationsprozesse in KMU
WP Systems GmbH ,"ProFIT Brandenburg: SkyServiceShop S3 - ein innovatives, mobiles und werkstattähnliches Rotorblattwartungssystem (AP13)",07.10.2015,"236.564,59 € ",80%,"Ruhland, Stadt",Deutschland,064 Forschungs- und Innovationsprozesse in KMU
WP Systems GmbH ,"ProFIT Brb.: SkyServiceShop S3 - ein innovatives, mobiles und werkstattähnliches Rotorblattwartungssystem (AP 4,6,8,10,11,12)",07.10.2015,"922.155,22 € ",80%,"Ruhland, Stadt",Deutschland,064 Forschungs- und Innovationsprozesse in KMU
WP Systems GmbH ,"Messeteilnahme: ""WindEnergy 2016"" in Hamburg ",03.03.2016,"19.157,80 € ",80%,"Ruhland, Stadt",Deutschland,066 Fortgeschrittene Unterstützungsdienste für KMU und KMU-Zusammenschlüsse
Ytterstone Sandsteintapete GmbH ,Errichtung einer Betriebsstätte zur Herstellung von bedruckter Sandsteintapete,21.07.2015,"133.333,34 € ",80%,"Treuenbrietzen, Stadt",Deutschland,"067 Entwicklung von KMU, Förderung von Unternehmertum und Gründerzentren"
Ytterstone Vertriebs GmbH ,"Messeteilnahme: ""bautec 2016"" in Berlin ",04.02.2016,"14.958,00 € ",80%,"Treuenbrietzen, Stadt",Deutschland,066 Fortgeschrittene Unterstützungsdienste für KMU und KMU-Zusammenschlüsse
ZAB ZukunftsAgentur Brandenburg GmbH ,Clusterkoordinierung und Initiierung von Innovationskooperationen in Brandenburg 2015 - 2017,01.01.2015,"14.075.985,40 € ",80%,"Potsdam, Stadt",Deutschland,"063 Förderung von Clustern und Unternehmensnetzen, vor allem zugunsten von KMU"
ZAB ZukunftsAgentur Brandenburg GmbH ,Unternehmensreise nach China 2015 ,24.02.2015,"115.600,00 € ",80%,"Potsdam, Stadt",Deutschland,066 Fortgeschrittene Unterstützungsdienste für KMU und KMU-Zusammenschlüsse
ZAB ZukunftsAgentur Brandenburg GmbH ,"Gemeinschaftsstand ""ILA 2016"" in Selchow ",09.07.2015,"130.000,00 € ",80%,"Potsdam, Stadt",Deutschland,066 Fortgeschrittene Unterstützungsdienste für KMU und KMU-Zusammenschlüsse
ZAB ZukunftsAgentur Brandenburg GmbH ,Unternehmensreise nach Südkorea 2015 ,19.08.2015,"147.500,00 € ",80%,"Potsdam, Stadt",Deutschland,066 Fortgeschrittene Unterstützungsdienste für KMU und KMU-Zusammenschlüsse
ZAB ZukunftsAgentur Brandenburg GmbH ,Unternehmensreise USA 2016 ,08.01.2016,"81.554,00 € ",80%,"Potsdam, Stadt",Deutschland,066 Fortgeschrittene Unterstützungsdienste für KMU und KMU-Zusammenschlüsse
ZAB ZukunftsAgentur Brandenburg GmbH ,Unternehmensreise Iran 2016 ,25.04.2016,"88.100,00 € ",80%,"Potsdam, Stadt",Deutschland,066 Fortgeschrittene Unterstützungsdienste für KMU und KMU-Zusammenschlüsse
ZEDAS GmbH ,"Messeteilnahme: ""AusRAIL PLUS 2015"" in Melbourne ",30.07.2015,"6.083,81 € ",80%,"Senftenberg, Stadt",Deutschland,066 Fortgeschrittene Unterstützungsdienste für KMU und KMU-Zusammenschlüsse
ZEDAS GmbH ,"Messeteilnahme: ""InnoTrans 2016"" in Berlin ",16.09.2015,"19.668,00 € ",80%,"Senftenberg, Stadt",Deutschland,066 Fortgeschrittene Unterstützungsdienste für KMU und KMU-Zusammenschlüsse
Zemmler Siebanlagen GmbH ,"Messeteilnahme: ""IFAT 2016"" in München ",20.08.2015,"12.816,80 € ",80%,"Großräschen, Stadt",Deutschland,066 Fortgeschrittene Unterstützungsdienste für KMU und KMU-Zusammenschlüsse
Zemmler Siebanlagen GmbH ,Einstellung eines Markterschließungsassistenten für die Zielländer Großbritanien/Irland und Italien,28.08.2015,"25.200,00 € ",80%,"Großräschen, Stadt",Deutschland,066 Fortgeschrittene Unterstützungsdienste für KMU und KMU-Zusammenschlüsse
Ziegler Ralf,"Messeteilnahme: ""LASER World of PHOTONICS"" 2015 in München ",28.05.2014,"5.448,10 € ",80%,Schulzendorf,Deutschland,066 Fortgeschrittene Unterstützungsdienste für KMU und KMU-Zusammenschlüsse
Ziegler Ralf,"Messeteilnahme: ""LASER World of PHOTONICS 2017"" in München ",26.06.2016,"7.000,00 € ",80%,Schulzendorf,Deutschland,066 Fortgeschrittene Unterstützungsdienste für KMU und KMU-Zusammenschlüsse
